word	pos	group	emoji	ipa	vi	en	ex	syn
ability	noun	goals	💪	/əˈbɪləti/	khả năng, năng lực	the skill or power to do something	She has the ability to learn languages quickly.	skill, talent
abroad	adverb	trips	🌍	/əˈbrɔːd/	ở nước ngoài	in or to another country	I want to study abroad next year.	overseas
absent	adjective	school_life	🚫	/ˈæbsənt/	vắng mặt	not in the place where you should be	Three students were absent today.	away
absolutely	adverb	adv_degree	💯	/ˌæbsəˈluːtli/	hoàn toàn, tuyệt đối	completely	You're absolutely right.	completely, totally
accent	noun	language	🗣️	/ˈæksənt/	giọng (vùng miền)	the way people from a place pronounce words	She speaks English with a Scottish accent.	—
accept	verb	v_social	🤝	/əkˈsept/	chấp nhận	to agree to take something or agree with something	I accepted his invitation.	agree to
acceptable	adjective	judging	👌	/əkˈseptəbəl/	có thể chấp nhận được	good enough or allowed	Is it acceptable to wear jeans to work?	suitable
access	noun	tech	🔓	/ˈækses/	quyền truy cập, lối vào	the chance or right to use or enter something	Do you have internet access at home?	entry
accompany	verb	v_social	🚶	/əˈkʌmpəni/	đi cùng, hộ tống	to go somewhere with someone	My mum accompanied me to the hospital.	go with
account	noun	money	🏦	/əˈkaʊnt/	tài khoản	an arrangement with a bank or website to keep money or information	I opened a bank account.	—
accountant	noun	jobs_pro	🧮	/əˈkaʊntənt/	kế toán	a person whose job is to keep financial records	My aunt is an accountant.	—
accurate	adjective	judging	🎯	/ˈækjərɪt/	chính xác	correct and exact	The weather forecast was accurate.	exact, correct
ache	noun	illness	🤕	/eɪk/	cơn đau âm ỉ	a pain that continues for a long time	I have an ache in my back.	pain
achieve	verb	v_change	🏆	/əˈtʃiːv/	đạt được	to succeed in doing something after trying hard	She achieved her goal of running a marathon.	reach, accomplish
achievement	noun	goals	🏅	/əˈtʃiːvmənt/	thành tích, thành tựu	something good you have done with effort	Passing the exam was a great achievement.	success
active	adjective	character_good	🏃	/ˈæktɪv/	năng động, tích cực	always busy and moving	My grandma is still very active.	energetic
actress	noun	film_tv	🎭	/ˈæktrɪs/	nữ diễn viên	a woman who acts in films or plays	She is a famous actress.	actor
addition	noun	numbers	➕	/əˈdɪʃən/	phép cộng; sự thêm vào	adding numbers, or something added	In addition to English, she speaks French.	—
admire	verb	feelings_good	😍	/ədˈmaɪə/	ngưỡng mộ	to respect and like someone or something	I admire my teacher very much.	respect, look up to
admission	noun	money	🎟️	/ədˈmɪʃən/	phí vào cửa; sự nhận vào	the money you pay to enter a place	Admission is free for children.	entry
admit	verb	formal	🙋	/ədˈmɪt/	thừa nhận	to agree that something bad is true	He admitted that he was wrong.	confess
advance	noun	goals	⏩	/ədˈvɑːns/	sự tiến bộ; trước (in advance)	progress, or earlier than a time	Book your tickets in advance.	progress
advantage	noun	choices	✅	/ədˈvɑːntɪdʒ/	lợi thế, ưu điểm	something that helps you	Living in the city has many advantages.	benefit
advertise	verb	products	📢	/ˈædvətaɪz/	quảng cáo	to tell people about a product so they buy it	They advertise on TV.	promote
advise	verb	asking	💬	/ədˈvaɪz/	khuyên	to tell someone what you think they should do	The doctor advised me to rest.	recommend
affect	verb	v_change	🌀	/əˈfekt/	ảnh hưởng	to cause a change in something	The weather affects my mood.	influence
afford	verb	money	💰	/əˈfɔːd/	có đủ tiền (mua)	to have enough money to buy something	I can't afford a new car.	—
agency	noun	business	🏢	/ˈeɪdʒənsi/	đại lí, cơ quan	a business that provides a service	I booked the trip through a travel agency.	—
ages	noun	time	⏳	/ˈeɪdʒɪz/	rất lâu	a very long time	I haven't seen you for ages!	a long time
ahead	adverb	adv_place	⏩	/əˈhed/	phía trước	in front, or in the future	Go straight ahead.	forward
aim	noun, verb	goals	🎯	/eɪm/	mục tiêu; nhắm tới	a purpose or goal	My aim is to become a doctor.	goal, target
air conditioning	noun	house	❄️	/ˈeə kəndɪʃənɪŋ/	máy điều hoà	a system that keeps the air in a building cool	The hotel room has air conditioning.	AC
air force	noun	war	✈️	/ˈeə fɔːs/	không quân	the part of an army that uses planes	My grandfather was in the air force.	—
airline	noun	transport	🛫	/ˈeəlaɪn/	hãng hàng không	a company that flies planes	Which airline are you flying with?	—
alarm	noun	household	🚨	/əˈlɑːm/	chuông báo động	a device that makes a loud noise as a warning	The fire alarm went off.	—
alike	adverb	qualities	👯	/əˈlaɪk/	giống nhau	in the same way; similar	The twins look alike.	similar
alive	adjective	plants	🌱	/əˈlaɪv/	còn sống	living, not dead	Is the fish still alive?	living
aloud	adverb	adv_place	🔊	/əˈlaʊd/	thành tiếng, to	in a voice that others can hear	Read the text aloud.	out loud
alphabet	noun	language	🔤	/ˈælfəbet/	bảng chữ cái	all the letters of a language in order	There are 26 letters in the English alphabet.	—
altogether	adverb	adv_place	🧮	/ˌɔːltəˈɡeðə/	tổng cộng; hoàn toàn	in total; completely	That's twenty pounds altogether.	in total
ambition	noun	goals	🚀	/æmˈbɪʃən/	hoài bão	a strong wish to achieve something	Her ambition is to become a pilot.	dream, goal
amount	noun	numbers	⚖️	/əˈmaʊnt/	số lượng	how much of something there is	A large amount of money was stolen.	quantity
amusing	adjective	praise	😄	/əˈmjuːzɪŋ/	thú vị, buồn cười	funny and entertaining	He told an amusing story.	funny
ancient	adjective	qualities	🏛️	/ˈeɪnʃənt/	cổ xưa	very old, from long ago	We visited an ancient temple.	old
ankle	noun	body	🦶	/ˈæŋkəl/	mắt cá chân	the joint between your foot and leg	I twisted my ankle.	—
anniversary	noun	wedding	💐	/ˌænɪˈvɜːsəri/	ngày kỉ niệm	a date when something important happened in an earlier year	It's my parents' wedding anniversary.	—
announce	verb	formal	📣	/əˈnaʊns/	thông báo	to tell people something officially	They announced the winner.	declare
announcement	noun	formal	📢	/əˈnaʊnsmənt/	lời thông báo	an official statement	Listen to the announcement.	notice
annoy	verb	feelings_sad	😤	/əˈnɔɪ/	làm phiền, làm bực mình	to make someone a little angry	His loud music annoys me.	bother, irritate
annoyed	adjective	feelings_sad	😒	/əˈnɔɪd/	bực mình	a little angry	I was annoyed because he was late.	irritated
annual	adjective	time	📅	/ˈænjuəl/	hằng năm	happening once a year	The annual festival is in May.	yearly
answerphone	noun	formal	📞	/ˈɑːnsəfəʊn/	máy trả lời tự động	a machine that records phone messages	Leave a message on the answerphone.	answering machine
ant	noun	animals	🐜	/ænt/	con kiến	a very small insect that lives in large groups	There are ants in the kitchen.	—
antique	adjective, noun	house	🏺	/ænˈtiːk/	đồ cổ	old and valuable	She collects antique clocks.	—
anxious	adjective	feelings_fear	😰	/ˈæŋkʃəs/	lo âu	worried and nervous	I'm anxious about the interview.	worried, nervous
apart	adverb	adv_place	↔️	/əˈpɑːt/	cách nhau, riêng ra	separated by a distance	The two towns are 10 km apart.	—
apart from	preposition	adv_link	➖	/əˈpɑːt frɒm/	ngoại trừ	except for	Apart from Tom, everyone came.	except
apologise	verb	formal	🙇	/əˈpɒlədʒaɪz/	xin lỗi	to say sorry	He apologised for being late.	say sorry
apology	noun	formal	🙏	/əˈpɒlədʒi/	lời xin lỗi	words saying you are sorry	Please accept my apology.	—
appear	verb	v_change	✨	/əˈpɪə/	xuất hiện; có vẻ	to start to be seen; to seem	A rainbow appeared in the sky.	seem
appearance	noun	looks	🪞	/əˈpɪərəns/	ngoại hình; sự xuất hiện	the way someone or something looks	She cares a lot about her appearance.	look
application	noun	career	📝	/ˌæplɪˈkeɪʃən/	đơn xin; ứng dụng	a formal request, or a computer program	I sent my job application yesterday.	—
apply	verb	career	✍️	/əˈplaɪ/	nộp đơn, xin	to ask formally for something, like a job	She applied for a job at the bank.	—
approach	verb	v_action	🚶	/əˈprəʊtʃ/	tiến lại gần	to come near	The train is approaching the station.	come near
approve	verb	v_social	👍	/əˈpruːv/	tán thành, phê duyệt	to think something is good or to officially agree to it	My parents don't approve of my plan.	agree
approximately	adverb	adv_place	≈	/əˈprɒksɪmətli/	khoảng chừng	about, close to	It takes approximately two hours.	about
architect	noun	jobs_pro	📐	/ˈɑːkɪtekt/	kiến trúc sư	a person who designs buildings	The architect designed a modern house.	—
architecture	noun	town	🏛️	/ˈɑːkɪtektʃə/	kiến trúc	the design of buildings	I love the architecture in Paris.	—
argue	verb	talking	🗯️	/ˈɑːɡjuː/	tranh cãi	to speak angrily with someone who disagrees	My brothers always argue.	quarrel
argument	noun	talking	💢	/ˈɑːɡjəmənt/	cuộc cãi vã; lập luận	an angry disagreement	They had an argument about money.	quarrel
arithmetic	noun	numbers	🧮	/əˈrɪθmətɪk/	số học	using numbers to add, subtract, etc.	I'm good at arithmetic.	maths
army	noun	war	🪖	/ˈɑːmi/	quân đội	the soldiers of a country	My uncle joined the army.	—
arrange	verb	v_mind	🗂️	/əˈreɪndʒ/	sắp xếp	to plan or organise something	I arranged a meeting for Monday.	organise
arrangement	noun	ideas	📋	/əˈreɪndʒmənt/	sự sắp xếp	a plan made for something	We made arrangements for the trip.	plan
arrest	verb	law	🚓	/əˈrest/	bắt giữ	when the police take someone away because of a crime	The police arrested the thief.	—
arrival	noun	airport	🛬	/əˈraɪvəl/	sự đến nơi	the act of arriving	The arrival time is 6 pm.	—
as long as	conjunction	adv_link	🤝	/əz ˈlɒŋ əz/	miễn là	only if	You can go out as long as you're home by ten.	provided that
ashamed	adjective	feelings_sad	😳	/əˈʃeɪmd/	xấu hổ	feeling bad about something you did	I'm ashamed of what I said.	embarrassed
asleep	adjective	treatment	😴	/əˈsliːp/	đang ngủ	sleeping	The baby is asleep.	sleeping
aspirin	noun	treatment	💊	/ˈæsprɪn/	thuốc aspirin	a common medicine for pain	Take an aspirin for your headache.	painkiller
assist	verb	v_social	🤝	/əˈsɪst/	hỗ trợ	to help	Can I assist you?	help
astronaut	noun	jobs_pro	👩‍🚀	/ˈæstrənɔːt/	phi hành gia	a person who travels into space	She wants to be an astronaut.	—
athlete	noun	sport_comp	🏃	/ˈæθliːt/	vận động viên	a person who is good at sports	He is an Olympic athlete.	sportsperson
athletics	noun	sport_types	🏅	/æθˈletɪks/	điền kinh	sports like running and jumping	She does athletics at school.	track and field
atmosphere	noun	ideas	🎈	/ˈætməsfɪə/	bầu không khí	the feeling of a place	The party had a great atmosphere.	mood
attach	verb	tech	📎	/əˈtætʃ/	đính kèm, gắn	to fix or join something to something else	I attached the photo to the email.	—
attack	noun, verb	war	⚔️	/əˈtæk/	tấn công; cuộc tấn công	to try to hurt someone	The dog attacked the cat.	—
attempt	verb	v_change	🎯	/əˈtempt/	cố gắng, thử	to try to do something difficult	He attempted to climb the mountain.	try
attend	verb	school_life	🏫	/əˈtend/	tham dự	to go to an event or a school	I attend English classes twice a week.	go to
attention	noun	ideas	👀	/əˈtenʃən/	sự chú ý	watching or listening carefully	Pay attention to the teacher.	—
attitude	noun	behaviour	🙂	/ˈætɪtjuːd/	thái độ	how you think or feel about something	She has a positive attitude.	—
attract	verb	v_change	🧲	/əˈtrækt/	thu hút	to make someone interested	The festival attracts many tourists.	draw
attraction	noun	trips	🎡	/əˈtrækʃən/	điểm tham quan	a place people like to visit	The castle is the main tourist attraction.	sight
audience	noun	film_tv	👥	/ˈɔːdiəns/	khán giả	the people who watch or listen to a show	The audience clapped loudly.	viewers
author	noun	books	✍️	/ˈɔːθə/	tác giả	a person who writes books	Who is the author of this book?	writer
average	adjective, noun	numbers	📊	/ˈævrɪdʒ/	trung bình	normal or usual; the middle amount	The average temperature is 25 degrees.	—
avoid	verb	v_mind	🙅	/əˈvɔɪd/	tránh	to stay away from something	Avoid eating too much sugar.	—
awake	adjective	treatment	👁️	/əˈweɪk/	thức	not sleeping	Are you still awake?	—
babysit	verb	family_rel	👶	/ˈbeɪbisɪt/	trông trẻ	to look after children while their parents are out	I babysit my neighbour's kids.	—
babysitter	noun	jobs_service	🍼	/ˈbeɪbisɪtə/	người trông trẻ	a person who looks after children	We need a babysitter for Saturday.	—
background	noun	ideas	🖼️	/ˈbækɡraʊnd/	nền; lai lịch	the area behind the main thing; someone's past	There are mountains in the background.	—
backpacker	noun	trips	🎒	/ˈbækpækə/	dân du lịch ba lô	a person who travels cheaply with a backpack	The hostel is full of backpackers.	—
backpacking	noun	trips	🥾	/ˈbækpækɪŋ/	du lịch ba lô	travelling cheaply with a backpack	We went backpacking in Asia.	—
backwards	adverb	adv_place	⏪	/ˈbækwədz/	về phía sau	towards the back	Take a step backwards.	back
baggage	noun	airport	🧳	/ˈbæɡɪdʒ/	hành lí	bags you take on a trip	Where can I collect my baggage?	luggage
baker	noun	jobs_service	🥐	/ˈbeɪkə/	thợ làm bánh	a person who makes and sells bread	The baker makes fresh bread every morning.	—
balcony	noun	house	🏠	/ˈbælkəni/	ban công	a platform outside a window of an upper floor	We have breakfast on the balcony.	—
bald	adjective	looks	👨‍🦲	/bɔːld/	hói	having little or no hair on the head	My grandfather is bald.	—
ballet	noun	music_arts	🩰	/ˈbæleɪ/	múa ba lê	a type of dance that tells a story	She has been doing ballet since she was five.	—
bandage	noun	treatment	🩹	/ˈbændɪdʒ/	băng gạc	a strip of cloth to cover an injury	The nurse put a bandage on my arm.	—
bank account	noun	money	🏦	/ˈbæŋk əkaʊnt/	tài khoản ngân hàng	an arrangement to keep money in a bank	I have a bank account.	account
banker	noun	jobs_pro	💼	/ˈbæŋkə/	nhân viên ngân hàng	a person who works in a bank	Her father is a banker.	—
banking	noun	money	🏦	/ˈbæŋkɪŋ/	ngành ngân hàng	the business of banks	He works in banking.	finance
bar	noun	snacks	🍫	/bɑː/	thanh, thỏi; quán bar	a long piece of something; a place to buy drinks	I ate a bar of chocolate.	—
barber	noun	jobs_service	💈	/ˈbɑːbə/	thợ cắt tóc nam	a person who cuts men's hair	I go to the barber every month.	hairdresser
bargain	noun	products	🏷️	/ˈbɑːɡɪn/	món hời	something bought for less than its usual price	This coat was a real bargain.	good deal
base on	phrasal verb	ph_events	🏗️	/ˈbeɪs ɒn/	dựa trên	to use something as the starting point	The film is based on a true story.	—
basic	adjective	qualities	🔰	/ˈbeɪsɪk/	cơ bản	simple, the most important part	I only know basic Spanish.	simple
basin	noun	house	🚰	/ˈbeɪsɪn/	bồn rửa mặt	a bowl for washing your hands and face	Wash your hands in the basin.	sink
basket	noun	shops	🧺	/ˈbɑːskɪt/	cái giỏ	a container made of thin strips, for carrying things	She put the apples in a basket.	—
battle	noun	war	⚔️	/ˈbætəl/	trận chiến	a fight between armies	The battle lasted for three days.	fight
bay	noun	landforms	🏖️	/beɪ/	vịnh	a part of the coast where the land curves in	Ha Long Bay is very famous.	—
be over	phrasal verb	ph_events	🏁	/bi ˈəʊvə/	kết thúc	to finish	The film is over.	end
beat	verb	sport_comp	🥊	/biːt/	đánh bại; đập	to win against someone; to hit many times	Our team beat them 3–1.	defeat
beauty	noun	looks	🌺	/ˈbjuːti/	vẻ đẹp	the quality of being beautiful	The beauty of the island is amazing.	—
beef	noun	ingredients	🥩	/biːf/	thịt bò	meat from a cow	I don't eat beef.	—
behave	verb	behaviour	😇	/bɪˈheɪv/	cư xử	to act in a particular way	Please behave yourself!	act
behaviour	noun	behaviour	🙂	/bɪˈheɪvjə/	hành vi, cách cư xử	the way someone acts	His behaviour in class was very good.	conduct
bell	noun	school_life	🔔	/bel/	cái chuông	a metal object that rings	The school bell rings at 8 o'clock.	—
benefit	noun, verb	choices	✅	/ˈbenɪfɪt/	lợi ích; có lợi	an advantage or help	Exercise has many benefits.	advantage
bestseller	noun	books	📚	/ˌbestˈselə/	sách bán chạy	a very popular book	Her new novel is a bestseller.	—
biography	noun	books	📖	/baɪˈɒɡrəfi/	tiểu sử	a book about someone's life	I read a biography of Steve Jobs.	—
biscuit	noun	snacks	🍪	/ˈbɪskɪt/	bánh quy	a small, flat, dry cake	Would you like a biscuit with your tea?	cookie
bite	verb	animals	🦷	/baɪt/	cắn	to cut with your teeth	Be careful, the dog bites.	—
bitter	adjective	kitchen	☕	/ˈbɪtə/	đắng	having a strong, sharp taste	This coffee is very bitter.	—
blame	verb	formal	👉	/bleɪm/	đổ lỗi	to say someone did something wrong	Don't blame me!	—
blank	adjective	study	⬜	/blæŋk/	trống, để trắng	without writing or pictures	Write your answer in the blank space.	empty
bleed	verb	illness	🩸	/bliːd/	chảy máu	to lose blood	My nose is bleeding.	—
blind	adjective	illness	🦯	/blaɪnd/	mù	not able to see	The blind man walked with a dog.	—
blogger	noun	tech	💻	/ˈblɒɡə/	người viết blog	a person who writes a blog	She's a famous food blogger.	—
blow	verb	weather	🌬️	/bləʊ/	thổi	to move air, like the wind	The wind is blowing hard.	—
boarding pass	noun	airport	🎫	/ˈbɔːdɪŋ pɑːs/	thẻ lên máy bay	a card you need to get on a plane	Please show your boarding pass.	—
bold	adjective	character_good	🦁	/bəʊld/	táo bạo; (chữ) đậm	brave and confident; thick and dark (text)	That was a bold decision.	brave
bomb	noun, verb	war	💣	/bɒm/	quả bom; ném bom	a weapon that explodes	The bomb destroyed the bridge.	—
bone	noun	body	🦴	/bəʊn/	xương	one of the hard parts inside your body	He broke a bone in his leg.	—
booking	noun	airport	📅	/ˈbʊkɪŋ/	sự đặt chỗ	an arrangement to have a seat or room	I made a booking for two nights.	reservation
booking office	noun	airport	🎫	/ˈbʊkɪŋ ɒfɪs/	phòng bán vé	a place where you buy tickets	Buy your tickets at the booking office.	ticket office
bookshop	noun	town	📚	/ˈbʊkʃɒp/	hiệu sách	a shop that sells books	There's a nice bookshop near my house.	bookstore
border	noun	airport	🛂	/ˈbɔːdə/	biên giới	the line between two countries	We crossed the border into France.	frontier
bossy	adjective	character_bad	👑	/ˈbɒsi/	hách dịch	always telling other people what to do	My older sister is very bossy.	—
bottle bank	noun	environment	♻️	/ˈbɒtəl bæŋk/	thùng thu gom chai lọ	a large container for used glass bottles	Take the empty bottles to the bottle bank.	—
boxing	noun	sport_types	🥊	/ˈbɒksɪŋ/	quyền anh	a sport where two people fight with their hands	He does boxing at the gym.	—
brake	noun, verb	transport	🛑	/breɪk/	phanh; phanh lại	the part of a vehicle that makes it stop	The driver hit the brakes.	—
branch	noun	plants	🌿	/brɑːntʃ/	cành cây; chi nhánh	a part of a tree; one office of a company	A bird is sitting on the branch.	—
brand new	adjective	qualities	✨	/ˌbrænd ˈnjuː/	mới tinh	completely new	He has a brand new car.	—
break in	phrasal verb	ph_events	🥷	/ˌbreɪk ˈɪn/	đột nhập	to enter a building illegally	Someone broke in and stole my laptop.	—
break up	phrasal verb	ph_people	💔	/ˌbreɪk ˈʌp/	chia tay; nghỉ học	to end a relationship; to finish school for a holiday	They broke up last year.	split up
breath	noun	body	💨	/breθ/	hơi thở	the air that goes in and out of your body	Take a deep breath.	—
breathe	verb	body	😮‍💨	/briːð/	thở	to take air in and out of your body	Breathe slowly.	—
breeze	noun	weather	🍃	/briːz/	làn gió nhẹ	a light wind	There's a nice cool breeze.	wind
bride	noun	wedding	👰	/braɪd/	cô dâu	a woman on her wedding day	The bride looked beautiful.	—
brief	adjective	qualities	⏱️	/briːf/	ngắn gọn	short	He gave a brief speech.	short
bright	adjective	qualities	🌞	/braɪt/	sáng; thông minh	full of light; clever	It's a bright sunny day.	—
bring up	phrasal verb	ph_people	👶	/ˌbrɪŋ ˈʌp/	nuôi nấng; đề cập	to look after a child until adult; to mention	She was brought up by her grandparents.	raise
broad	adjective	size_shape	↔️	/brɔːd/	rộng	wide	He has broad shoulders.	wide
broccoli	noun	ingredients	🥦	/ˈbrɒkli/	bông cải xanh	a green vegetable with a thick stem	Eat your broccoli!	—
brochure	noun	trips	📰	/ˈbrəʊʃə/	tập quảng cáo	a thin book with information and pictures	I picked up a holiday brochure.	leaflet
bucket	noun	household	🪣	/ˈbʌkɪt/	cái xô	a round open container with a handle	Fill the bucket with water.	—
bug	noun	animals	🐛	/bʌɡ/	con bọ; lỗi phần mềm	a small insect; a fault in a computer program	There's a bug in the program.	insect
bulb	noun	household	💡	/bʌlb/	bóng đèn	the glass part of a lamp that gives light	The bulb needs changing.	light bulb
bull	noun	animals	🐂	/bʊl/	bò đực	a male cow	The bull is very strong.	—
bunch	noun	products	💐	/bʌntʃ/	bó, chùm	a group of things together	He gave me a bunch of flowers.	—
burn	verb	v_action	🔥	/bɜːn/	đốt cháy; bị bỏng	to be on fire; to damage with fire	Don't burn the toast!	—
burning	adjective	qualities	🔥	/ˈbɜːnɪŋ/	đang cháy	on fire	There's a smell of something burning.	—
bury	verb	v_action	⚰️	/ˈberi/	chôn	to put something in the ground	The dog buried its bone.	—
bush	noun	plants	🌳	/bʊʃ/	bụi cây	a small tree with many branches	The cat is hiding in the bush.	shrub
butcher	noun	jobs_service	🔪	/ˈbʊtʃə/	người bán thịt	a person who sells meat	I bought some beef at the butcher's.	—
button	noun	garments	🔘	/ˈbʌtən/	khuy áo; nút bấm	a small round thing on clothes; a thing you press	Press the red button.	—
buyer	noun	products	🛒	/ˈbaɪə/	người mua	a person who buys something	They found a buyer for their house.	customer
cab	noun	transport	🚕	/kæb/	xe taxi	a taxi	Let's take a cab.	taxi
cabbage	noun	ingredients	🥬	/ˈkæbɪdʒ/	bắp cải	a large round green vegetable	I made a cabbage salad.	—
cabin	noun	transport	🛖	/ˈkæbɪn/	khoang; căn nhà gỗ nhỏ	a room on a ship or plane; a small wooden house	The cabin crew served drinks.	—
cable	noun	tech	🔌	/ˈkeɪbəl/	dây cáp	a wire that carries electricity or signals	Connect the cable to the TV.	wire
calculator	noun	study	🧮	/ˈkælkjəleɪtə/	máy tính bỏ túi	a small machine for doing sums	You can use a calculator in the exam.	—
calf	noun	animals	🐄	/kɑːf/	con bê	a young cow	The calf is drinking milk.	—
call for	phrasal verb	ph_people	📞	/ˈkɔːl fə/	đến đón; đòi hỏi	to go and collect someone; to need	I'll call for you at seven.	—
call in	phrasal verb	ph_people	🏠	/ˌkɔːl ˈɪn/	ghé thăm	to visit briefly	I'll call in on my way home.	drop by
calm	adjective	feelings_good	😌	/kɑːm/	bình tĩnh	relaxed and not worried	Stay calm and listen.	relaxed
canal	noun	town	🛶	/kəˈnæl/	kênh đào	a long waterway made by people	Venice is famous for its canals.	—
cancel	verb	v_change	❌	/ˈkænsəl/	huỷ	to say that something will not happen	The flight was cancelled.	call off
candidate	noun	school_life	🙋	/ˈkændɪdət/	thí sinh, ứng viên	a person taking an exam or applying for a job	Candidates must write in pen.	applicant
candle	noun	household	🕯️	/ˈkændəl/	cây nến	a stick of wax that gives light when burning	She lit a candle.	—
canteen	noun	school_life	🍽️	/kænˈtiːn/	căng tin	a place in a school or office where people eat	We have lunch in the canteen.	cafeteria
captain	noun	sport_comp	©️	/ˈkæptɪn/	đội trưởng; thuyền trưởng	the leader of a team or ship	He is the captain of the football team.	leader
car park	noun	town	🅿️	/ˈkɑː pɑːk/	bãi đỗ xe	a place where you leave your car	The car park is full.	parking lot
cardboard	noun, adjective	household	📦	/ˈkɑːdbɔːd/	bìa các-tông	thick stiff paper	Put it in a cardboard box.	—
care	noun, verb	v_social	🤲	/keə/	sự chăm sóc; quan tâm	looking after someone; to feel it is important	I don't care what they think.	—
careless	adjective	character_bad	🙈	/ˈkeələs/	bất cẩn	not careful	He made a careless mistake.	—
carry on	phrasal verb	ph_events	⏩	/ˌkæri ˈɒn/	tiếp tục	to continue	Carry on reading.	continue
carry out	phrasal verb	ph_events	🔬	/ˌkæri ˈaʊt/	tiến hành, thực hiện	to do a task	They carried out an experiment.	do, perform
cash machine	noun	money	🏧	/ˈkæʃ məʃiːn/	máy rút tiền	a machine where you get money from your bank	Is there a cash machine near here?	cashpoint, ATM
cashpoint	noun	money	🏧	/ˈkæʃpɔɪnt/	máy ATM	a cash machine	I'll get some money from the cashpoint.	cash machine
casual	adjective	fashion	👟	/ˈkæʒuəl/	thường ngày, thoải mái	comfortable and not formal	I wear casual clothes at weekends.	informal
cathedral	noun	town	⛪	/kəˈθiːdrəl/	nhà thờ lớn	a large important church	We visited the cathedral in the old town.	—
cattle	noun	animals	🐄	/ˈkætəl/	gia súc (bò)	cows kept on a farm	The farmer has 200 cattle.	cows
cave	noun	landforms	🕳️	/keɪv/	hang động	a large hole in a mountain or under the ground	We explored a huge cave.	—
celebration	noun	wedding	🎊	/ˌseləˈbreɪʃən/	lễ kỉ niệm	a party or event for a special day	There was a big celebration after the match.	party
central	adjective	town	🎯	/ˈsentrəl/	ở trung tâm	in the middle	The hotel is in central London.	—
central heating	noun	house	♨️	/ˈsentrəl hiːtɪŋ/	hệ thống sưởi trung tâm	a system that heats the whole building	Our flat has central heating.	—
ceremony	noun	wedding	💒	/ˈserɪməni/	buổi lễ	a formal event	The wedding ceremony was beautiful.	—
certain	adjective	judging	✔️	/ˈsɜːtən/	chắc chắn; nhất định	sure; particular	I'm certain he will come.	sure
certificate	noun	school_life	📜	/səˈtɪfɪkɪt/	chứng chỉ	an official document that shows you passed a course	I got a certificate for the course.	diploma
challenge	noun, verb	goals	🧗	/ˈtʃælɪndʒ/	thử thách; thách thức	something difficult that tests you	Learning a language is a challenge.	—
challenging	adjective	judging	🧗	/ˈtʃælɪndʒɪŋ/	đầy thử thách	difficult but interesting	It's a challenging job.	difficult
champion	noun	sport_comp	🏆	/ˈtʃæmpiən/	nhà vô địch	the winner of a competition	She is the world tennis champion.	winner
championship	noun	sport_comp	🥇	/ˈtʃæmpiənʃɪp/	giải vô địch	a competition to find the best	They won the championship.	tournament
chance	noun	choices	🎲	/tʃɑːns/	cơ hội; khả năng	an opportunity; how likely something is	This is your last chance.	opportunity
changing room	noun	shops	🚪	/ˈtʃeɪndʒɪŋ ruːm/	phòng thay đồ	a room where you try on clothes or change for sport	The changing rooms are over there.	fitting room
chapter	noun	books	📑	/ˈtʃæptə/	chương (sách)	a part of a book	I read the first chapter.	—
charge	noun, verb	money	💳	/tʃɑːdʒ/	phí; tính phí; sạc	the money you pay for a service; to fill with electricity	There's no charge for children. / Charge your phone.	fee
charity	noun	society	💝	/ˈtʃærəti/	tổ chức từ thiện	an organisation that helps people in need	She gives money to charity.	—
charming	adjective	praise	😊	/ˈtʃɑːmɪŋ/	duyên dáng, quyến rũ	very pleasant and attractive	It's a charming little village.	lovely
chat show	noun	film_tv	🎙️	/ˈtʃæt ʃəʊ/	chương trình trò chuyện	a TV show where famous people are interviewed	He was a guest on a chat show.	talk show
cheat	verb	character_bad	🃏	/tʃiːt/	gian lận	to act dishonestly to win	He cheated in the exam.	—
check in	phrasal verb	ph_daily	🛎️	/ˌtʃek ˈɪn/	làm thủ tục (khách sạn, sân bay)	to show your ticket or give your name when you arrive	We checked in at the hotel.	—
check out	phrasal verb	ph_daily	🏨	/ˌtʃek ˈaʊt/	trả phòng; xem thử	to leave a hotel; to look at something	We checked out at noon.	—
check-in	noun	airport	🧾	/ˈtʃekɪn/	quầy làm thủ tục	the place where you check in at an airport	The check-in opens two hours before the flight.	—
checkout	noun	shops	🛒	/ˈtʃekaʊt/	quầy thanh toán	the place where you pay in a supermarket	There was a long queue at the checkout.	till
cheek	noun	body	😊	/tʃiːk/	má	the side of your face below the eye	She kissed him on the cheek.	—
cheerful	adjective	character_good	😄	/ˈtʃɪəfəl/	vui vẻ	happy and positive	She's always cheerful.	happy
chemist	noun	jobs_service	💊	/ˈkemɪst/	dược sĩ; hiệu thuốc	a person or shop that sells medicine	I bought some medicine at the chemist's.	pharmacist
chest of drawers	noun	house	🗄️	/ˈtʃest əv drɔːəz/	tủ ngăn kéo	a piece of furniture with drawers for clothes	My socks are in the chest of drawers.	—
childhood	noun	family_rel	🧸	/ˈtʃaɪldhʊd/	thời thơ ấu	the time when you are a child	I had a happy childhood.	—
chill out	phrasal verb	ph_daily	😎	/ˌtʃɪl ˈaʊt/	thư giãn	to relax	Let's chill out at home tonight.	relax
chin	noun	body	🧔	/tʃɪn/	cằm	the part of your face below your mouth	He has a scar on his chin.	—
chip	noun	snacks	🍟	/tʃɪp/	khoai tây chiên	a long thin piece of fried potato	Fish and chips, please.	French fry
choice	noun	choices	🔀	/tʃɔɪs/	sự lựa chọn	the act of choosing, or things to choose from	You have a choice of three desserts.	option
clap	verb	film_tv	👏	/klæp/	vỗ tay	to hit your hands together to show you liked something	The audience clapped.	applaud
cliff	noun	landforms	🧗	/klɪf/	vách đá	a high steep rock, often by the sea	The house is on top of a cliff.	—
climate	noun	weather	🌡️	/ˈklaɪmɪt/	khí hậu	the usual weather of a place	The climate here is hot and wet.	—
climate change	noun	environment	🌍	/ˈklaɪmɪt tʃeɪndʒ/	biến đổi khí hậu	changes in the world's weather caused by people	Climate change is a big problem.	global warming
clinic	noun	treatment	🏥	/ˈklɪnɪk/	phòng khám	a place where people get medical help	I went to the clinic for a check-up.	—
clothing	noun	garments	👚	/ˈkləʊðɪŋ/	quần áo (nói chung)	clothes	Bring warm clothing.	clothes
coconut	noun	ingredients	🥥	/ˈkəʊkənʌt/	quả dừa	a large nut with white flesh and milk inside	I love coconut water.	—
cod	noun	ingredients	🐟	/kɒd/	cá tuyết	a large sea fish that people eat	We had cod and chips.	—
coin	noun	money	🪙	/kɔɪn/	đồng xu	a small piece of metal money	I found a coin on the floor.	—
collar	noun	garments	👔	/ˈkɒlə/	cổ áo	the part of a shirt around your neck	His shirt collar was dirty.	—
collection	noun	hobbies	🗃️	/kəˈlekʃən/	bộ sưu tập	a group of similar things kept together	He has a big stamp collection.	—
colourful	adjective	qualities	🌈	/ˈkʌləfəl/	nhiều màu sắc	having many bright colours	She wore a colourful dress.	bright
come on	phrasal verb	ph_daily	📣	/ˌkʌm ˈɒn/	nhanh lên, cố lên	used to tell someone to hurry or try harder	Come on, we're late!	hurry up
comfort	noun	feelings_good	🤗	/ˈkʌmfət/	sự an ủi; sự thoải mái	a pleasant feeling of being relaxed or less sad	Her words gave me comfort.	—
comma	noun	language	✏️	/ˈkɒmə/	dấu phẩy	the punctuation mark ,	"Put a comma after ""however""."	—
comment	verb	talking	💬	/ˈkɒment/	bình luận	to give your opinion	Many people commented on my post.	remark
communicate	verb	talking	🗣️	/kəˈmjuːnɪkeɪt/	giao tiếp	to share information with someone	We communicate by email.	—
communication	noun	talking	📡	/kəˌmjuːnɪˈkeɪʃən/	sự giao tiếp	sharing information	Good communication is important in a team.	—
compare	verb	v_mind	⚖️	/kəmˈpeə/	so sánh	to look at how things are similar or different	Compare the two pictures.	—
compete	verb	sport_comp	🏁	/kəmˈpiːt/	thi đấu, cạnh tranh	to try to win against others	Ten teams will compete in the final.	—
competitor	noun	sport_comp	🏃	/kəmˈpetɪtə/	đối thủ	a person who takes part in a competition	There were 50 competitors in the race.	rival
complain	verb	formal	😠	/kəmˈpleɪn/	phàn nàn	to say that you are not happy about something	He complained about the food.	—
complaint	noun	formal	📝	/kəmˈpleɪnt/	lời phàn nàn	a statement that you are not happy	I want to make a complaint.	—
completely	adverb	adv_degree	💯	/kəmˈpliːtli/	hoàn toàn	totally	I completely forgot!	totally
complicated	adjective	judging	🧩	/ˈkɒmplɪkeɪtɪd/	phức tạp	difficult to understand	The instructions are complicated.	difficult
composition	noun	study	📝	/ˌkɒmpəˈzɪʃən/	bài luận; tác phẩm	a piece of writing or music	Write a composition about your holiday.	essay
concentrate	verb	v_mind	🧘	/ˈkɒnsəntreɪt/	tập trung	to give all your attention to something	I can't concentrate with this noise.	focus
conclusion	noun	choices	🔚	/kənˈkluːʒən/	kết luận	the end, or a decision after thinking	In conclusion, I think...	—
condition	noun	ideas	📋	/kənˈdɪʃən/	tình trạng; điều kiện	the state something is in	The car is in good condition.	state
conference	noun	business	🎤	/ˈkɒnfrəns/	hội nghị	a large meeting to discuss something	She is speaking at a conference.	meeting
confident	adjective	character_good	😎	/ˈkɒnfɪdənt/	tự tin	sure of yourself	She is a confident speaker.	—
confirm	verb	formal	✅	/kənˈfɜːm/	xác nhận	to say that something is true or will happen	Please confirm your booking.	—
confused	adjective	feelings_fear	😕	/kənˈfjuːzd/	bối rối	not able to understand	I'm confused about the homework.	puzzled
confusing	adjective	judging	🌀	/kənˈfjuːzɪŋ/	khó hiểu	difficult to understand	The map is confusing.	—
connect	verb	tech	🔗	/kəˈnekt/	kết nối	to join two things	Connect your phone to the wifi.	link
connection	noun	tech	📶	/kəˈnekʃən/	sự kết nối	a link between things	The internet connection is slow.	—
consider	verb	v_mind	🤔	/kənˈsɪdə/	cân nhắc	to think carefully about something	I'm considering moving to London.	think about
consist	verb	v_mind	🧩	/kənˈsɪst/	bao gồm (consist of)	to be made of parts	The team consists of five people.	—
consonant	noun	language	🔤	/ˈkɒnsənənt/	phụ âm	a letter that is not a vowel, like b or t	"""B"" is a consonant."	—
contain	verb	v_mind	📦	/kənˈteɪn/	chứa đựng	to have something inside	This drink contains a lot of sugar.	include
contents	noun	books	📋	/ˈkɒntents/	nội dung, mục lục	the things inside something	Check the contents page.	—
contest	noun	sport_comp	🏆	/ˈkɒntest/	cuộc thi	a competition	She won a singing contest.	competition
continent	noun	landforms	🌏	/ˈkɒntɪnənt/	lục địa	one of the seven large areas of land on Earth	Asia is the biggest continent.	—
contract	noun	business	📄	/ˈkɒntrækt/	hợp đồng	a written legal agreement	He signed a two-year contract.	agreement
control	noun, verb	v_social	🎮	/kənˈtrəʊl/	sự kiểm soát; điều khiển	the power to make something do what you want	The driver lost control of the car.	—
convenient	adjective	judging	👍	/kənˈviːniənt/	tiện lợi	easy and suitable for you	Is 10 o'clock convenient for you?	suitable
convince	verb	asking	🗣️	/kənˈvɪns/	thuyết phục	to make someone believe something	She convinced me to come.	persuade
cookery	noun	kitchen	👩‍🍳	/ˈkʊkəri/	nghệ thuật nấu ăn	the skill of cooking	I'm taking a cookery course.	cooking
cookie	noun	snacks	🍪	/ˈkʊki/	bánh quy (tiếng Mỹ)	a biscuit	Have a chocolate cookie.	biscuit
corn	noun	ingredients	🌽	/kɔːn/	ngô	a tall plant with yellow seeds that you eat	We had corn on the cob.	maize
correction	noun	study	✏️	/kəˈrekʃən/	sự sửa lỗi	a change to make something correct	The teacher made some corrections.	—
cosy	adjective	house	🛋️	/ˈkəʊzi/	ấm cúng	warm and comfortable	The café is small and cosy.	comfortable
cottage	noun	house	🏡	/ˈkɒtɪdʒ/	nhà tranh, nhà nhỏ ở quê	a small house in the countryside	They rented a cottage by the lake.	—
cotton	noun	fashion	🧵	/ˈkɒtən/	vải bông	cloth made from a soft plant	This shirt is 100% cotton.	—
cough	noun, verb	illness	😷	/kɒf/	ho; cơn ho	to push air out of your throat with a noise	I have a bad cough.	—
count	verb	numbers	🔢	/kaʊnt/	đếm	to say numbers in order	Can you count to ten in English?	—
couple	noun	family_rel	💑	/ˈkʌpəl/	cặp đôi; một vài	two people in a relationship; two or a few	They are a lovely couple.	pair
courage	noun	behaviour	🦁	/ˈkʌrɪdʒ/	lòng dũng cảm	the ability to do something brave	It took courage to say sorry.	bravery
crash	noun, verb	transport	💥	/kræʃ/	vụ va chạm; đâm vào	an accident when a vehicle hits something	There was a car crash on the motorway.	accident
create	verb	v_change	🎨	/kriːˈeɪt/	tạo ra	to make something new	She created a beautiful painting.	make
creative	adjective	character_good	🎨	/kriːˈeɪtɪv/	sáng tạo	good at thinking of new ideas	He is a very creative person.	imaginative
credit	noun	money	💳	/ˈkredɪt/	tín dụng	a way of buying now and paying later	I bought it on credit.	—
crew	noun	transport	👨‍✈️	/kruː/	phi hành đoàn, thuỷ thủ đoàn	the people who work on a ship or plane	The crew were very friendly.	staff
crime	noun	law	🚨	/kraɪm/	tội phạm, tội ác	an illegal action	Crime in the city is falling.	—
criminal	noun	law	🦹	/ˈkrɪmɪnəl/	kẻ phạm tội	a person who commits a crime	The police caught the criminal.	—
crop	noun	plants	🌾	/krɒp/	cây trồng, vụ mùa	plants grown by farmers	Rice is the main crop here.	harvest
cross out	phrasal verb	ph_people	❌	/ˌkrɒs ˈaʊt/	gạch bỏ	to draw a line through writing	Cross out the wrong answers.	—
crossroads	noun	town	✖️	/ˈkrɒsrəʊdz/	ngã tư	a place where two roads cross	Turn left at the crossroads.	junction
cruel	adjective	character_bad	😈	/krʊəl/	độc ác	making people or animals suffer on purpose	It's cruel to hurt animals.	unkind
cruise	noun	trips	🛳️	/kruːz/	chuyến du ngoạn bằng tàu	a holiday on a big ship	We went on a cruise in the Mediterranean.	—
cucumber	noun	ingredients	🥒	/ˈkjuːkʌmbə/	dưa chuột	a long green vegetable	Add some cucumber to the salad.	—
cultural	adjective	society	🎎	/ˈkʌltʃərəl/	thuộc văn hoá	relating to culture	The city has many cultural events.	—
culture	noun	society	🏮	/ˈkʌltʃə/	văn hoá	the customs, art and beliefs of a group of people	I'm interested in Japanese culture.	—
cure	noun, verb	treatment	💉	/kjʊə/	thuốc chữa; chữa khỏi	to make someone well again	There is no cure for a cold.	treatment
curious	adjective	character_good	🧐	/ˈkjʊəriəs/	tò mò	wanting to know about something	Children are curious about everything.	interested
curiously	adverb	adv_degree	🧐	/ˈkjʊəriəsli/	một cách tò mò	in a curious way	The cat looked at me curiously.	—
curly	adjective	looks	🦱	/ˈkɜːli/	xoăn	having curls	She has long curly hair.	—
currency	noun	money	💱	/ˈkʌrənsi/	tiền tệ	the money used in a country	The currency of Vietnam is the dong.	money
curriculum	noun	study	📚	/kəˈrɪkjələm/	chương trình học	the subjects taught in a school	Music is part of the curriculum.	syllabus
cushion	noun	house	🛋️	/ˈkʊʃən/	cái gối tựa	a soft bag you sit on or lean against	There are cushions on the sofa.	pillow
custom	noun	society	🎎	/ˈkʌstəm/	phong tục	a traditional way of doing something	It's a local custom to give flowers.	tradition
customs	noun	airport	🛃	/ˈkʌstəmz/	hải quan	the place at a border where bags are checked	We went through customs quickly.	—
cut up	phrasal verb	ph_events	🔪	/ˌkʌt ˈʌp/	cắt nhỏ	to cut into small pieces	Cut up the vegetables.	chop
cute	adjective	looks	🥰	/kjuːt/	dễ thương	pretty and attractive	What a cute puppy!	sweet
CV	noun	career	📄	/ˌsiː ˈviː/	sơ yếu lí lịch	a document about your education and work	Send your CV to the manager.	résumé
cyclist	noun	sport_comp	🚴	/ˈsaɪklɪst/	người đi xe đạp	a person who rides a bicycle	The cyclist wore a helmet.	—
damage	noun, verb	v_change	💥	/ˈdæmɪdʒ/	sự hư hại; làm hỏng	physical harm to something	The storm caused a lot of damage.	harm
damaged	adjective	qualities	🏚️	/ˈdæmɪdʒd/	bị hư hỏng	harmed or broken	The box was damaged in the post.	broken
data	noun	tech	📊	/ˈdeɪtə/	dữ liệu	facts and information, often on a computer	The app collects data about users.	information
deaf	adjective	illness	🦻	/def/	điếc	not able to hear	My grandfather is a little deaf.	—
deal	verb	v_social	🃏	/diːl/	chia (bài); giao dịch	to give out cards; to do business	It's your turn to deal.	—
deal with	phrasal verb	ph_events	🛠️	/ˈdiːl wɪð/	giải quyết, xử lí	to take action to solve a problem	I'll deal with it tomorrow.	handle
death	noun	illness	🥀	/deθ/	cái chết	the end of life	His death was a shock.	—
decision	noun	choices	🤔	/dɪˈsɪʒən/	quyết định	a choice you make	It was a difficult decision.	choice
declare	verb	formal	📢	/dɪˈkleə/	tuyên bố; khai báo	to say something officially	Do you have anything to declare?	announce
decorate	verb	house	🎨	/ˈdekəreɪt/	trang trí	to make a place look nice	We decorated the room with balloons.	—
decrease	noun, verb	v_change	📉	/dɪˈkriːs/	giảm; sự giảm	to become smaller in number	The number of visitors decreased.	fall, drop
defeat	noun, verb	sport_comp	🏳️	/dɪˈfiːt/	đánh bại; thất bại	to win against someone	They defeated the champions.	beat
defence	noun	sport_comp	🛡️	/dɪˈfens/	sự phòng thủ	protecting against attack	He plays in defence.	—
defend	verb	sport_comp	🛡️	/dɪˈfend/	bảo vệ, phòng thủ	to protect from attack	The goalkeeper defended well.	protect
definitely	adverb	adv_link	💯	/ˈdefɪnɪtli/	chắc chắn	certainly	I'll definitely come to your party.	certainly
delete	verb	tech	🗑️	/dɪˈliːt/	xoá	to remove from a computer	Delete the old files.	remove
delighted	adjective	feelings_good	😁	/dɪˈlaɪtɪd/	vui mừng	very pleased	I'm delighted to meet you.	very happy
delivery	noun	shops	🚚	/dɪˈlɪvəri/	sự giao hàng	taking goods to a place	Delivery is free.	—
demand	noun, verb	asking	✊	/dɪˈmɑːnd/	yêu cầu, đòi hỏi	to ask for something strongly	The workers demanded more money.	—
depart	verb	airport	🛫	/dɪˈpɑːt/	khởi hành	to leave	The train departs at 9.	leave
departure	noun	airport	🛫	/dɪˈpɑːtʃə/	sự khởi hành	leaving a place	Check the departure time.	—
depend	verb	v_mind	🔗	/dɪˈpend/	phụ thuộc	to be decided by something else	It depends on the weather.	—
deposit	noun	money	💵	/dɪˈpɒzɪt/	tiền đặt cọc	money you pay first as part of the price	You need to pay a deposit.	—
depressed	adjective	feelings_sad	😞	/dɪˈprest/	chán nản, trầm cảm	very unhappy	He felt depressed after losing his job.	sad
depth	noun	numbers	📏	/depθ/	chiều sâu	how deep something is	The depth of the lake is 50 metres.	—
description	noun	asking	📝	/dɪˈskrɪpʃən/	sự miêu tả	words that say what something is like	Give a description of your house.	—
deserve	verb	v_social	🏅	/dɪˈzɜːv/	xứng đáng	to have earned something	You deserve a holiday.	—
designer	noun	jobs_pro	✏️	/dɪˈzaɪnə/	nhà thiết kế	a person who designs things	She is a fashion designer.	—
destination	noun	trips	📍	/ˌdestɪˈneɪʃən/	điểm đến	the place you are going to	Paris is a popular destination.	—
destroy	verb	v_change	💣	/dɪˈstrɔɪ/	phá huỷ	to damage completely	The fire destroyed the house.	ruin
detail	noun	ideas	🔍	/ˈdiːteɪl/	chi tiết	a small fact	Tell me every detail.	—
detective	noun	jobs_pro	🕵️	/dɪˈtektɪv/	thám tử	a person who solves crimes	Sherlock Holmes is a famous detective.	—
develop	verb	v_change	🌱	/dɪˈveləp/	phát triển	to grow or change into something bigger	The town developed into a big city.	grow
development	noun	goals	📈	/dɪˈveləpmənt/	sự phát triển	growth or change	The development of the city was fast.	growth
diagram	noun	study	📊	/ˈdaɪəɡræm/	sơ đồ	a simple drawing that shows how something works	Look at the diagram on page 5.	chart
dial	verb	formal	☎️	/daɪl/	quay số	to press numbers on a phone	Dial 999 in an emergency.	—
diet	noun	snacks	🥗	/ˈdaɪət/	chế độ ăn	the food you usually eat	A healthy diet includes vegetables.	—
difficulty	noun	goals	🧗	/ˈdɪfɪkəlti/	sự khó khăn	a problem	I had difficulty finding the hotel.	problem
dig	verb	v_action	⛏️	/dɪɡ/	đào	to make a hole in the ground	The dog is digging in the garden.	—
direct	adjective, verb	airport	➡️	/daɪˈrekt/	thẳng, trực tiếp; chỉ đạo	going straight without stopping	Is there a direct flight to London?	—
directly	adverb	adv_place	➡️	/daɪˈrektli/	trực tiếp	without stopping or anyone between	Go directly to the office.	straight
director	noun	jobs_pro	🎬	/daɪˈrektə/	giám đốc; đạo diễn	a person in charge of a company or film	She's the director of the company.	—
dirt	noun	chores	🟤	/dɜːt/	bụi bẩn, đất	dust or mud	There's dirt on your shoes.	—
disabled	adjective	illness	♿	/dɪˈseɪbəld/	khuyết tật	having an illness or injury that makes some things hard	The building has access for disabled people.	—
disadvantage	noun	choices	❌	/ˌdɪsədˈvɑːntɪdʒ/	bất lợi	something that makes things harder	The disadvantage is the price.	drawback
disagree	verb	talking	🙅	/ˌdɪsəˈɡriː/	không đồng ý	to have a different opinion	I disagree with you.	—
disappear	verb	v_change	💨	/ˌdɪsəˈpɪə/	biến mất	to go where you cannot see it	The cat disappeared.	vanish
disappoint	verb	feelings_sad	😞	/ˌdɪsəˈpɔɪnt/	làm thất vọng	to make someone unhappy by not being as good as expected	I don't want to disappoint my parents.	let down
disappointed	adjective	feelings_sad	😔	/ˌdɪsəˈpɔɪntɪd/	thất vọng	unhappy because something was not as good as you hoped	I was disappointed with my result.	let down
disappointing	adjective	criticise	👎	/ˌdɪsəˈpɔɪntɪŋ/	đáng thất vọng	not as good as hoped	The film was disappointing.	—
disappointment	noun	feelings_sad	😞	/ˌdɪsəˈpɔɪntmənt/	sự thất vọng	a feeling of being disappointed	The match was a big disappointment.	—
disc	noun	tech	💿	/dɪsk/	đĩa	a flat round object that stores music or data	The game comes on a disc.	—
discovery	noun	ideas	🔭	/dɪˈskʌvri/	sự khám phá	finding something for the first time	It was an important discovery.	—
discussion	noun	talking	🗣️	/dɪˈskʌʃən/	cuộc thảo luận	a talk about something	We had a discussion about the environment.	—
disease	noun	illness	🦠	/dɪˈziːz/	bệnh tật	an illness	Heart disease is common.	illness
disgusting	adjective	criticise	🤮	/dɪsˈɡʌstɪŋ/	kinh tởm	very unpleasant	The food was disgusting.	horrible
dishwasher	noun	household	🍽️	/ˈdɪʃwɒʃə/	máy rửa bát	a machine that washes dishes	Put the plates in the dishwasher.	—
disk	noun	tech	💾	/dɪsk/	ổ đĩa	a part of a computer that stores information	The hard disk is full.	—
dislike	verb	feelings_sad	👎	/dɪsˈlaɪk/	không thích	to not like	I dislike cold weather.	—
display	noun, verb	shops	🖼️	/dɪˈspleɪ/	sự trưng bày; trưng bày	an arrangement of things for people to see	The shop has a lovely window display.	show
distance	noun	trips	📏	/ˈdɪstəns/	khoảng cách	how far it is between two places	What's the distance to the beach?	—
district	noun	town	🗺️	/ˈdɪstrɪkt/	quận, khu vực	an area of a town or country	I live in a quiet district.	area
disturb	verb	v_social	🔕	/dɪˈstɜːb/	làm phiền	to interrupt someone	Please don't disturb me.	bother
diver	noun	sport_comp	🤿	/ˈdaɪvə/	thợ lặn	a person who swims under water	The divers saw many fish.	—
divide	verb	numbers	➗	/dɪˈvaɪd/	chia	to split into parts	Divide the cake into eight pieces.	split
DJ	noun	music_arts	🎧	/ˈdiː dʒeɪ/	người chỉnh nhạc (DJ)	a person who plays music at a party or on radio	The DJ played great music.	disc jockey
documentary	noun	film_tv	🎞️	/ˌdɒkjəˈmentəri/	phim tài liệu	a film about real facts	I watched a documentary about whales.	—
doubt	noun, verb	v_mind	🤨	/daʊt/	nghi ngờ	to not be sure	I doubt he will come.	—
dozen	noun	numbers	🥚	/ˈdʌzən/	một tá (12)	twelve	I bought a dozen eggs.	—
drag	verb	v_action	🫳	/dræɡ/	kéo lê	to pull something heavy along	He dragged the bag across the floor.	pull
drama	noun	film_tv	🎭	/ˈdrɑːmə/	kịch; môn kịch	plays and acting	I study drama at school.	theatre
driving licence	noun	transport	🪪	/ˈdraɪvɪŋ laɪsəns/	bằng lái xe	a document that allows you to drive	Can I see your driving licence?	—
drugstore	noun	shops	💊	/ˈdrʌɡstɔː/	hiệu thuốc (tiếng Mỹ)	a shop that sells medicine and other things	I bought shampoo at the drugstore.	chemist
due	adjective	time	⏰	/djuː/	đến hạn; dự kiến	expected to happen or arrive	The train is due at 5.	expected
dull	adjective	criticise	😐	/dʌl/	buồn tẻ	boring	The lesson was dull.	boring
dust	noun	chores	🌫️	/dʌst/	bụi	dry dirt	The table is covered in dust.	—
dustbin	noun	chores	🗑️	/ˈdʌstbɪn/	thùng rác	a large container for rubbish	Put it in the dustbin.	bin
dusty	adjective	chores	🌫️	/ˈdʌsti/	bụi bặm	covered in dust	The old books were dusty.	—
duty	noun	business	📋	/ˈdjuːti/	nhiệm vụ, bổn phận	something you must do	It's my duty to help.	responsibility
duty-free	adjective	airport	🛍️	/ˌdjuːtiˈfriː/	miễn thuế	able to be bought without tax	We bought perfume at the duty-free shop.	—
duvet	noun	house	🛏️	/ˈduːveɪ/	chăn lông	a thick soft bed cover	I have a warm duvet in winter.	quilt
earache	noun	illness	👂	/ˈɪəreɪk/	đau tai	a pain in your ear	I've got earache.	—
earth	noun	landforms	🌍	/ɜːθ/	trái đất; đất	the planet we live on; soil	The Earth goes around the sun.	world
eastern	adjective	compass	➡️	/ˈiːstən/	thuộc phía đông	in or from the east	She lives in eastern Europe.	—
easygoing	adjective	character_good	😌	/ˌiːziˈɡəʊɪŋ/	dễ tính	relaxed and not easily upset	My dad is very easygoing.	relaxed
economics	noun	study	📈	/ˌiːkəˈnɒmɪks/	kinh tế học	the study of money and trade	She studies economics at university.	—
edge	noun	size_shape	📐	/edʒ/	mép, rìa	the outside end of something	Don't stand near the edge of the cliff.	side
education	noun	school_life	🎓	/ˌedʒʊˈkeɪʃən/	giáo dục	teaching and learning	Education is very important.	—
effect	noun	choices	🌀	/ɪˈfekt/	ảnh hưởng, tác động	a change caused by something	The medicine had a good effect.	result
efficient	adjective	judging	⚙️	/ɪˈfɪʃənt/	hiệu quả	working well without wasting time	The new system is very efficient.	—
effort	noun	goals	💪	/ˈefət/	nỗ lực	hard work to do something	She made an effort to be friendly.	—
elbow	noun	body	💪	/ˈelbəʊ/	khuỷu tay	the middle joint of your arm	I hurt my elbow.	—
elder	adjective	family_rel	👧	/ˈeldə/	lớn tuổi hơn	older (of two people in a family)	My elder sister is 20.	older
elderly	adjective	looks	👵	/ˈeldəli/	cao tuổi	old	She helps elderly people.	old
election	noun	society	🗳️	/ɪˈlekʃən/	cuộc bầu cử	a time when people vote to choose leaders	The election is next month.	vote
electrical	adjective	household	🔌	/ɪˈlektrɪkəl/	thuộc về điện	using electricity	This shop sells electrical goods.	electric
electronic	adjective	tech	📟	/ɪˌlekˈtrɒnɪk/	điện tử	using electronic parts, like computers	I have an electronic dictionary.	—
elementary	adjective	school_life	🔰	/ˌelɪˈmentəri/	sơ cấp	basic	I'm in the elementary class.	basic
elevator	noun	house	🛗	/ˈelɪveɪtə/	thang máy (tiếng Mỹ)	a lift	Take the elevator to the 10th floor.	lift
embarrassed	adjective	feelings_sad	😳	/ɪmˈbærəst/	ngượng ngùng	shy and uncomfortable	I was embarrassed when I fell over.	—
embarrassing	adjective	criticise	🙈	/ɪmˈbærəsɪŋ/	đáng xấu hổ	making you feel embarrassed	It was an embarrassing mistake.	—
embassy	noun	airport	🏛️	/ˈembəsi/	đại sứ quán	the office of a country's government in another country	I went to the embassy to get a visa.	—
emergency	noun	treatment	🚨	/ɪˈmɜːdʒənsi/	trường hợp khẩn cấp	a sudden dangerous situation	In an emergency, call 115.	—
employ	verb	career	🤝	/ɪmˈplɔɪ/	thuê, tuyển dụng	to give someone a job	The company employs 200 people.	hire
employee	noun	career	🧑‍💼	/ɪmˈplɔɪiː/	nhân viên	a person who works for a company	She is a new employee.	worker
employer	noun	career	🏢	/ɪmˈplɔɪə/	người chủ, nhà tuyển dụng	a person or company that employs people	My employer is very fair.	boss
employment	noun	career	💼	/ɪmˈplɔɪmənt/	việc làm	having a paid job	He is looking for employment.	work
encourage	verb	v_social	📣	/ɪnˈkʌrɪdʒ/	khuyến khích	to give someone confidence to do something	My parents encouraged me to study abroad.	support
end up	phrasal verb	ph_events	🏁	/ˌend ˈʌp/	rốt cuộc, cuối cùng thì	to finally be in a place or situation	We got lost and ended up in the next town.	—
ending	noun	books	🔚	/ˈendɪŋ/	kết thúc (truyện)	the last part of a story	The film has a happy ending.	end
enemy	noun	war	⚔️	/ˈenəmi/	kẻ thù	a person who hates or fights you	They were enemies for years.	—
energy	noun	environment	⚡	/ˈenədʒi/	năng lượng	power, or the strength to be active	Solar energy is clean.	power
engaged	adjective	wedding	💍	/ɪnˈɡeɪdʒd/	đã đính hôn; máy bận	going to marry; busy (phone)	They got engaged last month.	—
engineering	noun	study	🛠️	/ˌendʒɪˈnɪərɪŋ/	ngành kĩ thuật	the work of designing machines, roads, etc.	He studies engineering.	—
enjoyable	adjective	praise	😊	/ɪnˈdʒɔɪəbəl/	thú vị	pleasant, fun	We had an enjoyable evening.	fun
enormous	adjective	size_shape	🦣	/ɪˈnɔːməs/	khổng lồ	very big	They live in an enormous house.	huge
enquire	verb	asking	❓	/ɪnˈkwaɪə/	hỏi thông tin	to ask for information	I'm enquiring about the job.	ask
enquiry	noun	asking	❔	/ɪnˈkwaɪəri/	câu hỏi, sự hỏi thông tin	a question asking for information	We received many enquiries.	inquiry
entertain	verb	film_tv	🎭	/ˌentəˈteɪn/	giải trí, tiếp đãi	to keep people interested or amused	The clown entertained the children.	amuse
entertainment	noun	film_tv	🎡	/ˌentəˈteɪnmənt/	sự giải trí	shows and activities that people enjoy	The hotel offers evening entertainment.	—
entry	noun	airport	🚪	/ˈentri/	sự vào; lối vào	going into a place	Entry is free.	entrance
environmental	adjective	environment	🌿	/ɪnˌvaɪrənˈmentəl/	thuộc môi trường	relating to the environment	Pollution is an environmental problem.	—
episode	noun	film_tv	📺	/ˈepɪsəʊd/	tập (phim)	one part of a TV series	I watched the last episode.	—
equal	adjective	numbers	🟰	/ˈiːkwəl/	bằng nhau	the same in size or value	Men and women should get equal pay.	same
eraser	noun	study	🧽	/ɪˈreɪzə/	cục tẩy	a rubber	Can I borrow your eraser?	rubber
escape	verb	v_action	🏃	/ɪˈskeɪp/	trốn thoát	to get away from a place or danger	The bird escaped from its cage.	get away
essay	noun	study	📝	/ˈeseɪ/	bài luận	a short piece of writing on a subject	Write an essay about your city.	composition
essential	adjective	judging	❗	/ɪˈsenʃəl/	thiết yếu	very important and necessary	Water is essential for life.	necessary
exact	adjective	judging	🎯	/ɪɡˈzækt/	chính xác	completely correct	What's the exact time?	precise
examiner	noun	school_life	🧑‍⚖️	/ɪɡˈzæmɪnə/	giám khảo	a person who marks an exam	The examiner asked me three questions.	—
exchange	noun	money	🔄	/ɪksˈtʃeɪndʒ/	sự trao đổi	giving one thing and receiving another	I went on a school exchange to France.	—
exchange rate	noun	money	💱	/ɪksˈtʃeɪndʒ reɪt/	tỉ giá	how much one currency is worth in another	What's the exchange rate today?	—
excitement	noun	feelings_good	🤩	/ɪkˈsaɪtmənt/	sự phấn khích	a feeling of being excited	The children were full of excitement.	—
exhausted	adjective	feelings_sad	😩	/ɪɡˈzɔːstɪd/	kiệt sức	very tired	I was exhausted after the long walk.	very tired
exist	verb	v_mind	🌐	/ɪɡˈzɪst/	tồn tại	to be real	Do ghosts exist?	—
expect	verb	v_mind	🤞	/ɪkˈspekt/	mong đợi, dự kiến	to think something will happen	I expect it will rain.	—
expedition	noun	trips	🧭	/ˌekspɪˈdɪʃən/	cuộc thám hiểm	a long journey to explore	They went on an expedition to the South Pole.	—
experienced	adjective	career	🧓	/ɪkˈspɪəriənst/	có kinh nghiệm	having skill from doing something a lot	She is an experienced teacher.	—
expert	noun	jobs_pro	🎓	/ˈekspɜːt/	chuyên gia	a person who knows a lot about something	He's an expert on dinosaurs.	specialist
explanation	noun	asking	💡	/ˌekspləˈneɪʃən/	lời giải thích	words that make something clear	Thanks for the explanation.	—
explode	verb	v_action	💥	/ɪkˈspləʊd/	nổ	to burst with a loud noise	The bomb exploded.	blow up
extraordinary	adjective	praise	🌟	/ɪkˈstrɔːdɪnəri/	phi thường	very unusual and special	She has an extraordinary voice.	amazing
extreme sport	noun	sport_types	🪂	/ɪkˈstriːm spɔːt/	thể thao mạo hiểm	a dangerous sport like skydiving	He loves extreme sports.	—
extremely	adverb	adv_degree	‼️	/ɪkˈstriːmli/	cực kì	very	It's extremely hot today.	very
face-to-face	adjective	talking	🗣️	/ˌfeɪs tə ˈfeɪs/	trực tiếp, mặt đối mặt	meeting in person	We had a face-to-face meeting.	in person
facilities	noun	town	🏟️	/fəˈsɪlətiz/	cơ sở vật chất	buildings and equipment for a purpose	The school has good sports facilities.	—
fairly	adverb	adv_degree	〽️	/ˈfeəli/	khá	quite	The test was fairly easy.	quite
false	adjective	judging	❌	/fɔːls/	sai	not true	Is this sentence true or false?	untrue
familiar	adjective	judging	👀	/fəˈmɪliə/	quen thuộc	known to you	Her face looks familiar.	—
fancy	verb	feelings_good	😋	/ˈfænsi/	thích, muốn	to want to have or do something	Do you fancy a coffee?	feel like
fare	noun	transport	🎫	/feə/	giá vé	the money you pay to travel	The bus fare is two pounds.	—
farming	noun	plants	🚜	/ˈfɑːmɪŋ/	nghề nông	growing crops and keeping animals	Farming is important in Vietnam.	agriculture
farmland	noun	plants	🌾	/ˈfɑːmlænd/	đất nông nghiệp	land used for farming	There is farmland all around the village.	—
fashionable	adjective	fashion	👗	/ˈfæʃnəbəl/	hợp thời trang	popular at the moment	She wears fashionable clothes.	trendy
fasten	verb	transport	🔒	/ˈfɑːsən/	thắt, buộc chặt	to close or fix something	Fasten your seat belt.	do up
fault	noun	choices	⚠️	/fɔːlt/	lỗi	responsibility for something bad	It's not my fault.	—
favour	noun	v_social	🙏	/ˈfeɪvə/	ân huệ, việc giúp đỡ	something kind you do for someone	Can you do me a favour?	—
fax	noun, verb	formal	📠	/fæks/	máy fax; gửi fax	a copy of a document sent by phone line	Please fax the document.	—
fear	noun	feelings_fear	😱	/fɪə/	nỗi sợ	the feeling of being afraid	She has a fear of spiders.	—
fee	noun	money	💵	/fiː/	phí, học phí	money paid for a service	University fees are high.	charge
feed	verb	animals	🍼	/fiːd/	cho ăn	to give food to	Don't forget to feed the cat.	—
feel like	verb	feelings_good	🙋	/ˈfiːl laɪk/	muốn, thích (làm gì)	to want to do or have something	I feel like going for a walk.	fancy
feeling	noun	feelings_good	💭	/ˈfiːlɪŋ/	cảm giác	an emotion	I have a feeling he's not coming.	—
female	adjective, noun	looks	♀️	/ˈfiːmeɪl/	nữ, giống cái	a woman or girl; a female animal	The female bird sits on the eggs.	—
ferry	noun	transport	⛴️	/ˈferi/	phà	a boat that carries people and cars	We took the ferry to the island.	—
fetch	verb	v_action	🐕	/fetʃ/	đi lấy về	to go and bring something back	Can you fetch my bag?	get, bring
fever	noun	illness	🤒	/ˈfiːvə/	sốt	a high body temperature	The child has a fever.	temperature
fiction	noun	books	📚	/ˈfɪkʃən/	truyện hư cấu	stories about imaginary people	I prefer fiction to history books.	—
fight	noun, verb	v_action	🥊	/faɪt/	đánh nhau; cuộc chiến	to use force against someone	The boys had a fight.	—
figure	noun	numbers	🔢	/ˈfɪɡə/	con số; hình dáng	a number; the shape of a person	The figures show a big increase.	number
fill up	phrasal verb	ph_daily	⛽	/ˌfɪl ˈʌp/	đổ đầy	to make completely full	Fill up the car with petrol.	—
film maker	noun	jobs_pro	🎥	/ˈfɪlm meɪkə/	nhà làm phim	a person who makes films	She is a young film maker.	director
financial	adjective	money	💹	/faɪˈnænʃəl/	thuộc tài chính	relating to money	He has financial problems.	—
firefighter	noun	jobs_safety	🧑‍🚒	/ˈfaɪəfaɪtə/	lính cứu hoả	a person whose job is to stop fires	The firefighters saved the family.	—
firework	noun	wedding	🎆	/ˈfaɪəwɜːk/	pháo hoa	a small device that explodes with colours in the sky	We watched the fireworks at New Year.	—
firm	noun	business	🏢	/fɜːm/	công ti	a company	He works for a law firm.	company
fitness	noun	sport_types	💪	/ˈfɪtnɪs/	sự khoẻ mạnh, thể lực	being healthy and strong	I go to the gym to improve my fitness.	—
flag	noun	society	🚩	/flæɡ/	lá cờ	a piece of cloth with a design that represents a country	The Vietnamese flag is red with a yellow star.	—
flavour	noun	kitchen	😋	/ˈfleɪvə/	hương vị	the taste of something	What's your favourite ice cream flavour?	taste
float	verb	v_action	🛟	/fləʊt/	nổi	to stay on top of water	Wood floats on water.	—
flood	noun, verb	weather	🌊	/flʌd/	lũ lụt; ngập	a lot of water covering land	The flood damaged many houses.	—
flour	noun	ingredients	🌾	/ˈflaʊə/	bột mì	powder made from grain, used for baking	Mix the flour and sugar.	—
flow	verb	plants	🌊	/fləʊ/	chảy	to move smoothly like water	The river flows into the sea.	run
flu	noun	illness	🤧	/fluː/	cúm	a common illness like a bad cold	I've got the flu.	influenza
flute	noun	music_arts	🎶	/fluːt/	sáo	a musical instrument you blow across	She plays the flute.	—
focus on	verb	v_mind	🎯	/ˈfəʊkəs ɒn/	tập trung vào	to give attention to one thing	Focus on your studies.	concentrate on
fold	verb	v_action	📄	/fəʊld/	gấp	to bend something over itself	Fold the paper in half.	—
folk	adjective, noun	music_arts	🪕	/fəʊk/	dân gian	traditional, of ordinary people	I like folk music.	traditional
following	adjective	time	⏭️	/ˈfɒləʊɪŋ/	tiếp theo	next	We met again the following day.	next
fond	adjective	feelings_good	🥰	/fɒnd/	thích, yêu mến (fond of)	liking someone or something	I'm very fond of my grandma.	—
fool	noun	character_bad	🤡	/fuːl/	kẻ ngốc	a silly person	Don't be a fool!	idiot
forbidden	adjective	law	⛔	/fəˈbɪdən/	bị cấm	not allowed	Smoking is forbidden here.	not allowed
forecast	noun	weather	📡	/ˈfɔːkɑːst/	dự báo	a statement about what will happen, often about weather	The forecast says it will rain.	—
foreigner	noun	trips	🧑‍🤝‍🧑	/ˈfɒrɪnə/	người nước ngoài	a person from another country	Many foreigners visit Hoi An.	—
forever	adverb	time	♾️	/fəˈrevə/	mãi mãi	always, for all time	I will love you forever.	always
forgive	verb	v_social	🕊️	/fəˈɡɪv/	tha thứ	to stop being angry with someone	Please forgive me.	—
former	adjective	time	⏮️	/ˈfɔːmə/	trước đây, cũ	in the past	He's a former teacher.	previous
fortnight	noun	time	🗓️	/ˈfɔːtnaɪt/	hai tuần	two weeks	I'm going on holiday for a fortnight.	two weeks
fortunately	adverb	adv_link	🍀	/ˈfɔːtʃənətli/	may mắn là	luckily	Fortunately, no one was hurt.	luckily
forward	adverb	adv_place	⏩	/ˈfɔːwəd/	về phía trước	towards the front	Move forward, please.	ahead
fountain	noun	town	⛲	/ˈfaʊntɪn/	đài phun nước	a structure that sends water into the air	There's a fountain in the square.	—
frame	noun	house	🖼️	/freɪm/	khung	the border around a picture or window	I bought a frame for the photo.	—
freeze	verb	weather	🧊	/friːz/	đóng băng	to become ice; to be very cold	Water freezes at zero degrees.	—
freezer	noun	household	🧊	/ˈfriːzə/	tủ đông	a machine that keeps food frozen	Put the ice cream in the freezer.	—
freezing	adjective	weather	🥶	/ˈfriːzɪŋ/	lạnh cóng	very cold	It's freezing outside.	very cold
French fries	noun	snacks	🍟	/ˌfrentʃ ˈfraɪz/	khoai tây chiên	chips	Can I have French fries with my burger?	chips
frequent	adjective	time	🔁	/ˈfriːkwənt/	thường xuyên	happening often	There are frequent buses to the airport.	regular
frequently	adverb	adv_freq	🔁	/ˈfriːkwəntli/	thường xuyên	often	I frequently travel for work.	often
friendship	noun	family_rel	🤝	/ˈfrendʃɪp/	tình bạn	being friends	Our friendship is very important to me.	—
frighten	verb	feelings_fear	😱	/ˈfraɪtən/	làm sợ	to make someone afraid	The noise frightened the baby.	scare
frightening	adjective	criticise	👻	/ˈfraɪtnɪŋ/	đáng sợ	making you afraid	It was a frightening experience.	scary
frozen	adjective	snacks	🧊	/ˈfrəʊzən/	đông lạnh	made into ice; kept very cold	We bought frozen pizza.	—
fry	verb	kitchen	🍳	/fraɪ/	chiên, rán	to cook in hot oil	Fry the onions for five minutes.	—
frying pan	noun	kitchen	🍳	/ˈfraɪɪŋ pæn/	chảo	a flat pan for frying food	Heat the oil in a frying pan.	pan
fuel	noun	environment	⛽	/ˈfjuːəl/	nhiên liệu	something burned to make heat or power	Cars need fuel to run.	—
full stop	noun	language	⏺️	/ˈfʊl stɒp/	dấu chấm câu	the punctuation mark .	Put a full stop at the end of the sentence.	period
full-time	adjective	business	🕘	/ˌfʊlˈtaɪm/	toàn thời gian	working all the normal hours	She has a full-time job.	—
fully	adverb	adv_degree	💯	/ˈfʊli/	đầy đủ, hoàn toàn	completely	The hotel is fully booked.	completely
furthest	adjective	size_shape	🔭	/ˈfɜːðɪst/	xa nhất	most distant	Which planet is the furthest from the sun?	farthest
gain	verb	v_change	📈	/ɡeɪn/	đạt được, tăng	to get more of something	I gained a lot of experience.	get
gale	noun	weather	🌬️	/ɡeɪl/	gió mạnh	a very strong wind	The gale blew trees down.	storm
gap	noun	size_shape	🕳️	/ɡæp/	khoảng trống	an empty space	Fill in the gaps with the right word.	space
gas	noun	environment	💨	/ɡæs/	khí đốt, chất khí	a substance like air; fuel for cooking	We cook with gas.	—
general	adjective	qualities	📋	/ˈdʒenrəl/	chung, tổng quát	not detailed; for most people	I have a general idea.	—
generally	adverb	adv_freq	📋	/ˈdʒenrəli/	nói chung	usually, in most cases	I generally get up at seven.	usually
generation	noun	family_rel	👪	/ˌdʒenəˈreɪʃən/	thế hệ	all people born around the same time	Three generations live in this house.	—
generous	adjective	character_good	🎁	/ˈdʒenərəs/	hào phóng	happy to give things to others	She is very generous with her time.	kind
gentle	adjective	character_good	🕊️	/ˈdʒentəl/	nhẹ nhàng, hiền	kind and calm	He is a gentle person.	kind
get along	phrasal verb	ph_people	🤝	/ˌɡet əˈlɒŋ/	hoà hợp	to have a friendly relationship	I get along well with my sister.	get on
get down	phrasal verb	ph_daily	⬇️	/ˌɡet ˈdaʊn/	xuống	to move to a lower place	Get down from the table!	—
get in	phrasal verb	ph_daily	🚗	/ˌɡet ˈɪn/	lên (xe hơi), vào	to enter a car or building	Get in the car.	—
get rid of	phrasal verb	ph_daily	🗑️	/ɡet ˈrɪd əv/	loại bỏ	to throw away or remove	I got rid of my old clothes.	throw away
giant	adjective	size_shape	🦕	/ˈdʒaɪənt/	khổng lồ	very big	There's a giant TV in the living room.	huge
give in	phrasal verb	ph_events	🏳️	/ˌɡɪv ˈɪn/	nhượng bộ; nộp	to stop trying; to hand in	Don't give in!	surrender
give out	phrasal verb	ph_people	📤	/ˌɡɪv ˈaʊt/	phát ra, phân phát	to give to many people	The teacher gave out the papers.	hand out
give up	phrasal verb	ph_events	🚭	/ˌɡɪv ˈʌp/	từ bỏ	to stop doing something	He gave up smoking.	quit
give way	phrasal verb	ph_daily	↪️	/ˌɡɪv ˈweɪ/	nhường đường	to let other traffic go first	Give way to buses.	—
glance	verb	v_mind	👀	/ɡlɑːns/	liếc nhìn	to look quickly	She glanced at her watch.	—
global warming	noun	environment	🌡️	/ˈɡləʊbəl wɔːmɪŋ/	sự nóng lên toàn cầu	the rise in the Earth's temperature	Global warming is melting the ice.	climate change
go for	phrasal verb	ph_events	👍	/ˈɡəʊ fə/	chọn; cố gắng giành	to choose; to try to get	I'll go for the chicken.	choose
go off	phrasal verb	ph_events	🚨	/ˌɡəʊ ˈɒf/	reo (chuông); bị hỏng (thức ăn)	to ring; to become bad	My alarm went off at six.	—
go on	phrasal verb	ph_events	⏩	/ˌɡəʊ ˈɒn/	tiếp tục; xảy ra	to continue; to happen	What's going on?	continue, happen
goalkeeper	noun	sport_comp	🧤	/ˈɡəʊlkiːpə/	thủ môn	the player who stops the ball going into the goal	Our goalkeeper was amazing.	keeper
goods	noun	products	📦	/ɡʊdz/	hàng hoá	things for sale	The shop sells electrical goods.	products
gorgeous	adjective	praise	😍	/ˈɡɔːdʒəs/	tuyệt đẹp	very beautiful	What a gorgeous view!	beautiful
government	noun	society	🏛️	/ˈɡʌvəmənt/	chính phủ	the group of people who control a country	The government made new laws.	—
grab	verb	v_action	✊	/ɡræb/	chộp lấy	to take quickly	He grabbed my arm.	seize
graduate	noun, verb	school_life	🎓	/ˈɡrædʒueɪt/	người tốt nghiệp; tốt nghiệp	to finish university	She graduated last year.	—
graduation	noun	school_life	🎓	/ˌɡrædʒuˈeɪʃən/	lễ tốt nghiệp	finishing a degree, or the ceremony for it	My parents came to my graduation.	—
grammar	noun	language	📐	/ˈɡræmə/	ngữ pháp	the rules of a language	English grammar is not too difficult.	—
grant	noun	money	💰	/ɡrɑːnt/	tiền trợ cấp, học bổng	money given for a special purpose	She got a grant to study abroad.	scholarship
graphics	noun	tech	🖼️	/ˈɡræfɪks/	đồ hoạ	pictures and designs on a computer	The game has great graphics.	—
grateful	adjective	feelings_good	🙏	/ˈɡreɪtfəl/	biết ơn	wanting to thank someone	I'm grateful for your help.	thankful
greet	verb	talking	👋	/ɡriːt/	chào hỏi	to say hello to someone	She greeted us at the door.	welcome
greeting	noun	talking	🤝	/ˈɡriːtɪŋ/	lời chào	something you say when you meet someone	"""Hello"" is a common greeting."	—
grey	adjective, noun	looks	🩶	/ɡreɪ/	màu xám; (tóc) bạc	the colour between black and white	My dad has grey hair.	—
grill	noun, verb	kitchen	🔥	/ɡrɪl/	vỉ nướng; nướng	to cook under strong heat	Grill the fish for ten minutes.	—
grocery store	noun	shops	🛒	/ˈɡrəʊsəri stɔː/	cửa hàng tạp hoá	a shop that sells food	I stopped at the grocery store.	supermarket
groom	noun	wedding	🤵	/ɡruːm/	chú rể	a man on his wedding day	The groom was very nervous.	bridegroom
guard	noun	jobs_safety	💂	/ɡɑːd/	người bảo vệ	a person who protects a place	The guard checked our tickets.	security guard
guided	adjective	trips	🧑‍🏫	/ˈɡaɪdɪd/	có hướng dẫn viên	with a guide	We went on a guided tour.	—
guilty	adjective	feelings_sad	😣	/ˈɡɪlti/	có lỗi, có tội	feeling bad because you did something wrong	I feel guilty about lying.	—
guitarist	noun	music_arts	🎸	/ɡɪˈtɑːrɪst/	người chơi ghi-ta	a person who plays the guitar	He's the band's guitarist.	—
gum	noun	snacks	🍬	/ɡʌm/	kẹo cao su	sweet you chew but don't swallow	Don't chew gum in class.	chewing gum
gun	noun	law	🔫	/ɡʌn/	khẩu súng	a weapon that shoots bullets	The police officer had a gun.	—
gymnastics	noun	sport_types	🤸	/dʒɪmˈnæstɪks/	thể dục dụng cụ	a sport with exercises showing strength and balance	She does gymnastics.	—
habit	noun	behaviour	🔁	/ˈhæbɪt/	thói quen	something you do often	Biting your nails is a bad habit.	—
haircut	noun	looks	💇	/ˈheəkʌt/	kiểu tóc; việc cắt tóc	the act or style of cutting hair	I need a haircut.	—
hairdresser	noun	jobs_service	💇‍♀️	/ˈheədresə/	thợ làm tóc	a person who cuts and styles hair	My hairdresser is very good.	—
hairdryer	noun	household	💨	/ˈheədraɪə/	máy sấy tóc	a machine that dries hair	Can I borrow your hairdryer?	—
hand in	phrasal verb	ph_people	📥	/ˌhænd ˈɪn/	nộp	to give work to a teacher	Hand in your homework on Friday.	submit
hand out	phrasal verb	ph_people	📤	/ˌhænd ˈaʊt/	phát cho	to give something to each person	The teacher handed out the tests.	give out
hand-held	adjective	tech	📱	/ˌhændˈheld/	cầm tay	small enough to hold in your hand	I have a hand-held game console.	portable
handkerchief	noun	garments	🤧	/ˈhæŋkətʃɪf/	khăn tay	a small cloth for your nose	He took out a handkerchief.	tissue
handle	verb	v_social	🖐️	/ˈhændəl/	xử lí, đối phó	to deal with something	She handled the problem well.	deal with
handlebars	noun	transport	🚲	/ˈhændəlbɑːz/	tay lái (xe đạp)	the part of a bike you hold	Hold the handlebars with both hands.	—
handsome	adjective	looks	😎	/ˈhænsəm/	đẹp trai	attractive (usually a man)	He's a handsome young man.	good-looking
handwriting	noun	study	✍️	/ˈhændraɪtɪŋ/	chữ viết tay	the way someone writes	Her handwriting is beautiful.	—
hang	verb	v_action	🪝	/hæŋ/	treo	to put something on a hook	Hang your coat on the door.	—
hang out	phrasal verb	ph_daily	🧑‍🤝‍🧑	/ˌhæŋ ˈaʊt/	đi chơi, la cà	to spend time with friends	We hang out at the park.	—
hang up	phrasal verb	ph_people	📵	/ˌhæŋ ˈʌp/	cúp máy	to end a phone call	Don't hang up!	—
happily	adverb	adv_degree	😊	/ˈhæpɪli/	một cách vui vẻ	in a happy way	They lived happily ever after.	—
happiness	noun	feelings_good	😊	/ˈhæpɪnɪs/	niềm hạnh phúc	the feeling of being happy	Money doesn't buy happiness.	joy
hardly	adverb	adv_degree	🤏	/ˈhɑːdli/	hầu như không	almost not	I can hardly hear you.	barely
hardware	noun	tech	🖥️	/ˈhɑːdweə/	phần cứng	the physical parts of a computer	The hardware is old but still works.	—
headline	noun	books	📰	/ˈhedlaɪn/	tiêu đề báo	the title of a newspaper story	The news was in all the headlines.	—
heat	noun	weather	🔥	/hiːt/	sức nóng	high temperature	I can't stand the heat.	—
heater	noun	household	♨️	/ˈhiːtə/	lò sưởi	a machine that warms a room	Turn on the heater.	—
heel	noun	body	👠	/hiːl/	gót chân; gót giày	the back of your foot or shoe	She wore high heels.	—
height	noun	looks	📏	/haɪt/	chiều cao	how tall someone or something is	What's your height?	—
helmet	noun	transport	⛑️	/ˈhelmɪt/	mũ bảo hiểm	a hard hat that protects your head	Always wear a helmet on a motorbike.	—
herb	noun	ingredients	🌿	/hɜːb/	rau thơm, thảo mộc	a plant used in cooking or medicine	Add some fresh herbs.	—
hero	noun	stories	🦸	/ˈhɪərəʊ/	anh hùng; nhân vật chính	a brave person; the main man in a story	He's a real hero.	—
heroine	noun	stories	🦸‍♀️	/ˈherəʊɪn/	nữ anh hùng; nữ chính	a brave woman; the main woman in a story	The heroine of the story is a young girl.	—
hidden	adjective	qualities	🙈	/ˈhɪdən/	bị giấu	kept where no one can see	There's a hidden door.	secret
hide	verb	v_action	🫣	/haɪd/	trốn, giấu	to put or keep out of sight	The children hid behind the tree.	—
high jump	noun	sport_types	🤾	/ˈhaɪ dʒʌmp/	nhảy cao	a sport where you jump over a high bar	She won the high jump.	—
hike	verb	hobbies	🥾	/haɪk/	đi bộ đường dài	to go for a long walk in the country	We hiked up the mountain.	trek
hire	verb, noun	products	🔑	/ˈhaɪə/	thuê	to pay to use something for a time	We hired a car for a week.	rent
historic	adjective	town	🏰	/hɪˈstɒrɪk/	có ý nghĩa lịch sử	important in history	Hoi An is a historic town.	—
historical	adjective	stories	📜	/hɪˈstɒrɪkəl/	thuộc lịch sử	about the past	I like historical films.	—
hitchhike	verb	trips	👍	/ˈhɪtʃhaɪk/	đi nhờ xe	to travel by getting free rides from drivers	They hitchhiked across Europe.	—
hold up	phrasal verb	ph_events	⏳	/ˌhəʊld ˈʌp/	làm chậm trễ; giơ lên	to delay; to lift up	Sorry I'm late, I was held up in traffic.	delay
hole	noun	size_shape	🕳️	/həʊl/	cái lỗ	an empty space in something	There's a hole in my sock.	—
homepage	noun	tech	🏠	/ˈhəʊmpeɪdʒ/	trang chủ	the main page of a website	Go back to the homepage.	—
honest	adjective	character_good	😇	/ˈɒnɪst/	trung thực	telling the truth	He's an honest man.	truthful
honestly	adverb	adv_link	🙏	/ˈɒnɪstli/	thành thật mà nói	truthfully	Honestly, I don't know.	—
honeymoon	noun	wedding	🌴	/ˈhʌnɪmuːn/	tuần trăng mật	a holiday after a wedding	They went to Bali on their honeymoon.	—
hopeful	adjective	feelings_good	🤞	/ˈhəʊpfəl/	đầy hi vọng	feeling that something good will happen	I'm hopeful that we'll win.	optimistic
hopefully	adverb	adv_link	🤞	/ˈhəʊpfəli/	hi vọng là	used to say what you hope	Hopefully, it won't rain.	—
hopeless	adjective	criticise	😩	/ˈhəʊplɪs/	vô vọng; rất tệ	very bad; without hope	I'm hopeless at maths.	—
horse-riding	noun	hobbies	🏇	/ˈhɔːsraɪdɪŋ/	cưỡi ngựa	the sport of riding horses	We went horse-riding on the beach.	riding
hostel	noun	trips	🏠	/ˈhɒstəl/	nhà trọ giá rẻ	a cheap place to stay	We stayed in a youth hostel.	—
housework	noun	chores	🧹	/ˈhaʊswɜːk/	việc nhà	cleaning, washing and other jobs at home	I do the housework on Saturdays.	chores
hug	noun, verb	family_rel	🤗	/hʌɡ/	ôm	to put your arms around someone	She gave me a big hug.	—
human	adjective, noun	looks	🧍	/ˈhjuːmən/	con người	a person	Humans need water to live.	person
humid	adjective	weather	💦	/ˈhjuːmɪd/	ẩm ướt	wet and warm	The weather in Hanoi is humid.	—
humour	noun	behaviour	😂	/ˈhjuːmə/	sự hài hước	the ability to be funny	She has a great sense of humour.	—
hunger	noun	snacks	🍽️	/ˈhʌŋɡə/	cơn đói	the feeling of needing food	Many people suffer from hunger.	—
hunt	verb	animals	🏹	/hʌnt/	săn bắt	to chase and kill animals	Lions hunt at night.	—
hut	noun	house	🛖	/hʌt/	túp lều	a small simple house	They stayed in a hut on the beach.	cabin
ice hockey	noun	sport_types	🏒	/ˈaɪs hɒki/	khúc côn cầu trên băng	hockey played on ice	Ice hockey is popular in Canada.	—
ice skates	noun	sport_types	⛸️	/ˈaɪs skeɪts/	giày trượt băng	boots with blades for skating	I need new ice skates.	—
icy	adjective	weather	🧊	/ˈaɪsi/	đóng băng, lạnh giá	covered with ice	The roads are icy.	—
identify	verb	v_mind	🔍	/aɪˈdentɪfaɪ/	nhận dạng	to recognise and name	Can you identify this bird?	recognise
identity card	noun	airport	🪪	/aɪˈdentəti kɑːd/	thẻ căn cước	a card that shows who you are	Show your identity card.	ID card
ignore	verb	v_social	🙉	/ɪɡˈnɔː/	phớt lờ	to not pay attention to	He ignored my message.	—
illness	noun	illness	🤒	/ˈɪlnɪs/	bệnh tật	being ill	She missed school because of illness.	sickness
imagination	noun	behaviour	💭	/ɪˌmædʒɪˈneɪʃən/	trí tưởng tượng	the ability to create pictures in your mind	Children have a great imagination.	—
imagine	verb	v_mind	💭	/ɪˈmædʒɪn/	tưởng tượng	to create a picture in your mind	Imagine you are on a beach.	picture
immigration	noun	airport	🛂	/ˌɪmɪˈɡreɪʃən/	nhập cư; quầy xuất nhập cảnh	coming to live in another country; passport control	We queued at immigration.	—
importance	noun	choices	❗	/ɪmˈpɔːtəns/	tầm quan trọng	being important	Never forget the importance of sleep.	—
impressed	adjective	feelings_good	🤩	/ɪmˈprest/	ấn tượng	admiring something	I was impressed by her English.	—
improvement	noun	goals	📈	/ɪmˈpruːvmənt/	sự cải thiện	getting better	There's a big improvement in your writing.	progress
in case	conjunction	adv_link	☂️	/ˌɪn ˈkeɪs/	phòng khi	because something might happen	Take an umbrella in case it rains.	—
inch	noun	numbers	📏	/ɪntʃ/	inch (2,54 cm)	a unit of length	The screen is 15 inches.	—
incorrect	adjective	judging	❌	/ˌɪnkəˈrekt/	không đúng	wrong	Your answer is incorrect.	wrong
increase	verb	v_change	📈	/ɪnˈkriːs/	tăng	to become bigger	Prices increased last year.	rise, go up
incredible	adjective	praise	🤯	/ɪnˈkredɪbəl/	khó tin, tuyệt vời	amazing	The view was incredible.	amazing
incredibly	adverb	adv_degree	‼️	/ɪnˈkredɪbli/	cực kì	extremely	It was incredibly hot.	extremely
indeed	adverb	adv_link	✔️	/ɪnˈdiːd/	thật vậy	really, certainly	It was a very good film indeed.	really
independent	adjective	character_good	🦅	/ˌɪndɪˈpendənt/	độc lập	not needing help from others	She is very independent.	—
individual	adjective	ideas	👤	/ˌɪndɪˈvɪdjuəl/	cá nhân, riêng lẻ	single, separate	Each individual student gets a book.	single
industry	noun	business	🏭	/ˈɪndəstri/	ngành công nghiệp	making goods in factories; a type of business	The car industry is big here.	—
inexpensive	adjective	products	🏷️	/ˌɪnɪkˈspensɪv/	không đắt	cheap	It's a good, inexpensive restaurant.	cheap
influence	noun, verb	v_change	🌀	/ˈɪnfluəns/	ảnh hưởng	the power to change what someone does	My parents had a big influence on me.	affect
inform	verb	asking	📨	/ɪnˈfɔːm/	thông báo	to tell someone facts	Please inform us of any changes.	tell
initial	noun	language	🔠	/ɪˈnɪʃəl/	chữ cái đầu tên	the first letter of a name	Write your initials here.	—
injure	verb	illness	🤕	/ˈɪndʒə/	làm bị thương	to hurt	He injured his knee playing football.	hurt
ink	noun	study	🖋️	/ɪŋk/	mực	coloured liquid for writing	Write in blue ink.	—
insist	verb	asking	☝️	/ɪnˈsɪst/	khăng khăng, nài nỉ	to say firmly that something must happen	She insisted on paying.	—
inspire	verb	v_social	💡	/ɪnˈspaɪə/	truyền cảm hứng	to make someone want to do something	Her story inspired me.	motivate
install	verb	tech	⚙️	/ɪnˈstɔːl/	cài đặt	to put software or equipment in place	Install the app on your phone.	set up
instance	noun	ideas	📌	/ˈɪnstəns/	ví dụ (for instance)	an example	For instance, you could take the bus.	example
instructor	noun	jobs_pro	🧑‍🏫	/ɪnˈstrʌktə/	người hướng dẫn	a person who teaches a skill	My driving instructor is very patient.	teacher
intelligent	adjective	character_good	🧠	/ɪnˈtelɪdʒənt/	thông minh	clever	She's an intelligent student.	clever
intend	verb	v_mind	🎯	/ɪnˈtend/	dự định	to plan to do something	I intend to study abroad.	plan
interest	noun, verb	hobbies	⭐	/ˈɪntrɪst/	sở thích; làm quan tâm	something you like doing; to make someone want to know	My main interest is music.	hobby
intermediate	adjective	school_life	📶	/ˌɪntəˈmiːdiət/	trung cấp	at a middle level	I'm in the intermediate class.	—
interrupt	verb	talking	✋	/ˌɪntəˈrʌpt/	ngắt lời	to stop someone while they are speaking	Please don't interrupt me.	—
interval	noun	film_tv	⏸️	/ˈɪntəvəl/	giờ giải lao (ở rạp)	a short break in a play or concert	We had ice cream in the interval.	break
interview	noun, verb	career	🎙️	/ˈɪntəvjuː/	cuộc phỏng vấn; phỏng vấn	a meeting where someone asks you questions	I have a job interview tomorrow.	—
interviewer	noun	career	🧑‍💼	/ˈɪntəvjuːə/	người phỏng vấn	a person who asks questions in an interview	The interviewer was friendly.	—
introduce	verb	talking	🤝	/ˌɪntrəˈdjuːs/	giới thiệu	to tell people each other's names	Let me introduce my friend.	present
introduction	noun	books	📖	/ˌɪntrəˈdʌkʃən/	phần mở đầu; sự giới thiệu	the first part of a book or talk	Read the introduction first.	—
inventor	noun	jobs_pro	💡	/ɪnˈventə/	nhà phát minh	a person who invents things	Edison was a famous inventor.	—
involve	verb	v_mind	🔗	/ɪnˈvɒlv/	bao gồm, liên quan	to include as a necessary part	The job involves a lot of travel.	include
iron	noun, verb	household	🧺	/ˈaɪən/	bàn là; là (ủi); sắt	a tool for making clothes smooth; a metal	I need to iron my shirt.	—
ironing	noun	chores	👔	/ˈaɪənɪŋ/	việc là quần áo	making clothes smooth with an iron	I hate doing the ironing.	—
issue	noun	choices	❗	/ˈɪʃuː/	vấn đề	a problem or subject to discuss	Pollution is a big issue.	problem
item	noun	products	📦	/ˈaɪtəm/	món đồ	a single thing	How many items are in your bag?	thing
jail	noun	law	🔒	/dʒeɪl/	nhà tù	a prison	He spent two years in jail.	prison
jar	noun	kitchen	🫙	/dʒɑː/	lọ, hũ	a glass container with a lid	a jar of honey	—
jealous	adjective	feelings_sad	😒	/ˈdʒeləs/	ghen tị	unhappy because someone has something you want	She's jealous of her sister.	envious
jet	noun	transport	✈️	/dʒet/	máy bay phản lực	a fast plane	A jet flew over the city.	plane
jewellery	noun	garments	💍	/ˈdʒuːəlri/	đồ trang sức	rings, necklaces, etc.	She wears a lot of jewellery.	—
jog	verb	sport_types	🏃	/dʒɒɡ/	chạy bộ	to run slowly for exercise	I jog every morning.	run
jogging	noun	sport_types	👟	/ˈdʒɒɡɪŋ/	môn chạy bộ	running slowly for exercise	Jogging is good for your heart.	running
joke	noun, verb	talking	😂	/dʒəʊk/	chuyện cười; nói đùa	something funny you say	He told a funny joke.	—
judge	noun, verb	law	⚖️	/dʒʌdʒ/	thẩm phán; đánh giá	a person who decides in court; to form an opinion	Don't judge people by their clothes.	—
jug	noun	kitchen	🫖	/dʒʌɡ/	bình rót	a container with a handle for pouring liquids	a jug of water	—
jungle	noun	landforms	🌴	/ˈdʒʌŋɡəl/	rừng rậm	a thick tropical forest	Tigers live in the jungle.	rainforest
keen	adjective	feelings_good	🤩	/kiːn/	say mê, háo hức	very interested (keen on)	He's keen on football.	eager
keep in	phrasal verb	ph_daily	🏠	/ˌkiːp ˈɪn/	giữ ở trong	to not let someone go out	The teacher kept us in after school.	—
keep on	phrasal verb	ph_events	🔁	/ˌkiːp ˈɒn/	tiếp tục mãi	to continue doing	He kept on talking.	continue
keep up	phrasal verb	ph_events	🏃	/ˌkiːp ˈʌp/	theo kịp	to move or learn as fast as others	Walk slowly, I can't keep up.	—
keeper	noun	jobs_service	🧑‍🌾	/ˈkiːpə/	người giữ, người trông coi	a person who looks after something	The zoo keeper fed the lions.	—
kettle	noun	kitchen	🫖	/ˈketəl/	ấm đun nước	a container for boiling water	Put the kettle on.	—
kill	verb	v_action	☠️	/kɪl/	giết	to make someone or something die	The cat killed a mouse.	—
knee	noun	body	🦵	/niː/	đầu gối	the joint in the middle of your leg	I hurt my knee.	—
knit	verb	hobbies	🧶	/nɪt/	đan (len)	to make clothes from wool with needles	My grandma knits scarves.	—
knock	verb	v_action	🚪	/nɒk/	gõ (cửa)	to hit a door to be let in	Knock before you enter.	—
knock down	phrasal verb	ph_events	🏗️	/ˌnɒk ˈdaʊn/	phá đổ; đâm ngã	to destroy a building; to hit someone with a vehicle	They knocked down the old school.	demolish
knowledge	noun	study	🧠	/ˈnɒlɪdʒ/	kiến thức	what you know	She has a good knowledge of history.	—
label	noun	products	🏷️	/ˈleɪbəl/	nhãn	a piece of paper with information on a product	Read the label on the bottle.	tag
laboratory	noun	study	🧪	/ləˈbɒrətəri/	phòng thí nghiệm	a room for science experiments	We do experiments in the laboratory.	lab
lack	noun	choices	🫙	/læk/	sự thiếu	not having enough of something	The plants died from lack of water.	shortage
ladder	noun	household	🪜	/ˈlædə/	cái thang	a set of steps you carry to reach high places	He climbed the ladder.	—
lady	noun	looks	👩	/ˈleɪdi/	quý bà, người phụ nữ	a polite word for a woman	Ask that lady for help.	woman
lamb	noun	ingredients	🐑	/læm/	thịt cừu non; cừu con	a young sheep or its meat	We had roast lamb.	—
land	noun, verb	landforms	🏞️	/lænd/	đất liền; hạ cánh	the ground; to arrive on the ground	The plane landed safely.	—
landscape	noun	landforms	🏞️	/ˈlændskeɪp/	phong cảnh	everything you can see in an area of land	The landscape is beautiful.	scenery
lately	adverb	time	🆕	/ˈleɪtli/	gần đây	recently	Have you seen him lately?	recently
laundry	noun	chores	🧺	/ˈlɔːndri/	quần áo cần giặt; tiệm giặt	clothes that need washing	I need to do the laundry.	washing
law	noun	law	⚖️	/lɔː/	luật pháp	the rules of a country	It's against the law to drive without a licence.	rule
lawyer	noun	jobs_pro	👩‍⚖️	/ˈlɔɪə/	luật sư	a person who gives legal advice	She wants to be a lawyer.	—
lay	verb	v_action	🍽️	/leɪ/	đặt, bày (bàn); đẻ (trứng)	to put down; to produce eggs	Lay the table for dinner.	put
lead to	verb	v_change	➡️	/ˈliːd tə/	dẫn đến	to cause something	Too much sugar can lead to health problems.	cause
leader	noun	society	👑	/ˈliːdə/	người lãnh đạo	a person in charge	He's the leader of the team.	head
leaf	noun	plants	🍃	/liːf/	chiếc lá	a flat green part of a plant	The leaves turn brown in autumn.	—
league	noun	sport_comp	🏆	/liːɡ/	giải đấu	a group of teams that play each other	They are top of the league.	—
lecture	noun	study	🎓	/ˈlektʃə/	bài giảng	a talk to students at university	I have a lecture at nine.	talk
lecturer	noun	jobs_pro	👨‍🏫	/ˈlektʃərə/	giảng viên	a university teacher	My lecturer is very helpful.	—
leisure	noun	hobbies	🏖️	/ˈleʒə/	thời gian rảnh	free time	What do you do in your leisure time?	free time
lettuce	noun	ingredients	🥬	/ˈletɪs/	rau diếp	a green leafy vegetable	Add lettuce to the sandwich.	—
librarian	noun	jobs_service	📚	/laɪˈbreəriən/	thủ thư	a person who works in a library	The librarian helped me find a book.	—
lie	noun, verb	talking	🤥	/laɪ/	lời nói dối; nói dối	something you say that is not true	Don't tell lies.	—
lighter	noun	household	🔥	/ˈlaɪtə/	bật lửa	a small device for making a flame	Do you have a lighter?	—
lightning	noun	weather	⚡	/ˈlaɪtnɪŋ/	tia chớp	a flash of light in the sky in a storm	Lightning hit the tree.	—
likely	adjective	judging	📊	/ˈlaɪkli/	có khả năng	probably going to happen	It's likely to rain.	probable
limit	noun, verb	numbers	🚧	/ˈlɪmɪt/	giới hạn	the most that is allowed	The speed limit is 50 km/h.	—
limited	adjective	numbers	🔒	/ˈlɪmɪtɪd/	có giới hạn	small in amount	There are only a limited number of tickets.	—
lip	noun	body	👄	/lɪp/	môi	one of the two edges of your mouth	She has red lips.	—
liquid	noun	kitchen	💧	/ˈlɪkwɪd/	chất lỏng	something like water that flows	You can't take liquids on the plane.	—
literature	noun	books	📚	/ˈlɪtərətʃə/	văn học	books, poems and plays	I study English literature.	—
litre	noun	numbers	🧴	/ˈliːtə/	lít	a unit for measuring liquid	a litre of milk	—
litter	noun	environment	🗑️	/ˈlɪtə/	rác xả bừa bãi	rubbish left in public places	Don't drop litter.	rubbish
lively	adjective	praise	🎉	/ˈlaɪvli/	sôi nổi, sống động	full of energy	It's a lively city.	—
load	noun	v_action	📦	/ləʊd/	khối hàng; chất hàng	something heavy that is carried	The lorry had a heavy load.	—
loan	noun	money	🏦	/ləʊn/	khoản vay	money you borrow	I got a loan from the bank.	—
locate	verb	trips	📍	/ˈləʊkeɪt/	định vị; đặt ở	to find where something is	The hotel is located near the beach.	find
location	noun	trips	📍	/ləʊˈkeɪʃən/	vị trí	a place	The hotel has a great location.	place
lock	noun, verb	household	🔒	/lɒk/	ổ khoá; khoá	a thing that keeps a door shut	Lock the door when you go out.	—
locker	noun	school_life	🗄️	/ˈlɒkə/	tủ có khoá	a small cupboard with a lock	Leave your bag in the locker.	—
logo	noun	products	🏷️	/ˈləʊɡəʊ/	biểu tượng, logo	a symbol of a company	The logo is a red apple.	symbol
lonely	adjective	feelings_sad	🥺	/ˈləʊnli/	cô đơn	unhappy because you are alone	She felt lonely in the new city.	alone
long jump	noun	sport_types	🏃	/ˈlɒŋ dʒʌmp/	nhảy xa	a sport where you jump as far as possible	He won the long jump.	—
look forward to	phrasal verb	ph_people	🤩	/lʊk ˈfɔːwəd tə/	mong chờ	to feel happy about something that will happen	I look forward to seeing you.	—
look like	verb	looks	👯	/ˈlʊk laɪk/	trông giống	to be similar in appearance	You look like your mother.	resemble
look up	phrasal verb	ph_people	🔍	/ˌlʊk ˈʌp/	tra cứu	to find information in a book or online	Look up the word in a dictionary.	—
loose	adjective	fashion	👖	/luːs/	rộng, lỏng	not tight	These trousers are too loose.	baggy
lottery	noun	money	🎰	/ˈlɒtəri/	xổ số	a game where you buy tickets to win money	He won the lottery.	—
loudly	adverb	adv_degree	📢	/ˈlaʊdli/	một cách ồn ào	in a loud way	Don't speak so loudly.	—
luxury	noun	products	💎	/ˈlʌkʃəri/	sự xa xỉ	something expensive and nice	We stayed in a luxury hotel.	—
made of	verb	household	🧱	/ˈmeɪd əv/	làm bằng	built from a material	This table is made of wood.	—
magic	adjective, noun	film_tv	🪄	/ˈmædʒɪk/	ma thuật; kì diệu	special powers to do impossible things	He did a magic trick.	—
magnificent	adjective	praise	🏰	/mæɡˈnɪfɪsənt/	tráng lệ	very beautiful and impressive	The palace is magnificent.	splendid
main	adjective	qualities	⭐	/meɪn/	chính	most important	This is the main road.	chief
mainly	adverb	adv_freq	📌	/ˈmeɪnli/	chủ yếu	mostly	The class is mainly girls.	mostly
male	adjective, noun	looks	♂️	/meɪl/	nam, giống đực	a man or boy; a male animal	The male lion has a mane.	—
mall	noun	shops	🏬	/mɔːl/	trung tâm thương mại	a large shopping centre	Let's meet at the mall.	shopping centre
manage	verb	v_change	🎯	/ˈmænɪdʒ/	xoay xở được; quản lí	to succeed in doing something difficult; to control	I managed to finish on time.	—
marriage	noun	wedding	💍	/ˈmærɪdʒ/	hôn nhân	being married	They had a happy marriage.	—
marry	verb	wedding	💒	/ˈmæri/	kết hôn với	to become someone's husband or wife	Will you marry me?	wed
marvellous	adjective	praise	🌟	/ˈmɑːvələs/	tuyệt diệu	wonderful	We had a marvellous time.	wonderful
mate	noun	family_rel	🤜	/meɪt/	bạn bè	a friend	He's my best mate.	friend
material	noun	household	🧵	/məˈtɪəriəl/	vật liệu; chất liệu	what something is made of	What material is this dress?	fabric
maximum	adjective, noun	numbers	⬆️	/ˈmæksɪməm/	tối đa	the largest amount possible	The maximum speed is 100 km/h.	—
meaning	noun	language	💡	/ˈmiːnɪŋ/	ý nghĩa	what something means	What's the meaning of this word?	—
meanwhile	adverb	adv_freq	⏳	/ˈmiːnwaɪl/	trong khi đó	at the same time	Meanwhile, the children were playing.	—
measure	verb	numbers	📏	/ˈmeʒə/	đo	to find the size of something	Measure the table.	—
medium	adjective	size_shape	🟠	/ˈmiːdiəm/	vừa, trung bình	in the middle, not big or small	I'd like a medium coffee.	average
membership	noun	hobbies	🪪	/ˈmembəʃɪp/	tư cách thành viên	being a member	Gym membership costs £30 a month.	—
mend	verb	v_action	🪡	/mend/	sửa	to repair	Can you mend my jeans?	fix, repair
mention	verb	talking	💬	/ˈmenʃən/	đề cập	to speak about briefly	She mentioned your name.	—
mess	noun	chores	🧦	/mes/	sự bừa bộn	a dirty or untidy state	Your room is a mess!	—
messy	adjective	chores	🌪️	/ˈmesi/	bừa bộn	untidy	My desk is very messy.	untidy
method	noun	goals	🛠️	/ˈmeθəd/	phương pháp	a way of doing something	This is a good method for learning words.	way
metre	noun	numbers	📏	/ˈmiːtə/	mét	a unit of length	The pool is 25 metres long.	—
microwave	noun	household	📟	/ˈmaɪkrəweɪv/	lò vi sóng	an oven that cooks food very quickly	Heat the soup in the microwave.	—
middle-aged	adjective	looks	🧔	/ˌmɪdəlˈeɪdʒd/	trung niên	about 45 to 60 years old	a middle-aged man	—
mild	adjective	weather	🌤️	/maɪld/	ôn hoà, dịu	not too cold or hot; not strong	We had a mild winter.	—
minimum	adjective, noun	numbers	⬇️	/ˈmɪnɪməm/	tối thiểu	the smallest amount possible	The minimum age is 18.	—
miserable	adjective	feelings_sad	😭	/ˈmɪzrəbəl/	khổ sở	very unhappy	He looked miserable.	very sad
monster	noun	film_tv	👹	/ˈmɒnstə/	quái vật	a scary imaginary creature	The film is about a sea monster.	—
monument	noun	town	🗿	/ˈmɒnjəmənt/	đài tưởng niệm	a building or statue that reminds people of something	There's a monument in the square.	memorial
mood	noun	feelings_good	🌦️	/muːd/	tâm trạng	how you feel at a time	She's in a good mood today.	—
mosquito	noun	animals	🦟	/məˈskiːtəʊ/	con muỗi	a small flying insect that bites	I got bitten by a mosquito.	—
mostly	adverb	adv_freq	📌	/ˈməʊstli/	phần lớn	mainly	The students are mostly Vietnamese.	mainly
motor-racing	noun	sport_types	🏎️	/ˈməʊtəreɪsɪŋ/	đua xe	the sport of racing cars	He loves watching motor-racing.	—
motorcycle	noun	transport	🏍️	/ˈməʊtəsaɪkəl/	xe mô tô	a motorbike	He rides a motorcycle to work.	motorbike
moustache	noun	looks	👨	/məˈstɑːʃ/	ria mép	hair above a man's lip	My uncle has a moustache.	—
movie	noun	film_tv	🎬	/ˈmuːvi/	bộ phim (tiếng Mỹ)	a film	Let's watch a movie.	film
movie star	noun	film_tv	🌟	/ˈmuːvi stɑː/	ngôi sao điện ảnh	a famous film actor	She's a movie star.	film star
movie theater	noun	film_tv	🎦	/ˈmuːvi θɪətə/	rạp chiếu phim (tiếng Mỹ)	a cinema	Let's meet at the movie theater.	cinema
multiply	verb	numbers	✖️	/ˈmʌltɪplaɪ/	nhân	to add a number to itself several times	Multiply 3 by 4.	—
mum	noun	family_rel	👩	/mʌm/	mẹ	mother	My mum is a doctor.	mother
mystery	noun	stories	🕵️	/ˈmɪstəri/	điều bí ẩn; truyện trinh thám	something strange that no one understands	It's a mystery where he went.	—
narrow	adjective	size_shape	↕️	/ˈnærəʊ/	hẹp	not wide	The street is very narrow.	—
nasty	adjective	criticise	🤢	/ˈnɑːsti/	khó chịu, tồi tệ	very unpleasant	There's a nasty smell in here.	horrible
navy blue	adjective	fashion	🔵	/ˌneɪvi ˈbluː/	xanh nước biển đậm	dark blue	He wore a navy blue suit.	—
nearby	adjective, adverb	town	📍	/ˌnɪəˈbaɪ/	gần đây	not far away	Is there a bank nearby?	close
neat	adjective	chores	🧹	/niːt/	gọn gàng	tidy	Her room is always neat.	tidy
necessary	adjective	judging	❗	/ˈnesəsəri/	cần thiết	needed	Is it necessary to book?	essential
negative	adjective	judging	➖	/ˈneɡətɪv/	tiêu cực	bad or not hopeful	Don't be so negative.	—
neighbourhood	noun	town	🏘️	/ˈneɪbəhʊd/	khu phố	the area around your home	It's a quiet neighbourhood.	area
nephew	noun	family_rel	👦	/ˈnefjuː/	cháu trai (con anh chị em)	the son of your brother or sister	My nephew is five.	—
network	noun	tech	🕸️	/ˈnetwɜːk/	mạng lưới	a system of connected things	The phone network is down.	—
niece	noun	family_rel	👧	/niːs/	cháu gái (con anh chị em)	the daughter of your brother or sister	My niece loves drawing.	—
nightclub	noun	town	🪩	/ˈnaɪtklʌb/	hộp đêm	a place to dance at night	They went to a nightclub.	club
nightlife	noun	town	🌃	/ˈnaɪtlaɪf/	cuộc sống về đêm	places to go at night	The city has great nightlife.	—
nightmare	noun	feelings_fear	😱	/ˈnaɪtmeə/	ác mộng	a very bad dream	I had a nightmare last night.	—
normally	adverb	adv_freq	🔁	/ˈnɔːmli/	thường thì	usually	I normally walk to school.	usually
northeast	noun, adjective	compass	↗️	/ˌnɔːθˈiːst/	đông bắc	the direction between north and east	The wind is from the northeast.	—
northern	adjective	compass	⬆️	/ˈnɔːðən/	thuộc phía bắc	in or from the north	Sapa is in northern Vietnam.	—
northwest	noun, adjective	compass	↖️	/ˌnɔːθˈwest/	tây bắc	the direction between north and west	They live in the northwest.	—
notepaper	noun	study	📝	/ˈnəʊtpeɪpə/	giấy viết thư	paper for writing letters	I wrote on some notepaper.	—
noticeboard	noun	school_life	📌	/ˈnəʊtɪsbɔːd/	bảng thông báo	a board on a wall for notices	Check the noticeboard for news.	bulletin board
novel	noun	books	📕	/ˈnɒvəl/	tiểu thuyết	a long story in a book	I'm reading a novel by Nguyen Nhat Anh.	book
novelist	noun	books	✍️	/ˈnɒvəlɪst/	tiểu thuyết gia	a person who writes novels	She's a famous novelist.	writer
nowadays	adverb	time	📱	/ˈnaʊədeɪz/	ngày nay	at the present time	Nowadays everyone has a phone.	these days
nowhere	adverb	adv_place	🚫	/ˈnəʊweə/	không nơi nào	not anywhere	There's nowhere to sit.	—
object	noun	ideas	🧸	/ˈɒbdʒekt/	đồ vật	a thing you can see or touch	What's that object on the table?	thing
obvious	adjective	judging	💡	/ˈɒbviəs/	rõ ràng	easy to see or understand	The answer is obvious.	clear
obviously	adverb	adv_link	💡	/ˈɒbviəsli/	rõ ràng là	clearly	Obviously, she was angry.	clearly
occasion	noun	wedding	🎉	/əˈkeɪʒən/	dịp	a special event or time	A wedding is a special occasion.	event
occasionally	adverb	adv_freq	〰️	/əˈkeɪʒnəli/	thỉnh thoảng	sometimes but not often	I occasionally eat meat.	sometimes
officer	noun	jobs_safety	👮	/ˈɒfɪsə/	sĩ quan, cán bộ	a person with authority, like in the police or army	A police officer helped us.	—
old-fashioned	adjective	qualities	📻	/ˌəʊldˈfæʃənd/	lỗi thời	not modern	His clothes are old-fashioned.	out of date
olive	noun	ingredients	🫒	/ˈɒlɪv/	quả ô liu	a small green or black fruit	I like olive oil.	—
opening hours	noun	shops	🕘	/ˈəʊpənɪŋ aʊəz/	giờ mở cửa	the times a place is open	What are the opening hours?	—
operate	verb	v_action	⚙️	/ˈɒpəreɪt/	vận hành; phẫu thuật	to make a machine work; to do surgery	Can you operate this machine?	—
operation	noun	treatment	🏥	/ˌɒpəˈreɪʃən/	ca phẫu thuật	when a doctor cuts into the body to fix something	He had an operation on his knee.	surgery
operator	noun	jobs_service	☎️	/ˈɒpəreɪtə/	người vận hành, tổng đài viên	a person who works a machine or phone system	Ask the operator for help.	—
opportunity	noun	choices	🚪	/ˌɒpəˈtjuːnəti/	cơ hội	a chance to do something	This is a great opportunity.	chance
option	noun	choices	🔀	/ˈɒpʃən/	lựa chọn	a choice	You have two options.	choice
orchestra	noun	music_arts	🎻	/ˈɔːkɪstrə/	dàn nhạc	a large group of musicians	She plays violin in an orchestra.	—
ordinary	adjective	qualities	🙂	/ˈɔːdɪnəri/	bình thường	normal, not special	It was an ordinary day.	normal
organisation	noun	society	🏢	/ˌɔːɡənaɪˈzeɪʃən/	tổ chức	a group of people working together	She works for a charity organisation.	—
organise	verb	v_mind	🗂️	/ˈɔːɡənaɪz/	tổ chức, sắp xếp	to plan and arrange	We organised a party.	arrange
original	adjective	qualities	🌟	/əˈrɪdʒɪnəl/	nguyên bản; độc đáo	first; new and different	This is the original painting.	—
otherwise	adverb	adv_link	↪️	/ˈʌðəwaɪz/	nếu không thì	if not	Hurry, otherwise we'll be late.	or else
overnight	adjective, adverb	trips	🌙	/ˌəʊvəˈnaɪt/	qua đêm	during the night	We stayed overnight in Hue.	—
owe	verb	money	💸	/əʊ/	nợ	to have to pay back money	I owe you ten pounds.	—
owner	noun	shops	🔑	/ˈəʊnə/	chủ sở hữu	a person who owns something	Who is the owner of this car?	—
packet	noun	products	📦	/ˈpækɪt/	gói	a small box or bag	a packet of biscuits	pack
painful	adjective	illness	😣	/ˈpeɪnfəl/	đau đớn	causing pain	My leg is painful.	sore
palace	noun	town	🏰	/ˈpælɪs/	cung điện	a large house for a king or queen	We visited the royal palace.	—
pan	noun	kitchen	🍳	/pæn/	cái chảo, cái nồi	a metal container for cooking	Heat the oil in a pan.	—
pants	noun	garments	🩲	/pænts/	quần lót; quần dài (tiếng Mỹ)	underwear; trousers (US)	I need new pants.	—
parcel	noun	formal	📦	/ˈpɑːsəl/	bưu kiện	something wrapped to send by post	I sent a parcel to my sister.	package
parking	noun	transport	🅿️	/ˈpɑːkɪŋ/	việc đỗ xe	leaving a car somewhere	There's no parking here.	—
parking lot	noun	town	🅿️	/ˈpɑːkɪŋ lɒt/	bãi đỗ xe (tiếng Mỹ)	a car park	The parking lot is full.	car park
part-time	adjective	business	🕐	/ˌpɑːtˈtaɪm/	bán thời gian	working only some of the day or week	I have a part-time job.	—
particular	adjective	qualities	🔎	/pəˈtɪkjələ/	cụ thể, đặc biệt	a specific one	Is there a particular book you want?	specific
particularly	adverb	adv_freq	⭐	/pəˈtɪkjələli/	đặc biệt là	especially	I love fruit, particularly mango.	especially
partly	adverb	adv_degree	◐	/ˈpɑːtli/	một phần	not completely	It was partly my fault.	—
pass on	phrasal verb	ph_people	📨	/ˌpɑːs ˈɒn/	chuyển lời	to give a message to someone else	Please pass on my thanks.	—
patient	adjective, noun	treatment	🧑‍⚕️	/ˈpeɪʃənt/	kiên nhẫn; bệnh nhân	calm and able to wait; a person seeing a doctor	The doctor has many patients.	—
pattern	noun	fashion	🔷	/ˈpætən/	hoa văn	a design of shapes and colours	I like the pattern on your shirt.	design
pause	verb	v_action	⏸️	/pɔːz/	tạm dừng	to stop for a short time	Pause the video.	stop
pavement	noun	town	🚶	/ˈpeɪvmənt/	vỉa hè	the path next to a road	Walk on the pavement.	sidewalk
pea	noun	ingredients	🟢	/piː/	đậu Hà Lan	a small round green vegetable	Would you like some peas?	—
peace	noun	war	🕊️	/piːs/	hoà bình; sự yên tĩnh	no war; quiet and calm	Everyone wants peace.	—
peaceful	adjective	praise	🌿	/ˈpiːsfəl/	yên bình	quiet and calm	It's a peaceful village.	calm
peach	noun	ingredients	🍑	/piːtʃ/	quả đào	a soft round fruit with a hairy skin	This peach is very sweet.	—
peak	noun	landforms	🏔️	/piːk/	đỉnh núi	the top of a mountain	We climbed to the peak.	top
peanut	noun	ingredients	🥜	/ˈpiːnʌt/	đậu phộng	a small nut	I'm allergic to peanuts.	groundnut
pedestrian	noun	town	🚶	/pɪˈdestriən/	người đi bộ	a person walking in the street	The street is for pedestrians only.	walker
peel	verb	kitchen	🍌	/piːl/	gọt, bóc vỏ	to remove the skin of fruit or vegetables	Peel the potatoes.	—
percent	adverb	numbers	💯	/pəˈsent/	phần trăm	in every hundred	Fifty percent of students passed.	%
perfectly	adverb	adv_degree	💯	/ˈpɜːfɪktli/	một cách hoàn hảo	completely, very well	She speaks English perfectly.	—
performer	noun	music_arts	🎭	/pəˈfɔːmə/	người biểu diễn	a person who entertains an audience	The performers were amazing.	artist
period	noun	time	🗓️	/ˈpɪəriəd/	khoảng thời gian	a length of time	a period of two years	time
permanent	adjective	time	♾️	/ˈpɜːmənənt/	lâu dài, vĩnh viễn	lasting for a long time or forever	She has a permanent job.	—
permission	noun	v_social	✅	/pəˈmɪʃən/	sự cho phép	allowing someone to do something	You need permission to leave early.	—
permit	verb	v_social	📄	/pəˈmɪt/	cho phép	to allow	Smoking is not permitted.	allow
permitted	adjective	law	✅	/pəˈmɪtɪd/	được phép	allowed	Dogs are not permitted in the shop.	allowed
personal	adjective	ideas	👤	/ˈpɜːsənəl/	cá nhân	belonging to one person	This is my personal opinion.	private
personally	adverb	adv_link	🙋	/ˈpɜːsənli/	về phần mình	in my opinion	Personally, I prefer tea.	—
persuade	verb	asking	🗣️	/pəˈsweɪd/	thuyết phục	to make someone agree to do something	She persuaded me to go.	convince
photocopy	noun	study	📠	/ˈfəʊtəʊkɒpi/	bản photo	a copy made by a machine	Make a photocopy of this page.	copy
phrase	noun	language	💬	/freɪz/	cụm từ	a small group of words	Learn some useful phrases.	expression
pick	verb	v_action	🍓	/pɪk/	hái; chọn	to take fruit from a plant; to choose	We picked strawberries.	choose
pie	noun	snacks	🥧	/paɪ/	bánh nướng nhân	food with pastry and a filling	I made an apple pie.	—
pig	noun	animals	🐷	/pɪɡ/	con lợn	a pink farm animal	The farmer keeps pigs.	—
pile	noun	chores	📚	/paɪl/	chồng, đống	things on top of each other	There's a pile of books on the desk.	stack
pill	noun	treatment	💊	/pɪl/	viên thuốc	a small piece of medicine	Take two pills a day.	tablet
pin	noun, verb	garments	📌	/pɪn/	đinh ghim; ghim	a thin metal piece with a sharp point	Pin the notice on the board.	—
pineapple	noun	ingredients	🍍	/ˈpaɪnæpəl/	quả dứa	a large tropical fruit with a rough skin	I love pineapple juice.	—
pipe	noun	house	🔧	/paɪp/	ống nước	a tube for water or gas	The water pipe is broken.	tube
pirate	noun	stories	🏴‍☠️	/ˈpaɪrɪt/	cướp biển	a person who attacks ships	The film is about pirates.	—
pitch	noun	sport_comp	🏟️	/pɪtʃ/	sân (bóng)	an area for playing football	The players ran onto the pitch.	field
plain	adjective	qualities	⬜	/pleɪn/	trơn, đơn giản	simple, with no pattern	She wore a plain white T-shirt.	simple
planet	noun	landforms	🪐	/ˈplænɪt/	hành tinh	a large round object in space	Mars is a red planet.	—
pleasure	noun	feelings_good	😊	/ˈpleʒə/	niềm vui	a feeling of happiness	It's a pleasure to meet you.	joy
plot	noun	stories	📖	/plɒt/	cốt truyện	the story of a book or film	The plot is very exciting.	story
plug	noun, verb	household	🔌	/plʌɡ/	phích cắm; cắm điện	the thing you put into a wall to get electricity	Plug in the TV.	—
pocket money	noun	money	💰	/ˈpɒkɪt mʌni/	tiền tiêu vặt	money parents give children	I get pocket money every week.	—
podcast	noun	tech	🎧	/ˈpɒdkɑːst/	podcast	an audio programme you download	I listen to podcasts on the bus.	—
poem	noun	books	📜	/ˈpəʊɪm/	bài thơ	a piece of writing with rhythm	She wrote a poem about love.	—
poet	noun	books	🪶	/ˈpəʊɪt/	nhà thơ	a person who writes poems	Nguyen Du is a famous poet.	—
poetry	noun	books	📜	/ˈpəʊɪtri/	thơ ca	poems	I love reading poetry.	—
policeman	noun	jobs_safety	👮‍♂️	/pəˈliːsmən/	cảnh sát (nam)	a male police officer	The policeman stopped the car.	police officer
policewoman	noun	jobs_safety	👮‍♀️	/pəˈliːswʊmən/	nữ cảnh sát	a female police officer	The policewoman helped the child.	police officer
political	adjective	society	🏛️	/pəˈlɪtɪkəl/	thuộc chính trị	relating to politics	They had a political discussion.	—
politician	noun	society	🧑‍💼	/ˌpɒlɪˈtɪʃən/	chính trị gia	a person in politics	The politician gave a speech.	—
politics	noun	society	🗳️	/ˈpɒlɪtɪks/	chính trị	the activities of government	I'm not interested in politics.	—
pollution	noun	environment	🏭	/pəˈluːʃən/	ô nhiễm	dirty air, water or land	Air pollution is a big problem.	—
population	noun	society	👥	/ˌpɒpjəˈleɪʃən/	dân số	the number of people living in a place	The population of Vietnam is about 100 million.	—
position	noun	ideas	📍	/pəˈzɪʃən/	vị trí; chức vụ	a place; a job	What position do you play?	place
positive	adjective	judging	➕	/ˈpɒzɪtɪv/	tích cực	good or hopeful	Stay positive!	—
possibility	noun	choices	🤔	/ˌpɒsɪˈbɪləti/	khả năng	something that might happen	There's a possibility of rain.	chance
postman	noun	jobs_service	📮	/ˈpəʊstmən/	người đưa thư	a person who delivers letters	The postman comes at ten.	mail carrier
postpone	verb	v_change	📅	/pəʊstˈpəʊn/	hoãn	to change to a later time	The match was postponed.	put off
pot	noun	kitchen	🍲	/pɒt/	cái nồi; chậu	a round container for cooking or plants	a pot of tea	—
pottery	noun	hobbies	🏺	/ˈpɒtəri/	đồ gốm; nghề gốm	making pots from clay	I'm taking a pottery class.	ceramics
pour	verb	kitchen	🫗	/pɔː/	rót, đổ	to make liquid flow out	Pour the milk into the glass.	—
powder	noun	household	🧂	/ˈpaʊdə/	bột	very small dry pieces	Add the washing powder.	—
power	noun	environment	⚡	/ˈpaʊə/	năng lượng; quyền lực	energy; control over people	The power went off in the storm.	energy
powerful	adjective	qualities	💪	/ˈpaʊəfəl/	mạnh mẽ	having a lot of power	It's a powerful computer.	strong
practice	noun	study	🔁	/ˈpræktɪs/	sự luyện tập	doing something again to get better	Football practice is on Tuesday.	training
pray	verb	society	🙏	/preɪ/	cầu nguyện	to speak to God	They pray every day.	—
prayer	noun	society	🙏	/preə/	lời cầu nguyện	words said to God	She said a prayer.	—
predict	verb	v_mind	🔮	/prɪˈdɪkt/	dự đoán	to say what will happen	Can you predict the winner?	forecast
pregnant	adjective	illness	🤰	/ˈpreɡnənt/	mang thai	having a baby inside	She is six months pregnant.	expecting
preparation	noun	goals	📋	/ˌprepəˈreɪʃən/	sự chuẩn bị	getting ready	Preparation for the exam is important.	—
prepared	adjective	judging	✅	/prɪˈpeəd/	sẵn sàng	ready	Are you prepared for the test?	ready
prescription	noun	treatment	📝	/prɪˈskrɪpʃən/	đơn thuốc	a doctor's note for medicine	Take this prescription to the chemist.	—
presentation	noun	business	📊	/ˌprezənˈteɪʃən/	bài thuyết trình	a talk to a group	I gave a presentation in class.	talk
presenter	noun	film_tv	🎙️	/prɪˈzentə/	người dẫn chương trình	a person who introduces a TV or radio show	She's a TV presenter.	host
president	noun	society	🏛️	/ˈprezɪdənt/	tổng thống; chủ tịch	the leader of a country or organisation	The president visited Hanoi.	—
press	verb	v_action	👇	/pres/	ấn, nhấn	to push with your finger	Press the green button.	push
prevent	verb	v_change	🛑	/prɪˈvent/	ngăn chặn	to stop something from happening	Wash your hands to prevent illness.	stop
previous	adjective	time	⏮️	/ˈpriːviəs/	trước đó	before this one	My previous job was in a bank.	last
previously	adverb	time	⏮️	/ˈpriːviəsli/	trước đây	before now	I previously lived in Hue.	before
primary school	noun	school_life	🏫	/ˈpraɪməri skuːl/	trường tiểu học	a school for children aged 5 to 11	My sister is at primary school.	elementary school
prince	noun	society	🤴	/prɪns/	hoàng tử	the son of a king or queen	The prince married a princess.	—
princess	noun	society	👸	/ˈprɪnses/	công chúa	the daughter of a king or queen	The story is about a princess.	—
principal	adjective	qualities	⭐	/ˈprɪnsɪpəl/	chính, chủ yếu	most important	The principal reason is money.	main
prison	noun	law	🔒	/ˈprɪzən/	nhà tù	a building where criminals are kept	He was sent to prison.	jail
prisoner	noun	law	⛓️	/ˈprɪznə/	tù nhân	a person in prison	The prisoner escaped.	—
private	adjective	ideas	🔐	/ˈpraɪvɪt/	riêng tư, tư nhân	for one person; not public	This is a private beach.	personal
produce	verb	v_change	🏭	/prəˈdʒuːs/	sản xuất	to make or grow	The factory produces cars.	make
product	noun	products	📦	/ˈprɒdʌkt/	sản phẩm	something made to be sold	This shop sells beauty products.	goods
production	noun	business	🏭	/prəˈdʌkʃən/	sự sản xuất	making things	Car production increased.	—
profession	noun	career	💼	/prəˈfeʃən/	nghề nghiệp	a job that needs special training	Teaching is a great profession.	career
professional	noun, adjective	career	🎓	/prəˈfeʃənəl/	chuyên nghiệp; người chuyên nghiệp	doing something as a paid job; skilled	He's a professional footballer.	—
professor	noun	jobs_pro	👨‍🏫	/prəˈfesə/	giáo sư	a senior university teacher	She's a professor of history.	—
programmer	noun	jobs_pro	👩‍💻	/ˈprəʊɡræmə/	lập trình viên	a person who writes computer programs	My brother is a programmer.	developer
progress	noun	goals	📈	/ˈprəʊɡres/	sự tiến bộ	improvement	You've made good progress.	improvement
prohibited	adjective	law	⛔	/prəʊˈhɪbɪtɪd/	bị cấm	not allowed	Smoking is prohibited.	forbidden
promise	noun, verb	asking	🤞	/ˈprɒmɪs/	lời hứa; hứa	to say you will certainly do something	I promise I'll call you.	—
promote	verb	career	📈	/prəˈməʊt/	thăng chức; quảng bá	to give a better job; to advertise	She was promoted to manager.	—
pronounce	verb	language	🗣️	/prəˈnaʊns/	phát âm	to say a word in a particular way	How do you pronounce this word?	say
pronunciation	noun	language	👄	/prəˌnʌnsiˈeɪʃən/	cách phát âm	how a word is said	Her pronunciation is very good.	—
proper	adjective	judging	✔️	/ˈprɒpə/	đúng, thích hợp	correct or suitable	Wear proper shoes for hiking.	right
properly	adverb	adv_degree	✔️	/ˈprɒpəli/	đúng cách	correctly	The printer isn't working properly.	correctly
property	noun	house	🏠	/ˈprɒpəti/	tài sản; bất động sản	things you own; a building and land	This property is for sale.	—
protect	verb	v_social	🛡️	/prəˈtekt/	bảo vệ	to keep safe	Sun cream protects your skin.	—
proud	adjective	feelings_good	🥲	/praʊd/	tự hào	pleased about something you or others did	I'm proud of you.	—
prove	verb	v_mind	✅	/pruːv/	chứng minh	to show that something is true	Can you prove it?	—
provide	verb	v_social	🎁	/prəˈvaɪd/	cung cấp	to give something that is needed	The hotel provides towels.	supply
public	adjective, noun	society	👥	/ˈpʌblɪk/	công cộng; công chúng	for everyone	This is a public park.	—
public transport	noun	transport	🚌	/ˈpʌblɪk trænspɔːt/	phương tiện công cộng	buses and trains everyone can use	I use public transport every day.	—
publish	verb	books	📰	/ˈpʌblɪʃ/	xuất bản	to print and sell a book or magazine	Her book was published last year.	—
publisher	noun	books	🏢	/ˈpʌblɪʃə/	nhà xuất bản	a company that publishes books	The publisher liked my book.	—
pullover	noun	garments	🧥	/ˈpʊləʊvə/	áo len chui đầu	a jumper	Wear a pullover, it's cold.	jumper
pump	noun	transport	⛽	/pʌmp/	cái bơm	a machine that pushes air or liquid	I need a bike pump.	—
punish	verb	law	⚖️	/ˈpʌnɪʃ/	trừng phạt	to make someone suffer for doing wrong	He was punished for lying.	—
pure	adjective	qualities	💧	/pjʊə/	tinh khiết	not mixed with anything	The water is pure.	clean
purpose	noun	goals	🎯	/ˈpɜːpəs/	mục đích	the reason for doing something	What's the purpose of your visit?	aim
put away	phrasal verb	ph_daily	🗄️	/ˌpʊt əˈweɪ/	cất đi	to put something in its usual place	Put your toys away.	tidy up
put down	phrasal verb	ph_daily	⬇️	/ˌpʊt ˈdaʊn/	đặt xuống	to place something on a surface	Put down your pens.	—
put off	phrasal verb	ph_events	📅	/ˌpʊt ˈɒf/	hoãn lại	to delay to a later time	Don't put off your homework.	postpone
put out	phrasal verb	ph_events	🧯	/ˌpʊt ˈaʊt/	dập tắt	to stop a fire burning	The firefighters put out the fire.	extinguish
put through	phrasal verb	ph_people	☎️	/ˌpʊt ˈθruː/	nối máy	to connect a phone call	I'll put you through to the manager.	connect
put up	phrasal verb	ph_events	🏕️	/ˌpʊt ˈʌp/	dựng lên; treo lên	to build or fix in place	We put up the tent.	—
pyjamas	noun	garments	🌙	/pɪˈdʒɑːməz/	bộ đồ ngủ	loose clothes for sleeping	The kids are in their pyjamas.	—
qualification	noun	school_life	📜	/ˌkwɒlɪfɪˈkeɪʃən/	bằng cấp	an official record that you passed a course	What qualifications do you need?	certificate
qualified	adjective	career	🎓	/ˈkwɒlɪfaɪd/	có đủ trình độ	having the right qualifications	She is a qualified nurse.	—
quality	noun	products	⭐	/ˈkwɒləti/	chất lượng	how good something is	The quality of the food is excellent.	—
quantity	noun	numbers	🔢	/ˈkwɒntəti/	số lượng	an amount	A large quantity of water.	amount
questionnaire	noun	study	📋	/ˌkwestʃəˈneə/	bảng câu hỏi	a list of questions to collect information	Please fill in the questionnaire.	survey
queue	noun	shops	🧍	/kjuː/	hàng người chờ	a line of people waiting	There was a long queue at the bank.	line
quietly	adverb	adv_degree	🤫	/ˈkwaɪətli/	một cách yên lặng	without much noise	Please speak quietly.	—
quit	verb	v_change	🚪	/kwɪt/	từ bỏ, nghỉ	to stop doing something	He quit his job.	give up
racing	noun	sport_types	🏁	/ˈreɪsɪŋ/	đua (xe, ngựa)	the sport of racing	I like watching car racing.	—
rail	noun	transport	🚆	/reɪl/	đường ray; tàu hoả	a metal bar that trains run on; train travel	I prefer to travel by rail.	train
railroad	noun	transport	🛤️	/ˈreɪlrəʊd/	đường sắt (tiếng Mỹ)	a railway	The railroad goes across the country.	railway
raise	verb	v_action	🙋	/reɪz/	giơ lên; nâng	to lift up	Raise your hand if you know.	lift
range	noun	products	🎨	/reɪndʒ/	loạt, phạm vi	a group of different things	The shop has a wide range of shoes.	variety
rare	adjective	qualities	💎	/reə/	hiếm	not common	This is a rare bird.	unusual
rarely	adverb	adv_freq	🔻	/ˈreəli/	hiếm khi	not often	I rarely eat fast food.	seldom
rather	adverb	adv_degree	〽️	/ˈrɑːðə/	khá; thà	quite; more willingly	It's rather cold today.	quite
raw	adjective	kitchen	🥩	/rɔː/	sống (chưa nấu)	not cooked	Sushi is made with raw fish.	uncooked
reach	verb	v_action	🙌	/riːtʃ/	với tới; đến	to arrive at; to stretch to touch	We reached the top.	arrive at
react	verb	v_social	😲	/riˈækt/	phản ứng	to do something because of something else	How did she react to the news?	respond
reader	noun	books	📖	/ˈriːdə/	người đọc	a person who reads	He's a fast reader.	—
realise	verb	v_mind	💡	/ˈrɪəlaɪz/	nhận ra	to understand something suddenly	I realised I was wrong.	understand
realistic	adjective	judging	🎯	/ˌrɪəˈlɪstɪk/	thực tế	practical and sensible	Set realistic goals.	—
reality	noun	ideas	🌍	/riˈæləti/	thực tế	what is real	In reality, it was very hard.	—
reasonable	adjective	judging	👍	/ˈriːznəbəl/	hợp lí	fair and sensible	The prices are reasonable.	fair
reasonably	adverb	adv_degree	👍	/ˈriːzənəbli/	khá, hợp lí	fairly	The hotel was reasonably cheap.	fairly
rebuild	verb	v_change	🏗️	/ˌriːˈbɪld/	xây lại	to build again	They rebuilt the bridge.	—
recent	adjective	time	🆕	/ˈriːsənt/	gần đây	happening a short time ago	Here are some recent photos.	new
reception	noun	airport	🛎️	/rɪˈsepʃən/	quầy lễ tân	the desk at a hotel where you arrive	Leave your key at reception.	front desk
recognise	verb	v_mind	👀	/ˈrekəɡnaɪz/	nhận ra	to know someone or something you saw before	I didn't recognise you!	—
recommend	verb	asking	👍	/ˌrekəˈmend/	giới thiệu, đề xuất	to say something is good	Can you recommend a good hotel?	suggest
recording	noun	music_arts	🎙️	/rɪˈkɔːdɪŋ/	bản thu âm	sounds or pictures that have been recorded	Listen to the recording.	—
recover	verb	treatment	💪	/rɪˈkʌvə/	hồi phục	to become well again	He recovered from his illness.	get better
recycle	verb	environment	♻️	/ˌriːˈsaɪkəl/	tái chế	to use again after treating	We recycle paper and glass.	—
recycled	adjective	environment	♻️	/ˌriːˈsaɪkəld/	được tái chế	made from used materials	This bag is made of recycled plastic.	—
recycling	noun	environment	♻️	/ˌriːˈsaɪklɪŋ/	việc tái chế	the process of recycling	Recycling helps the planet.	—
reduce	verb	v_change	📉	/rɪˈdjuːs/	giảm	to make smaller	Reduce the heat.	cut, lower
reduced	adjective	products	🏷️	/rɪˈdjuːst/	được giảm giá	made cheaper	All shoes are reduced.	—
refreshments	noun	snacks	🥤	/rɪˈfreʃmənts/	đồ ăn uống nhẹ	drinks and small amounts of food	Refreshments will be served.	snacks
refund	noun	products	💵	/ˈriːfʌnd/	tiền hoàn lại	money given back	Can I have a refund?	—
refuse	verb	asking	🙅	/rɪˈfjuːz/	từ chối	to say no	He refused to help.	decline
regards	noun	formal	✉️	/rɪˈɡɑːdz/	lời chúc (cuối thư)	good wishes	Best regards, Anna	wishes
region	noun	trips	🗺️	/ˈriːdʒən/	vùng	an area of a country	This region is famous for tea.	area
register	verb	school_life	📝	/ˈredʒɪstə/	đăng kí	to put your name on an official list	Register for the course online.	sign up
registration	noun	school_life	🗒️	/ˌredʒɪˈstreɪʃən/	sự đăng kí	putting your name on a list	Registration starts at 9.	—
regret	noun, verb	feelings_sad	😔	/rɪˈɡret/	hối tiếc	to feel sorry about something you did	I regret not studying harder.	—
regular	adjective	time	🔁	/ˈreɡjələ/	đều đặn	happening at the same times	Take regular exercise.	—
regularly	adverb	adv_freq	🔁	/ˈreɡjələli/	một cách đều đặn	often, at regular times	I regularly go swimming.	often
relation	noun	family_rel	🧑‍🤝‍🧑	/rɪˈleɪʃən/	họ hàng; mối quan hệ	a member of your family; a connection	She's a relation of mine.	relative
relationship	noun	family_rel	💞	/rɪˈleɪʃənʃɪp/	mối quan hệ	the way two people feel about each other	They have a good relationship.	—
relative	noun	family_rel	👪	/ˈrelətɪv/	họ hàng	a member of your family	We visited relatives at Tet.	relation
relaxation	noun	hobbies	🧘	/ˌriːlækˈseɪʃən/	sự thư giãn	resting and enjoying yourself	Yoga is good for relaxation.	rest
relaxed	adjective	feelings_good	😌	/rɪˈlækst/	thoải mái	calm and not worried	I feel relaxed on holiday.	calm
reliable	adjective	character_good	🛡️	/rɪˈlaɪəbəl/	đáng tin cậy	able to be trusted	He's a very reliable friend.	dependable
relieved	adjective	feelings_good	😮‍💨	/rɪˈliːvd/	nhẹ nhõm	happy because a worry has gone	I was relieved to hear the news.	—
religion	noun	society	🛐	/rɪˈlɪdʒən/	tôn giáo	a belief in God or gods	There are many religions in the world.	faith
rely on	verb	v_social	🤝	/rɪˈlaɪ ɒn/	dựa vào	to trust or depend on	You can rely on me.	depend on
remain	verb	v_change	⏸️	/rɪˈmeɪn/	vẫn còn, ở lại	to stay	Please remain seated.	stay
remind	verb	asking	⏰	/rɪˈmaɪnd/	nhắc nhở	to make someone remember	Remind me to call Mum.	—
remote control	noun	household	📺	/rɪˈməʊt kəntrəʊl/	điều khiển từ xa	a device to control a TV from far away	Where's the remote control?	remote
remove	verb	v_action	➖	/rɪˈmuːv/	loại bỏ, cởi ra	to take away	Please remove your shoes.	take off
replace	verb	v_change	🔄	/rɪˈpleɪs/	thay thế	to put something new in place of something	I need to replace my phone.	—
reply	noun, verb	formal	↩️	/rɪˈplaɪ/	trả lời; câu trả lời	to answer	Please reply to my email.	answer
report	noun, verb	formal	📰	/rɪˈpɔːt/	bản báo cáo; báo cáo	a description of an event	Write a report about the trip.	—
reporter	noun	jobs_pro	🎤	/rɪˈpɔːtə/	phóng viên	a person who reports the news	The reporter asked many questions.	journalist
request	noun, verb	asking	🙏	/rɪˈkwest/	yêu cầu, đề nghị	to ask politely	I have a request.	ask
require	verb	v_mind	📋	/rɪˈkwaɪə/	yêu cầu, cần	to need	This job requires experience.	need
rescue	noun, verb	v_social	🛟	/ˈreskjuː/	giải cứu; cuộc giải cứu	to save someone from danger	They rescued a boy from the river.	save
research	noun, verb	study	🔬	/rɪˈsɜːtʃ/	nghiên cứu	careful study to find facts	She does research on climate change.	study
reservation	noun	airport	📅	/ˌrezəˈveɪʃən/	sự đặt trước	a booking	I have a reservation for two nights.	booking
reserve	noun, verb	airport	🔖	/rɪˈzɜːv/	đặt trước; khu bảo tồn	to book	I reserved a table for four.	book
resort	noun	trips	🏝️	/rɪˈzɔːt/	khu nghỉ dưỡng	a place where people go on holiday	We stayed at a beach resort.	—
respect	noun, verb	v_social	🙇	/rɪˈspekt/	sự tôn trọng; tôn trọng	to admire someone	I respect my teachers.	admire
responsible	adjective	character_good	🧑‍💼	/rɪˈspɒnsɪbəl/	có trách nhiệm	having a duty to look after something	She's responsible for the project.	—
result	noun	goals	📊	/rɪˈzʌlt/	kết quả	what happens because of something	The exam results came out today.	outcome
retire	verb	career	👴	/rɪˈtaɪə/	nghỉ hưu	to stop working because of age	My grandpa retired at 60.	—
retirement	noun	career	🏖️	/rɪˈtaɪəmənt/	sự nghỉ hưu	the time after you stop working	He enjoys his retirement.	—
revise	verb	study	📖	/rɪˈvaɪz/	ôn tập	to study again before an exam	I need to revise for my exam.	review
revision	noun	study	📚	/rɪˈvɪʒən/	sự ôn tập	studying again before an exam	I'm doing some revision.	—
reward	noun	goals	🎁	/rɪˈwɔːd/	phần thưởng	something given for good work	There's a reward for finding the dog.	prize
rider	noun	sport_comp	🏇	/ˈraɪdə/	người cưỡi (ngựa, xe)	a person who rides a horse or bike	The rider fell off the horse.	—
right-hand	adjective	compass	➡️	/ˌraɪtˈhænd/	phía bên phải	on the right	It's on the right-hand side.	—
ring back	phrasal verb	ph_people	📞	/ˌrɪŋ ˈbæk/	gọi lại	to phone someone again	I'll ring you back later.	call back
ring up	phrasal verb	ph_people	☎️	/ˌrɪŋ ˈʌp/	gọi điện	to phone	Ring me up tomorrow.	call
rise	verb	v_change	📈	/raɪz/	tăng lên; mọc (mặt trời)	to go up	The sun rises in the east.	go up
rob	verb	law	🦹	/rɒb/	cướp	to steal from a person or place	They robbed a bank.	steal from
robot	noun	tech	🤖	/ˈrəʊbɒt/	người máy	a machine that can do work by itself	Robots build cars.	—
rocket	noun	tech	🚀	/ˈrɒkɪt/	tên lửa	a vehicle that goes into space	The rocket flew to the moon.	—
role	noun	film_tv	🎭	/rəʊl/	vai diễn; vai trò	a part in a film or play; a job	She played the main role.	part
roll	noun	snacks	🥖	/rəʊl/	ổ bánh mì nhỏ; cuộn	a small round piece of bread; something rolled up	I had a cheese roll.	—
romance	noun	wedding	💕	/ˈrəʊmæns/	chuyện tình	a love relationship	It was a holiday romance.	love affair
romantic	adjective	wedding	🌹	/rəˈmæntɪk/	lãng mạn	about love	We had a romantic dinner.	—
roommate	noun	family_rel	🛏️	/ˈruːmeɪt/	bạn cùng phòng	a person you share a room with	My roommate is from Japan.	—
rope	noun	household	🪢	/rəʊp/	dây thừng	a thick strong string	Tie the boat with a rope.	—
rose	noun	plants	🌹	/rəʊz/	hoa hồng	a flower with a sweet smell	He gave her a red rose.	—
rough	adjective	size_shape	🪨	/rʌf/	thô ráp; khó khăn	not smooth; difficult	The sea is rough today.	—
route	noun	compass	🗺️	/ruːt/	tuyến đường	the way from one place to another	What's the fastest route?	way
routine	noun	time	🔁	/ruːˈtiːn/	thói quen hằng ngày	the usual things you do	My morning routine starts at six.	—
row	noun	size_shape	🟰	/rəʊ/	hàng	a line of things or people	We sat in the front row.	line
rude	adjective	character_bad	😤	/ruːd/	thô lỗ	not polite	Don't be rude to your teacher.	impolite
rug	noun	house	🟫	/rʌɡ/	tấm thảm nhỏ	a small carpet	There's a rug by the bed.	mat
ruin	noun	town	🏚️	/ˈruːɪn/	tàn tích	the remains of an old building	We visited the ruins of an old castle.	—
rule	noun, verb	law	📏	/ruːl/	quy tắc; cai trị	something that says what you must do	Follow the rules.	—
run out	phrasal verb	ph_daily	🪫	/ˌrʌn ˈaʊt/	hết, cạn	to use all of something	We've run out of milk.	—
safely	adverb	adv_degree	🛡️	/ˈseɪfli/	một cách an toàn	without danger	Drive safely!	—
sailor	noun	jobs_service	⚓	/ˈseɪlə/	thuỷ thủ	a person who works on a ship	The sailors worked hard.	—
salary	noun	business	💵	/ˈsæləri/	lương	money you earn each month or year	She has a good salary.	pay, wage
salesman	noun	jobs_service	🤝	/ˈseɪlzmən/	nhân viên bán hàng (nam)	a man whose job is selling	The salesman showed us the car.	—
salmon	noun	ingredients	🐟	/ˈsæmən/	cá hồi	a large fish with pink flesh	I had grilled salmon.	—
sand	noun	landforms	🏖️	/sænd/	cát	tiny grains on a beach	The children played in the sand.	—
sandal	noun	garments	🩴	/ˈsændəl/	dép xăng-đan	an open shoe for warm weather	I wear sandals in summer.	—
satisfactory	adjective	judging	👌	/ˌsætɪsˈfæktri/	đạt yêu cầu	good enough	Your work is satisfactory.	acceptable
satisfied	adjective	feelings_good	😊	/ˈsætɪsfaɪd/	hài lòng	pleased	Are you satisfied with the room?	pleased
saucepan	noun	kitchen	🥘	/ˈsɔːspæn/	cái nồi có tay cầm	a deep metal pan with a handle	Boil the pasta in a saucepan.	pot
saucer	noun	kitchen	☕	/ˈsɔːsə/	cái đĩa lót tách	a small plate under a cup	Put the cup on the saucer.	—
scene	noun	film_tv	🎬	/siːn/	cảnh (phim)	a part of a film or play	The last scene was very sad.	—
scenery	noun	landforms	🏞️	/ˈsiːnəri/	phong cảnh	the natural things you see	The scenery in Sapa is beautiful.	landscape
science fiction	noun	stories	🛸	/ˈsaɪəns fɪkʃən/	khoa học viễn tưởng	stories about the future and space	I love science fiction films.	sci-fi
scientific	adjective	study	🔬	/ˌsaɪənˈtɪfɪk/	thuộc khoa học	relating to science	a scientific experiment	—
scream	noun, verb	v_action	😱	/skriːm/	hét lên	to shout loudly because of fear or excitement	She screamed when she saw the spider.	shriek
sculpture	noun	music_arts	🗿	/ˈskʌlptʃə/	tác phẩm điêu khắc	a work of art made of stone, wood, etc.	There's a sculpture in the park.	statue
search	noun, verb	v_mind	🔍	/sɜːtʃ/	tìm kiếm	to look carefully for something	I searched everywhere for my keys.	look for
seaside	noun	trips	🏖️	/ˈsiːsaɪd/	bờ biển (nơi nghỉ mát)	an area next to the sea for holidays	We spent a week at the seaside.	coast
seat belt	noun	transport	💺	/ˈsiːt belt/	dây an toàn	a belt that keeps you safe in a car	Fasten your seat belt.	—
second-hand	adjective, adverb	products	♻️	/ˌsekəndˈhænd/	đồ cũ	not new; owned before	I bought a second-hand bike.	used
secondary	adjective	school_life	🏫	/ˈsekəndəri/	trung học	for students aged 11 to 18	She goes to a secondary school.	high school
secret	adjective, noun	talking	🤫	/ˈsiːkrɪt/	bí mật	something that others must not know	Can you keep a secret?	—
section	noun	ideas	📑	/ˈsekʃən/	phần, khu vực	a part of something	Read the first section.	part
security	noun	airport	🛡️	/sɪˈkjʊərəti/	an ninh	protection from danger	We went through airport security.	safety
security guard	noun	jobs_safety	💂	/sɪˈkjʊərəti ɡɑːd/	nhân viên bảo vệ	a person who protects a building	The security guard checked our bags.	guard
select	verb	v_mind	👆	/sɪˈlekt/	lựa chọn	to choose	Select the correct answer.	choose
self-service	adjective	shops	🛒	/ˌselfˈsɜːvɪs/	tự phục vụ	where you serve yourself	It's a self-service restaurant.	—
selfish	adjective	character_bad	🙅	/ˈselfɪʃ/	ích kỉ	only thinking about yourself	Don't be so selfish.	—
sense	noun	ideas	🧠	/sens/	giác quan; ý nghĩa; cảm giác	one of sight, hearing, etc.; a feeling	She has a good sense of humour.	—
sensible	adjective	character_good	🧠	/ˈsensɪbəl/	hợp lí, biết điều	showing good judgement	That's a sensible idea.	wise
separate	adjective	qualities	↔️	/ˈsepərət/	riêng biệt	not together	We sleep in separate rooms.	—
series	noun	film_tv	📺	/ˈsɪəriːz/	loạt phim, chuỗi	a set of TV programmes	I'm watching a new series.	show
seriously	adverb	adv_degree	😐	/ˈsɪəriəsli/	một cách nghiêm túc	in a serious way	He was seriously hurt.	—
server	noun	tech	🖥️	/ˈsɜːvə/	máy chủ	a computer that stores information for other computers	The server is down.	—
service	noun	shops	🛎️	/ˈsɜːvɪs/	dịch vụ	help given to customers	The service in this restaurant is great.	—
session	noun	time	⏱️	/ˈseʃən/	buổi, phiên	a period of time for an activity	a two-hour training session	—
set off	phrasal verb	ph_daily	🚗	/ˌset ˈɒf/	khởi hành	to start a journey	We set off early.	leave
set out	phrasal verb	ph_daily	🥾	/ˌset ˈaʊt/	lên đường	to start a journey	They set out for the mountains.	set off
set up	phrasal verb	ph_events	🛠️	/ˌset ˈʌp/	thành lập; lắp đặt	to start a business; to prepare equipment	She set up her own company.	start
sew	verb	hobbies	🪡	/səʊ/	may, khâu	to join cloth with a needle and thread	My mum sews her own clothes.	stitch
sex	noun	looks	⚧️	/seks/	giới tính	being male or female	Write your name, age and sex.	gender
shade	noun	weather	🌳	/ʃeɪd/	bóng râm	an area out of the sun	Let's sit in the shade.	—
shadow	noun	weather	👤	/ˈʃædəʊ/	cái bóng	a dark shape made when something blocks light	The tree casts a long shadow.	—
shake	verb	v_action	🤝	/ʃeɪk/	lắc, rung	to move quickly up and down	Shake hands with him.	—
shape	noun	size_shape	🔷	/ʃeɪp/	hình dạng	the form of something	What shape is it?	form
sharp	adjective	size_shape	🔪	/ʃɑːp/	sắc, nhọn	able to cut easily	Be careful, the knife is sharp.	—
shave	verb	looks	🪒	/ʃeɪv/	cạo râu	to cut hair off your face	He shaves every morning.	—
shine	verb	weather	☀️	/ʃaɪn/	chiếu sáng	to give out light	The sun is shining.	—
shiny	adjective	size_shape	✨	/ˈʃaɪni/	sáng bóng	bright and smooth	She has shiny black hair.	bright
shock	noun	feelings_fear	😱	/ʃɒk/	cú sốc	a big surprise	The news was a shock.	—
shocked	adjective	feelings_fear	😨	/ʃɒkt/	bị sốc	very surprised and upset	I was shocked by the price.	—
shocking	adjective	criticise	😲	/ˈʃɒkɪŋ/	gây sốc	very surprising and bad	The news was shocking.	—
shoot	verb	v_action	🎯	/ʃuːt/	bắn; sút bóng	to fire a gun; to kick the ball at the goal	He shot and scored.	—
shore	noun	landforms	🏖️	/ʃɔː/	bờ (biển, hồ)	the land along the edge of the sea or a lake	We walked along the shore.	coast
shortly	adverb	time	🔜	/ˈʃɔːtli/	chẳng bao lâu	soon	The train will arrive shortly.	soon
shoulder	noun	body	🤷	/ˈʃəʊldə/	vai	the part of your body between your neck and arm	My shoulder hurts.	—
show up	phrasal verb	ph_daily	👋	/ˌʃəʊ ˈʌp/	xuất hiện, có mặt	to arrive	He showed up late.	turn up
sight	noun	trips	👁️	/saɪt/	thị lực; cảnh đẹp	the ability to see; a place worth seeing	We saw the sights of Paris.	—
sign up	verb	hobbies	📝	/ˌsaɪn ˈʌp/	đăng kí	to agree to do a course or activity	I signed up for a yoga class.	register
signal	noun, verb	tech	📶	/ˈsɪɡnəl/	tín hiệu	a sign or electrical wave	There's no phone signal here.	—
signature	noun	formal	✍️	/ˈsɪɡnətʃə/	chữ kí	your name written by you	Put your signature here.	—
signpost	noun	town	🪧	/ˈsaɪnpəʊst/	cột biển chỉ đường	a sign showing directions	Follow the signposts to the beach.	sign
silence	noun	talking	🤫	/ˈsaɪləns/	sự im lặng	no sound	There was silence in the room.	quiet
silent	adjective	qualities	🔇	/ˈsaɪlənt/	im lặng	without sound	The room was silent.	quiet
silk	noun, adjective	fashion	🧣	/sɪlk/	lụa	a soft smooth cloth	a silk dress	—
silly	adjective	character_bad	🤪	/ˈsɪli/	ngớ ngẩn	not sensible	Don't be silly!	foolish
sincerely	adverb	formal	✉️	/sɪnˈsɪəli/	trân trọng (cuối thư)	used at the end of a formal letter	Yours sincerely, Linh	—
situated	adjective	trips	📍	/ˈsɪtʃueɪtɪd/	toạ lạc	in a particular place	The hotel is situated near the beach.	located
situation	noun	ideas	🧭	/ˌsɪtʃuˈeɪʃən/	tình huống	what is happening at a time	It's a difficult situation.	—
skill	noun	career	🛠️	/skɪl/	kĩ năng	the ability to do something well	Computer skills are important.	ability
skin	noun	body	✋	/skɪn/	da	the outside covering of the body	She has dry skin.	—
sleepy	adjective	treatment	😪	/ˈsliːpi/	buồn ngủ	tired and wanting to sleep	I feel sleepy after lunch.	tired
sleeve	noun	garments	👕	/sliːv/	tay áo	the part of clothing that covers your arm	a shirt with short sleeves	—
sleeveless	adjective	garments	🎽	/ˈsliːvləs/	không tay (áo)	without sleeves	a sleeveless dress	—
slide	noun	hobbies	🛝	/slaɪd/	cầu trượt	a structure children slide down	The kids love the slide.	—
slightly	adverb	adv_degree	🤏	/ˈslaɪtli/	hơi, một chút	a little	It's slightly cold.	a bit
slip	verb	v_action	🍌	/slɪp/	trượt ngã	to slide and almost fall	I slipped on the ice.	—
smartphone	noun	tech	📱	/ˈsmɑːtfəʊn/	điện thoại thông minh	a phone that works like a computer	Almost everyone has a smartphone.	—
smell	noun, verb	body	👃	/smel/	mùi; ngửi	to notice with your nose	The flowers smell lovely.	—
smile	noun, verb	feelings_good	😊	/smaɪl/	nụ cười; mỉm cười	to make a happy face	She has a beautiful smile.	—
smooth	adjective	size_shape	🧈	/smuːð/	mịn, nhẵn	flat, with no rough parts	Her skin is very smooth.	—
snowfall	noun	weather	🌨️	/ˈsnəʊfɔːl/	lượng tuyết rơi	the amount of snow that falls	There was heavy snowfall last night.	—
so-so	adjective	criticise	😐	/ˌsəʊˈsəʊ/	bình thường, tàm tạm	not very good or bad	The film was so-so.	OK
soap opera	noun	film_tv	📺	/ˈsəʊp ɒprə/	phim truyền hình dài tập	a TV drama about daily life	My mum watches a soap opera every evening.	soap
sociable	adjective	character_good	🥳	/ˈsəʊʃəbəl/	hoà đồng	friendly and liking to be with people	She's very sociable.	outgoing
social	adjective	society	👥	/ˈsəʊʃəl/	thuộc xã hội	relating to society or meeting people	We had a social evening.	—
society	noun	society	🏙️	/səˈsaɪəti/	xã hội	people living together	Technology changes society.	—
soldier	noun	jobs_safety	🪖	/ˈsəʊldʒə/	người lính	a person in an army	The soldiers marched.	—
solution	noun	goals	💡	/səˈluːʃən/	giải pháp	a way to solve a problem	We need a solution.	answer
solve	verb	v_mind	🧩	/sɒlv/	giải quyết	to find an answer	Can you solve this problem?	—
somehow	adverb	adv_link	🤷	/ˈsʌmhaʊ/	bằng cách nào đó	in some way	We'll finish it somehow.	—
sore	adjective	illness	😣	/sɔː/	đau nhức	painful	I have a sore throat.	painful
soul	noun	society	✨	/səʊl/	tâm hồn	the spiritual part of a person	Music is good for the soul.	spirit
soundtrack	noun	music_arts	🎼	/ˈsaʊndtræk/	nhạc phim	the music of a film	I love the soundtrack of this film.	—
sour	adjective	kitchen	🍋	/ˈsaʊə/	chua	with a sharp taste like lemon	This milk tastes sour.	—
southeast	noun, adjective	compass	↘️	/ˌsaʊθˈiːst/	đông nam	the direction between south and east	Vietnam is in Southeast Asia.	—
southern	adjective	compass	⬇️	/ˈsʌðən/	thuộc phía nam	in or from the south	Can Tho is in southern Vietnam.	—
southwest	noun, adjective	compass	↙️	/ˌsaʊθˈwest/	tây nam	the direction between south and west	The wind is from the southwest.	—
souvenir	noun	trips	🎁	/ˌsuːvəˈnɪə/	quà lưu niệm	something you buy to remember a place	I bought a souvenir for my mum.	—
spaceship	noun	tech	🛸	/ˈspeɪsʃɪp/	tàu vũ trụ	a vehicle that travels in space	The spaceship landed on Mars.	spacecraft
sparkling	adjective	snacks	✨	/ˈspɑːklɪŋ/	có ga; lấp lánh	with bubbles; shining	Would you like still or sparkling water?	fizzy
specially	adverb	adv_freq	⭐	/ˈspeʃəli/	đặc biệt, riêng	for a special purpose	I made this cake specially for you.	especially
species	noun	animals	🦋	/ˈspiːʃiz/	loài	a group of similar animals or plants	There are many species of birds here.	—
spectacular	adjective	praise	🎆	/spekˈtækjələ/	ngoạn mục	very exciting to look at	The fireworks were spectacular.	amazing
speech	noun	talking	🎤	/spiːtʃ/	bài phát biểu	a formal talk to a group	She gave a speech at the wedding.	talk
speed	noun	transport	🏎️	/spiːd/	tốc độ	how fast something moves	The car was going at high speed.	—
spice	noun	ingredients	🌶️	/spaɪs/	gia vị	a powder or seed that adds flavour	Vietnamese food uses many spices.	—
spicy	adjective	kitchen	🌶️	/ˈspaɪsi/	cay	with a strong hot taste	I love spicy food.	hot
spill	verb	kitchen	🥛	/spɪl/	làm đổ	to accidentally let liquid fall	I spilled coffee on my shirt.	—
spinach	noun	ingredients	🥬	/ˈspɪnɪtʃ/	rau chân vịt	a green leafy vegetable	Spinach is very healthy.	—
spite	noun	adv_link	🌧️	/spaɪt/	mặc dù (in spite of)	"used in ""in spite of"" to mean although"	We went out in spite of the rain.	despite
split up	phrasal verb	ph_people	💔	/ˌsplɪt ˈʌp/	chia tay	to end a relationship	They split up last month.	break up
spoil	verb	v_change	🍂	/spɔɪl/	làm hỏng	to ruin something	The rain spoiled our picnic.	ruin
spot	noun	size_shape	🔴	/spɒt/	chấm; địa điểm	a small round mark; a place	This is a nice spot for a picnic.	—
spy	noun	film_tv	🕵️	/spaɪ/	gián điệp	a person who secretly collects information	James Bond is a famous spy.	—
squash	noun	sport_types	🎾	/skwɒʃ/	bóng quần	a game where players hit a ball against a wall	I play squash every week.	—
stall	noun	shops	🏪	/stɔːl/	quầy hàng	a table or small shop in a market	She sells fruit at a market stall.	stand
statue	noun	town	🗽	/ˈstætʃuː/	bức tượng	a figure of a person made of stone or metal	There's a statue of a king in the park.	sculpture
stay behind	phrasal verb	ph_daily	🏫	/ˌsteɪ bɪˈhaɪnd/	ở lại	to stay after others leave	I stayed behind to help the teacher.	—
steep	adjective	landforms	⛰️	/stiːp/	dốc	rising quickly	The hill is very steep.	—
step	noun	v_action	👣	/step/	bước; bậc thang	one movement of your foot; a stair	Take one step forward.	—
stick	noun, verb	v_action	🪵	/stɪk/	cái que; dán	a thin piece of wood; to fix with glue	Stick the photo in your book.	—
sticky	adjective	size_shape	🍯	/ˈstɪki/	dính	covered with something that sticks	My hands are sticky.	—
stir	verb	kitchen	🥄	/stɜː/	khuấy	to move a spoon round in a liquid	Stir the soup.	mix
stone	noun	landforms	🪨	/stəʊn/	hòn đá	a small piece of rock	He threw a stone into the lake.	rock
stranger	noun	family_rel	🧍	/ˈstreɪndʒə/	người lạ	a person you don't know	Don't talk to strangers.	—
stream	noun	landforms	🏞️	/striːm/	dòng suối	a small river	We crossed a stream.	brook
stress	noun	illness	😫	/stres/	căng thẳng	a feeling of worry	Exams cause a lot of stress.	pressure
stressed	adjective	feelings_fear	😣	/strest/	căng thẳng	worried and tense	I'm stressed about work.	tense
stressful	adjective	criticise	😖	/ˈstresfəl/	gây căng thẳng	making you feel stressed	It's a stressful job.	—
strict	adjective	character_bad	📏	/strɪkt/	nghiêm khắc	making people obey rules	Our teacher is very strict.	—
strike	noun, verb	business	✊	/straɪk/	cuộc đình công; đình công	when workers stop working to protest	The train drivers are on strike.	—
stripe	noun	fashion	〰️	/straɪp/	sọc	a long thin line of colour	a shirt with blue stripes	line
studio	noun	music_arts	🎙️	/ˈstjuːdiəʊ/	phòng thu, xưởng vẽ	a room where music, films or art are made	The band recorded in a studio.	—
stupid	adjective	character_bad	🤦	/ˈstjuːpɪd/	ngu ngốc	not clever	That was a stupid mistake.	silly
style	noun	fashion	💃	/staɪl/	phong cách	a way of doing or wearing something	I like her style.	fashion
stylish	adjective	fashion	🕶️	/ˈstaɪlɪʃ/	sành điệu	fashionable and attractive	She's always stylish.	fashionable
subtract	verb	numbers	➖	/səbˈtrækt/	trừ	to take a number away from another	Subtract 5 from 10.	take away
subway	noun	transport	🚇	/ˈsʌbweɪ/	tàu điện ngầm (tiếng Mỹ); đường hầm cho người đi bộ	an underground railway (US); an underground path (UK)	Take the subway to Times Square.	underground
succeed	verb	v_change	🏆	/səkˈsiːd/	thành công	to do what you tried to do	She succeeded in passing the exam.	—
sudden	adjective	time	⚡	/ˈsʌdən/	đột ngột	happening quickly without warning	There was a sudden noise.	—
suffer	verb	illness	🤕	/ˈsʌfə/	chịu đựng, mắc (bệnh)	to feel pain or have a problem	He suffers from headaches.	—
suggest	verb	asking	💡	/səˈdʒest/	gợi ý	to give an idea	I suggest we take a taxi.	propose
suggestion	noun	asking	💬	/səˈdʒestʃən/	lời gợi ý	an idea someone gives	Do you have any suggestions?	idea
suitable	adjective	judging	✅	/ˈsuːtəbəl/	phù hợp	right for a purpose	This film is suitable for children.	appropriate
sum	noun	numbers	➕	/sʌm/	tổng; phép tính	a total; a simple calculation	The sum of 2 and 3 is 5.	total
sunbathe	verb	hobbies	🏖️	/ˈsʌnbeɪð/	tắm nắng	to lie in the sun	We sunbathed on the beach.	—
sunrise	noun	weather	🌅	/ˈsʌnraɪz/	bình minh	the time when the sun comes up	We got up early to see the sunrise.	dawn
sunset	noun	weather	🌇	/ˈsʌnset/	hoàng hôn	the time when the sun goes down	The sunset was beautiful.	dusk
sunshine	noun	weather	🌞	/ˈsʌnʃaɪn/	ánh nắng	light from the sun	Enjoy the sunshine!	sunlight
superhero	noun	film_tv	🦸	/ˈsuːpəhɪərəʊ/	siêu anh hùng	a hero with special powers	Spider-Man is my favourite superhero.	—
supply	verb	v_social	📦	/səˈplaɪ/	cung cấp	to give what is needed	The farm supplies milk to the town.	provide
support	noun, verb	v_social	🤝	/səˈpɔːt/	sự ủng hộ; ủng hộ	to help; to like a team	Which team do you support?	help
supporter	noun	sport_comp	📣	/səˈpɔːtə/	cổ động viên	a person who supports a team	The supporters sang all game.	fan
surround	verb	v_action	⭕	/səˈraʊnd/	bao quanh	to be all around	The house is surrounded by trees.	—
sweatshirt	noun	garments	👕	/ˈswetʃɜːt/	áo nỉ	a warm cotton top with long sleeves	I wore a sweatshirt and jeans.	—
swimmer	noun	sport_comp	🏊	/ˈswɪmə/	vận động viên bơi	a person who swims	She's a strong swimmer.	—
switch	noun, verb	household	🔘	/swɪtʃ/	công tắc; chuyển đổi	a button to turn on a machine; to change	Where's the light switch?	—
system	noun	goals	⚙️	/ˈsɪstəm/	hệ thống	a set of things working together	The school has a new computer system.	—
table-cloth	noun	house	🟥	/ˈteɪbəlklɒθ/	khăn trải bàn	a cloth that covers a table	Put a clean table-cloth on the table.	—
take away	verb	ph_daily	➖	/ˌteɪk əˈweɪ/	mang đi; trừ đi	to remove; to subtract	Take away the plates, please.	remove
take care of	verb	ph_people	🤲	/teɪk ˈkeə əv/	chăm sóc	to look after	I take care of my little brother.	look after
take place	verb	ph_events	📅	/ˌteɪk ˈpleɪs/	diễn ra	to happen	The concert takes place in the park.	happen
take up	phrasal verb	ph_events	🎾	/ˌteɪk ˈʌp/	bắt đầu (sở thích)	to start a new hobby	I've taken up tennis.	start
takeaway	noun	snacks	🥡	/ˈteɪkəweɪ/	đồ ăn mang đi	food you buy to eat at home	Let's get a takeaway tonight.	takeout
talent	noun	behaviour	⭐	/ˈtælənt/	tài năng	a natural ability	She has a talent for music.	gift
talented	adjective	character_good	🌟	/ˈtæləntɪd/	tài năng	having natural ability	He's a talented singer.	gifted
talk show	noun	film_tv	🎙️	/ˈtɔːk ʃəʊ/	chương trình trò chuyện	a TV show with interviews	She was on a talk show.	chat show
tap	noun	house	🚰	/tæp/	vòi nước	a device that controls water from a pipe	Turn off the tap.	faucet
taste	noun, verb	kitchen	👅	/teɪst/	vị; nếm	the flavour of something; to try food	This soup tastes great.	flavour
tax	noun	money	💸	/tæks/	thuế	money you pay to the government	Prices include tax.	—
teaching	noun	school_life	🧑‍🏫	/ˈtiːtʃɪŋ/	việc dạy học	the job of a teacher	She loves teaching.	—
tear	verb	v_action	📄	/teə/	xé	to pull paper or cloth into pieces	Don't tear the paper.	rip
technique	noun	goals	🛠️	/tekˈniːk/	kĩ thuật	a way of doing something	Learn good swimming techniques.	method
temporary	adjective	time	⏳	/ˈtempərəri/	tạm thời	lasting a short time	This is a temporary job.	—
tense	noun	language	⏰	/tens/	thì (ngữ pháp)	the form of a verb that shows time	Use the past tense.	—
terribly	adverb	adv_degree	😖	/ˈterɪbli/	cực kì; tệ	very; very badly	I'm terribly sorry.	very
terrific	adjective	praise	🤩	/təˈrɪfɪk/	tuyệt vời	very good	We had a terrific time.	great
terrified	adjective	feelings_fear	😱	/ˈterɪfaɪd/	khiếp sợ	very frightened	I'm terrified of snakes.	scared
theatre	noun	music_arts	🎭	/ˈθɪətə/	nhà hát	a building where plays are shown	We went to the theatre.	—
therefore	adverb	adv_link	➡️	/ˈðeəfɔː/	vì vậy	so, for that reason	It rained, therefore we stayed home.	so
thick	adjective	size_shape	📚	/θɪk/	dày	wide from one side to the other	a thick book	—
thief	noun	law	🦹	/θiːf/	kẻ trộm	a person who steals	The thief took my bag.	robber
thought	noun	v_mind	💭	/θɔːt/	suy nghĩ	an idea	That's a nice thought.	idea
thriller	noun	stories	🔪	/ˈθrɪlə/	phim/truyện ly kì	an exciting story about crime	I'm reading a thriller.	—
throat	noun	body	🗣️	/θrəʊt/	cổ họng	the inside of your neck	I have a sore throat.	—
throw away	phrasal verb	ph_daily	🗑️	/ˌθrəʊ əˈweɪ/	vứt đi	to put in the bin	Don't throw away that box.	get rid of
thumb	noun	body	👍	/θʌm/	ngón tay cái	the short thick finger	He gave me a thumbs up.	—
thunder	noun	weather	🌩️	/ˈθʌndə/	sấm	the loud noise in a storm	The thunder woke me up.	—
tick	noun, verb	study	✔️	/tɪk/	dấu tích; đánh dấu	a mark ✓ to show something is correct	Tick the correct box.	check
tight	adjective	fashion	🩳	/taɪt/	chật	fitting very closely	These jeans are too tight.	—
tin	noun	kitchen	🥫	/tɪn/	hộp thiếc, lon	a metal container for food	a tin of beans	can
tiny	adjective	size_shape	🐜	/ˈtaɪni/	nhỏ xíu	very small	a tiny baby	very small
tip	noun	money	💁	/tɪp/	tiền boa; lời khuyên	extra money for service; a useful piece of advice	We left a tip for the waiter.	—
tiring	adjective	criticise	😩	/ˈtaɪərɪŋ/	mệt mỏi	making you tired	It was a tiring day.	exhausting
tissue	noun	household	🤧	/ˈtɪʃuː/	khăn giấy	a soft paper for your nose	Do you have a tissue?	—
tongue	noun	body	👅	/tʌŋ/	lưỡi	the part inside your mouth you taste with	Don't stick your tongue out!	—
toothpaste	noun	household	🪥	/ˈtuːθpeɪst/	kem đánh răng	a paste for cleaning teeth	We need more toothpaste.	—
torch	noun	household	🔦	/tɔːtʃ/	đèn pin	a small light you carry	Take a torch, it's dark.	flashlight
totally	adverb	adv_degree	💯	/ˈtəʊtəli/	hoàn toàn	completely	I totally agree.	completely
touch	verb	v_action	👆	/tʌtʃ/	chạm	to put your hand on something	Don't touch the paint!	—
tourism	noun	trips	🗺️	/ˈtʊərɪzəm/	ngành du lịch	the business of tourist travel	Tourism is important for the economy.	—
tournament	noun	sport_comp	🏆	/ˈtɔːnəmənt/	giải đấu	a competition with many games	a tennis tournament	competition
towards	preposition	adv_place	➡️	/təˈwɔːdz/	về phía	in the direction of	He walked towards me.	—
tower	noun	town	🗼	/ˈtaʊə/	tháp	a tall narrow building	The Eiffel Tower is in Paris.	—
track	noun	sport_comp	🏃	/træk/	đường chạy; đường mòn	a path; a place for running races	They ran around the track.	path
tracksuit	noun	garments	🩱	/ˈtræksuːt/	bộ đồ thể thao	loose clothes for sport	He wore a tracksuit to the gym.	—
trade	noun	business	🤝	/treɪd/	thương mại	buying and selling goods	Trade between the countries is growing.	business
traditional	adjective	society	🏮	/trəˈdɪʃənəl/	truyền thống	following old customs	Ao dai is traditional Vietnamese clothing.	—
traffic jam	noun	transport	🚗	/ˈtræfɪk dʒæm/	tắc đường	a line of cars that can't move	We were stuck in a traffic jam.	—
transfer	verb	v_action	🔄	/trænsˈfɜː/	chuyển	to move from one place to another	I transferred money to his account.	move
translate	verb	language	🌐	/trænsˈleɪt/	dịch	to change words into another language	Can you translate this into English?	—
translation	noun	language	📝	/trænsˈleɪʃən/	bản dịch	words changed into another language	I read the English translation.	—
trash can	noun	household	🗑️	/ˈtræʃ kæn/	thùng rác (tiếng Mỹ)	a bin	Put it in the trash can.	bin
travel agent	noun	jobs_service	🧳	/ˈtrævəl eɪdʒənt/	nhân viên đại lí du lịch	a person who arranges holidays	The travel agent booked our flights.	—
trend	noun	fashion	📈	/trend/	xu hướng	a new fashion or development	It's the latest trend.	fashion
trick	noun	film_tv	🎩	/trɪk/	mánh khoé; trò ảo thuật	a clever action to fool someone	He did a card trick.	—
trumpet	noun	music_arts	🎺	/ˈtrʌmpɪt/	kèn trumpet	a brass instrument you blow	He plays the trumpet.	—
trunk	noun	plants	🌳	/trʌŋk/	thân cây; vòi voi	the main stem of a tree; an elephant's nose	The elephant lifted its trunk.	—
trust	verb	v_social	🤝	/trʌst/	tin tưởng	to believe someone is honest	I trust you.	believe
truth	noun	talking	✅	/truːθ/	sự thật	what is true	Tell me the truth.	—
tube	noun	transport	🚇	/tjuːb/	tàu điện ngầm London; ống	London's underground; a long pipe	Let's take the tube.	underground
tuna	noun	ingredients	🐟	/ˈtjuːnə/	cá ngừ	a large sea fish	I had a tuna sandwich.	—
tunnel	noun	transport	🚇	/ˈtʌnəl/	đường hầm	a passage under the ground	The train went through a tunnel.	—
turkey	noun	ingredients	🦃	/ˈtɜːki/	gà tây	a large bird eaten at Christmas	We had turkey for Christmas.	—
turn down	phrasal verb	ph_events	🔉	/ˌtɜːn ˈdaʊn/	vặn nhỏ; từ chối	to make quieter; to refuse	Turn down the music!	—
turn into	phrasal verb	ph_events	🦋	/ˌtɜːn ˈɪntuː/	biến thành	to change into	The caterpillar turned into a butterfly.	become
turn up	phrasal verb	ph_daily	🔊	/ˌtɜːn ˈʌp/	vặn to; xuất hiện	to make louder; to arrive	Turn up the radio.	—
turning	noun	compass	↪️	/ˈtɜːnɪŋ/	chỗ rẽ	a place where you can turn	Take the second turning on the left.	turn
twin	noun	family_rel	👯	/twɪn/	anh/chị/em sinh đôi	one of two children born at the same time	I have a twin sister.	—
typical	adjective	qualities	📋	/ˈtɪpɪkəl/	điển hình	normal for a type	It's a typical English breakfast.	usual
typically	adverb	adv_freq	📋	/ˈtɪpɪkli/	thường thì	usually	Typically, I get up at seven.	usually
tyre	noun	transport	🛞	/ˈtaɪə/	lốp xe	the rubber ring around a wheel	I've got a flat tyre.	tire
ugly	adjective	looks	👹	/ˈʌɡli/	xấu xí	not nice to look at	What an ugly building!	—
unable	adjective	judging	🚫	/ʌnˈeɪbəl/	không thể	not able	I'm unable to come tomorrow.	—
unbelievable	adjective	praise	🤯	/ˌʌnbəˈliːvəbəl/	không thể tin được	very surprising	The ending was unbelievable.	incredible
uncomfortable	adjective	judging	😣	/ʌnˈkʌmfətəbəl/	không thoải mái	not comfortable	These shoes are uncomfortable.	—
underline	verb	study	✏️	/ˌʌndəˈlaɪn/	gạch chân	to draw a line under words	Underline the key words.	—
underpants	noun	garments	🩲	/ˈʌndəpænts/	quần lót nam	underwear for men	a pair of underpants	pants
underwater	adjective	landforms	🤿	/ˌʌndəˈwɔːtə/	dưới nước	below the surface of water	We took underwater photos.	—
underwear	noun	garments	🩲	/ˈʌndəweə/	đồ lót	clothes worn under other clothes	Pack enough underwear.	—
undress	verb	garments	👕	/ʌnˈdres/	cởi quần áo	to take off clothes	The baby needs to undress for bed.	—
unemployed	adjective	career	📉	/ˌʌnɪmˈplɔɪd/	thất nghiệp	without a job	He's been unemployed for a year.	jobless
unemployment	noun	career	📉	/ˌʌnɪmˈplɔɪmənt/	tình trạng thất nghiệp	not having a job	Unemployment is rising.	—
unexpected	adjective	judging	❓	/ˌʌnɪkˈspektɪd/	bất ngờ	surprising	We had an unexpected visitor.	surprising
unfair	adjective	judging	⚖️	/ʌnˈfeə/	không công bằng	not fair	It's unfair!	—
unfit	adjective	illness	🥵	/ʌnˈfɪt/	không khoẻ, thể lực kém	not healthy or strong	I'm really unfit.	—
unforgettable	adjective	praise	🌟	/ˌʌnfəˈɡetəbəl/	không thể quên	so good you will always remember it	It was an unforgettable trip.	memorable
unfriendly	adjective	character_bad	😠	/ʌnˈfrendli/	không thân thiện	not friendly	The waiter was unfriendly.	rude
unhealthy	adjective	illness	🍔	/ʌnˈhelθi/	không lành mạnh	bad for your health	Fast food is unhealthy.	—
unimportant	adjective	judging	🤷	/ˌʌnɪmˈpɔːtənt/	không quan trọng	not important	That detail is unimportant.	—
uninterested	adjective	feelings_sad	😑	/ʌnˈɪntrəstɪd/	không quan tâm	not interested	He seemed uninterested.	bored
uninteresting	adjective	criticise	😴	/ʌnˈɪntrəstɪŋ/	không thú vị	boring	It was an uninteresting book.	boring
union	noun	business	🤝	/ˈjuːnjən/	công đoàn; liên minh	a group of workers or countries	She joined the union.	—
unit	noun	school_life	📘	/ˈjuːnɪt/	bài, đơn vị	a part of a course book; a single thing	Open your books at unit 5.	—
universe	noun	landforms	🌌	/ˈjuːnɪvɜːs/	vũ trụ	everything that exists in space	The universe is huge.	cosmos
unkind	adjective	character_bad	😠	/ʌnˈkaɪnd/	không tử tế	not kind	That was an unkind thing to say.	mean
unknown	adjective	qualities	❓	/ʌnˈnəʊn/	không được biết đến	not known	The cause is unknown.	—
unlikely	adjective	judging	🤏	/ʌnˈlaɪkli/	không chắc sẽ xảy ra	probably not going to happen	It's unlikely to rain.	—
unlucky	adjective	feelings_sad	😞	/ʌnˈlʌki/	không may	having bad luck	We were unlucky to lose.	—
unnecessary	adjective	judging	🚫	/ʌnˈnesəsəri/	không cần thiết	not needed	Don't bring unnecessary things.	—
unpack	verb	trips	🧳	/ʌnˈpæk/	dỡ đồ (khỏi va li)	to take things out of a bag	I unpacked my suitcase.	—
unpleasant	adjective	criticise	🤢	/ʌnˈplezənt/	khó chịu	not nice	an unpleasant smell	nasty
unsure	adjective	feelings_fear	🤔	/ʌnˈʃɔː/	không chắc	not certain	I'm unsure what to do.	uncertain
untidy	adjective	chores	🌪️	/ʌnˈtaɪdi/	bừa bộn	not tidy	My room is untidy.	messy
unwell	adjective	illness	🤒	/ʌnˈwel/	không khoẻ	ill	She feels unwell today.	ill, sick
update	noun, verb	tech	🔄	/ˈʌpdeɪt/	bản cập nhật; cập nhật	to add new information	Update your phone's software.	—
upper	adjective	size_shape	⬆️	/ˈʌpə/	ở trên	higher	the upper floor	top
urgent	adjective	judging	🚨	/ˈɜːdʒənt/	khẩn cấp	needing attention now	It's an urgent message.	—
urgently	adverb	adv_degree	🚨	/ˈɜːdʒəntli/	khẩn cấp	very quickly because it's important	I need to see you urgently.	—
used to	verb	time	⏮️	/ˈjuːst tə/	đã từng	did something regularly in the past	I used to live in Hue.	—
user	noun	tech	👤	/ˈjuːzə/	người dùng	a person who uses something	The app has a million users.	—
valley	noun	landforms	🏞️	/ˈvæli/	thung lũng	low land between hills	The village is in a valley.	—
valuable	adjective	money	💎	/ˈvæljəbəl/	có giá trị	worth a lot of money	This ring is very valuable.	precious
value	noun	money	💰	/ˈvæljuː/	giá trị	how much something is worth	The value of the house has increased.	worth
van	noun	transport	🚐	/væn/	xe tải nhỏ	a vehicle for carrying goods	The delivery van arrived.	—
vanilla	noun	ingredients	🍦	/vəˈnɪlə/	vani	a flavour used in sweet food	I'd like vanilla ice cream.	—
vase	noun	house	🏺	/vɑːs/	lọ hoa	a container for flowers	Put the flowers in a vase.	—
vegetarian	noun, adjective	snacks	🥗	/ˌvedʒɪˈteəriən/	người ăn chay; chay	a person who doesn't eat meat	She's a vegetarian.	—
vehicle	noun	transport	🚗	/ˈviːɪkəl/	phương tiện	a car, bus, lorry, etc.	No vehicles in the park.	—
version	noun	goals	🔢	/ˈvɜːʒən/	phiên bản	one form of something	The new version of the app is better.	—
vet	noun	jobs_service	🐾	/vet/	bác sĩ thú y	an animal doctor	Take the cat to the vet.	—
video clip	noun	tech	📹	/ˈvɪdiəʊ klɪp/	đoạn video ngắn	a short video	I watched a funny video clip.	clip
virus	noun	illness	🦠	/ˈvaɪrəs/	vi-rút	a tiny thing that causes illness, or a computer problem	My computer has a virus.	—
visa	noun	airport	🛂	/ˈviːzə/	thị thực	a document that lets you enter a country	Do I need a visa for Japan?	—
voice	noun	talking	🗣️	/vɔɪs/	giọng nói	the sound you make when you speak	She has a lovely voice.	—
volume	noun	music_arts	🔊	/ˈvɒljuːm/	âm lượng	how loud a sound is	Turn up the volume.	—
volunteer	noun, verb	society	🙋	/ˌvɒlənˈtɪə/	tình nguyện viên; tình nguyện	a person who works without pay to help	She volunteers at a hospital.	—
vote	noun, verb	society	🗳️	/vəʊt/	bỏ phiếu	to choose in an election	Who did you vote for?	—
vowel	noun	language	🅰️	/ˈvaʊəl/	nguyên âm	the letters a, e, i, o, u	"""A"" is a vowel."	—
wage	noun	business	💵	/weɪdʒ/	tiền lương (theo tuần/giờ)	money paid for work	The wages are low.	pay, salary
waiting room	noun	treatment	🪑	/ˈweɪtɪŋ ruːm/	phòng chờ	a room where people wait	Please sit in the waiting room.	—
war	noun	war	⚔️	/wɔː/	chiến tranh	fighting between countries	The war lasted many years.	—
warn	verb	asking	⚠️	/wɔːn/	cảnh báo	to tell someone about a danger	I warned him about the ice.	—
warning	noun	asking	⚠️	/ˈwɔːnɪŋ/	lời cảnh báo	a message about danger	There's a storm warning.	—
waste	noun, verb	environment	🗑️	/weɪst/	sự lãng phí; lãng phí; rác thải	to use badly; things thrown away	Don't waste water.	—
waterfall	noun	landforms	💦	/ˈwɔːtəfɔːl/	thác nước	water falling from a high place	We swam under the waterfall.	falls
wave	noun, verb	landforms	🌊	/weɪv/	con sóng; vẫy tay	a moving line of water; to move your hand to say hello	She waved goodbye.	—
weak	adjective	qualities	🪶	/wiːk/	yếu	not strong	I feel weak after being ill.	—
wear out	phrasal verb	ph_daily	👟	/ˌweə ˈaʊt/	làm mòn; làm kiệt sức	to become old from use; to make very tired	My shoes are worn out.	—
weather forecast	noun	weather	📺	/ˈweðə fɔːkɑːst/	dự báo thời tiết	a report about tomorrow's weather	Check the weather forecast.	forecast
webcam	noun	tech	📷	/ˈwebkæm/	webcam	a camera for video calls	Turn on your webcam.	—
wedding	noun	wedding	💒	/ˈwedɪŋ/	đám cưới	the ceremony when two people marry	I'm going to my cousin's wedding.	—
weigh	verb	numbers	⚖️	/weɪ/	cân; nặng	to measure how heavy something is	How much do you weigh?	—
weight	noun	looks	⚖️	/weɪt/	cân nặng	how heavy someone or something is	He wants to lose weight.	—
well done	exclamation	talking	👏	/ˌwel ˈdʌn/	làm tốt lắm	used to praise someone	Well done! You passed!	great job
well made	adjective	judging	🛠️	/ˌwel ˈmeɪd/	được làm tốt	made carefully and strongly	This chair is very well made.	—
well-dressed	adjective	fashion	🤵	/ˌwelˈdrest/	ăn mặc đẹp	wearing nice clothes	He's always well-dressed.	smart
western	adjective	compass	⬅️	/ˈwestən/	thuộc phía tây	in or from the west	western Europe	—
wetsuit	noun	sport_types	🤿	/ˈwetsuːt/	đồ lặn	a rubber suit for water sports	I wore a wetsuit to go surfing.	—
wheelchair	noun	treatment	♿	/ˈwiːltʃeə/	xe lăn	a chair with wheels for people who can't walk	He uses a wheelchair.	—
willing	adjective	character_good	🙋	/ˈwɪlɪŋ/	sẵn lòng	happy to do something	I'm willing to help.	ready
windscreen	noun	transport	🚗	/ˈwɪndskriːn/	kính chắn gió	the front window of a car	Clean the windscreen.	windshield
wise	adjective	character_good	🦉	/waɪz/	khôn ngoan	showing good judgement	My grandma is very wise.	—
wonder	verb	v_mind	🤔	/ˈwʌndə/	tự hỏi	to want to know	I wonder what time it is.	—
working	adjective	business	⚙️	/ˈwɜːkɪŋ/	đang làm việc; hoạt động được	having a job; functioning	The lift isn't working.	—
workout	noun	sport_types	🏋️	/ˈwɜːkaʊt/	buổi tập luyện	a period of exercise	I had a good workout at the gym.	exercise
worth	adjective	money	💰	/wɜːθ/	đáng giá	having a value of	The film is worth seeing.	—
wrap	verb	v_action	🎁	/ræp/	gói	to cover with paper	Wrap the present.	—
written	adjective	study	✍️	/ˈrɪtən/	bằng văn bản; viết	in writing	a written test	—
yard	noun	house	🏡	/jɑːd/	sân	an area next to a house	The kids play in the yard.	garden
yoga	noun	sport_types	🧘	/ˈjəʊɡə/	yoga	exercise for the body and mind	I do yoga every morning.	—
youth	noun	family_rel	🧑	/juːθ/	tuổi trẻ; thanh niên	the time when you are young	In his youth, he was a good footballer.	—
zone	noun	town	🗺️	/zəʊn/	khu vực	an area with a special use	This is a no-parking zone.	area
