word	pos	group	emoji	ipa	vi	en	ex	syn
abolish	verb	gov_law	🚫	/əˈbɒlɪʃ/	bãi bỏ	to officially end a law or system	Slavery was abolished in the 19th century.	end
abortion	noun	health_care	🏥	/əˈbɔːʃən/	sự phá thai	the deliberate ending of a pregnancy	Abortion laws differ from country to country.	termination
absence	noun	abs_mind	🫥	/ˈæbsəns/	sự vắng mặt	not being present	In the absence of the manager, I'm in charge.	—
absurd	adjective	opinions_neg	🤪	/əbˈsɜːd/	vô lí, lố bịch	completely unreasonable	That's an absurd idea.	ridiculous
abundance	noun	m_amount	🌾	/əˈbʌndəns/	sự dồi dào	a large amount	an abundance of fresh fruit	plenty
abuse	noun, verb	crime_acts	⚠️	/əˈbjuːs/	sự lạm dụng; ngược đãi	cruel treatment; wrong use	drug abuse	misuse
academy	noun	education	🎓	/əˈkædəmi/	học viện	a school for special training	a music academy	school
accelerate	verb	v_up	🚀	/ækˈseləreɪt/	tăng tốc	to go faster	The car accelerated quickly.	speed up
acceptance	noun	abs_social	🤝	/əkˈseptəns/	sự chấp nhận	agreeing to or receiving something	acceptance into university	approval
accessible	adjective	adj_judge	♿	/əkˈsesɪbəl/	dễ tiếp cận	easy to reach, use or understand	The museum is accessible by bus.	reachable
accomplishment	noun	abs_change	🏆	/əˈkʌmplɪʃmənt/	thành tựu	something achieved	It was a great accomplishment.	achievement
accordance	noun	gov_law	📜	/əˈkɔːdəns/	sự phù hợp (in accordance with)	following a rule	in accordance with the law	—
accordingly	adverb	adv_link	➡️	/əˈkɔːdɪŋli/	theo đó	in a suitable way; therefore	Plan accordingly.	therefore
accountability	noun	gov_state	⚖️	/əˌkaʊntəˈbɪləti/	trách nhiệm giải trình	being responsible for your actions	accountability in government	responsibility
accountable	adjective	gov_state	⚖️	/əˈkaʊntəbəl/	chịu trách nhiệm	responsible and able to explain	Leaders must be accountable.	responsible
accumulate	verb	v_up	📦	/əˈkjuːmjəleɪt/	tích luỹ	to gather over time	She accumulated a lot of books.	collect
accumulation	noun	m_amount	📦	/əˌkjuːmjəˈleɪʃən/	sự tích tụ	a gradual increase	an accumulation of dust	build-up
accusation	noun	crime_court	👉	/ˌækjəˈzeɪʃən/	lời buộc tội	a claim that someone did wrong	false accusations	charge
accused	noun	crime_court	🧑‍⚖️	/əˈkjuːzd/	bị cáo	a person charged with a crime	The accused denied everything.	defendant
acquisition	noun	econ_business	🛒	/ˌækwɪˈzɪʃən/	sự thu nhận; thương vụ mua lại	getting something; buying a company	language acquisition	purchase
acre	noun	m_amount	🌾	/ˈeɪkə/	mẫu Anh (≈4.047 m²)	a unit for measuring land	a farm of 100 acres	—
activation	noun	tech	🔛	/ˌæktɪˈveɪʃən/	sự kích hoạt	making something start	account activation	—
activist	noun	soc_rights	✊	/ˈæktɪvɪst/	nhà hoạt động	a person working for social change	an environmental activist	campaigner
acute	adjective	health_illness	⚠️	/əˈkjuːt/	cấp tính; nghiêm trọng	severe; sudden and serious	acute pain	severe
adaptation	noun	arts_stage	🎬	/ˌædəpˈteɪʃən/	bản chuyển thể; sự thích nghi	a film made from a book; changing to fit	a film adaptation of the novel	—
adhere	verb	v_social	📏	/ədˈhɪə/	tuân thủ	to follow rules closely	adhere to the guidelines	follow
adjacent	adjective	adj_kind	↔️	/əˈdʒeɪsənt/	liền kề	next to	the room adjacent to the kitchen	next
adjustment	noun	abs_change	🔧	/əˈdʒʌstmənt/	sự điều chỉnh	a small change	a few adjustments to the plan	change
administer	verb	work_staff	🗂️	/ədˈmɪnɪstə/	quản lí; cho (thuốc)	to manage; to give medicine	The nurse administered the drug.	manage
administrative	adjective	work_staff	🗂️	/ədˈmɪnɪstrətɪv/	thuộc hành chính	relating to managing an organisation	administrative staff	—
administrator	noun	work_staff	🧑‍💼	/ədˈmɪnɪstreɪtə/	người quản trị	a person who manages an organisation	a school administrator	manager
adolescent	noun	people	🧑	/ˌædəˈlesənt/	thanh thiếu niên	a young person between child and adult	problems of adolescents	teenager
adoption	noun	people	👪	/əˈdɒpʃən/	sự nhận con nuôi; sự thông qua	legally taking a child; starting to use	the adoption of new technology	—
adverse	adjective	opinions_neg	⚠️	/ˈædvɜːs/	bất lợi	harmful	adverse weather conditions	negative
advocate	noun, verb	soc_rights	📣	/ˈædvəkət/	người ủng hộ; ủng hộ	to publicly support	She advocates healthy eating.	supporter
aesthetic	adjective	arts_art	🎨	/esˈθetɪk/	thuộc thẩm mĩ	relating to beauty	aesthetic value	artistic
affection	noun	emo_pos	🥰	/əˈfekʃən/	tình cảm	a feeling of liking	She has great affection for her grandma.	love
aftermath	noun	abs_change	🌪️	/ˈɑːftəmæθ/	hậu quả (sau thảm hoạ)	the period after a bad event	the aftermath of the storm	consequences
aggression	noun	emo_neg	😠	/əˈɡreʃən/	sự hung hăng	angry and violent behaviour	acts of aggression	hostility
agricultural	adjective	environment	🚜	/ˌæɡrɪˈkʌltʃərəl/	thuộc nông nghiệp	relating to farming	agricultural land	farming
aide	noun	gov_state	🧑‍💼	/eɪd/	trợ lí	an assistant to an important person	a presidential aide	assistant
albeit	conjunction	adv_link	🔗	/ɔːlˈbiːɪt/	mặc dù	although	a small, albeit important, change	although
alert	verb, noun, adjective	v_social	🚨	/əˈlɜːt/	cảnh báo; tỉnh táo	to warn; awake and watchful	Stay alert while driving.	warn
align	verb	v_process	📐	/əˈlaɪn/	căn chỉnh; liên kết	to put in a line; to agree with	align the text to the left	—
alignment	noun	abs_mind	📐	/əˈlaɪnmənt/	sự thẳng hàng; sự liên kết	being in a line; agreement	political alignment	—
allegation	noun	crime_court	🗯️	/ˌælɪˈɡeɪʃən/	lời cáo buộc	a claim without proof	allegations of corruption	claim
allege	verb	crime_court	🗯️	/əˈledʒ/	cáo buộc	to claim without proof	It is alleged that he stole money.	claim
allegedly	adverb	adv_way	🗯️	/əˈledʒɪdli/	được cho là	according to what people say	He allegedly took the money.	supposedly
alliance	noun	gov_diplomacy	🤝	/əˈlaɪəns/	liên minh	an agreement between countries or groups	a military alliance	union
allocate	verb	econ_money	📊	/ˈæləkeɪt/	phân bổ	to give for a purpose	allocate money to schools	assign
allocation	noun	econ_money	📊	/ˌæləˈkeɪʃən/	sự phân bổ	giving out resources	the allocation of funds	distribution
allowance	noun	econ_money	💵	/əˈlaʊəns/	trợ cấp; khoản cho phép	money given regularly; an amount allowed	a baggage allowance	—
ally	noun	gov_diplomacy	🤝	/ˈælaɪ/	đồng minh	a country or person that supports you	close allies	partner
aluminium	noun	science	🥫	/ˌæljəˈmɪniəm/	nhôm	a light silver metal	aluminium cans	—
amateur	adjective, noun	sport	🎾	/ˈæmətə/	nghiệp dư	doing something for pleasure, not money	an amateur photographer	non-professional
ambassador	noun	gov_diplomacy	🏛️	/æmˈbæsədə/	đại sứ	a country's official representative abroad	the British ambassador	diplomat
amend	verb	gov_law	✏️	/əˈmend/	sửa đổi	to change a law or document	amend the constitution	change
amendment	noun	gov_law	📜	/əˈmendmənt/	bản sửa đổi	a change to a law	an amendment to the law	change
amid	preposition	adv_link	🌪️	/əˈmɪd/	giữa lúc	in the middle of	amid rising prices	among
analogy	noun	res_ideas	🔄	/əˈnælədʒi/	phép loại suy, so sánh	a comparison that explains something	a useful analogy	comparison
anchor	noun	city_build	⚓	/ˈæŋkə/	mỏ neo; người dẫn chương trình	a heavy object that holds a boat; a news presenter	drop anchor	—
angel	noun	religion	👼	/ˈeɪndʒəl/	thiên thần	a spiritual being; a very kind person	You're an angel!	—
anonymous	adjective	adj_kind	🎭	/əˈnɒnɪməs/	nặc danh	with name unknown	an anonymous letter	unnamed
apparatus	noun	science	🔬	/ˌæpəˈrætəs/	thiết bị, bộ máy	equipment for a task	breathing apparatus	equipment
appealing	adjective	opinions_pos	😍	/əˈpiːlɪŋ/	hấp dẫn	attractive or interesting	an appealing idea	attractive
appetite	noun	health_body	🍽️	/ˈæpɪtaɪt/	sự thèm ăn	the wish to eat	I've lost my appetite.	hunger
applaud	verb	arts_stage	👏	/əˈplɔːd/	vỗ tay; tán dương	to clap; to praise	We applaud her courage.	clap
applicable	adjective	adj_judge	✅	/ˈæplɪkəbəl/	có thể áp dụng	relevant to	not applicable	relevant
appoint	verb	work_staff	📋	/əˈpɔɪnt/	bổ nhiệm	to choose someone for a job	She was appointed director.	name
appreciation	noun	emo_pos	🙏	/əˌpriːʃiˈeɪʃən/	sự trân trọng; sự tăng giá trị	gratitude; understanding	a sign of appreciation	gratitude
arbitrary	adjective	opinions_neg	🎲	/ˈɑːbɪtrəri/	tuỳ tiện	based on chance, not reason	an arbitrary decision	random
architectural	adjective	city_build	🏛️	/ˌɑːkɪˈtektʃərəl/	thuộc kiến trúc	relating to architecture	architectural design	—
archive	noun	res_method	🗃️	/ˈɑːkaɪv/	kho lưu trữ	a collection of historical records	the national archive	records
arena	noun	sport	🏟️	/əˈriːnə/	đấu trường	a large place for sports or shows	a sports arena	stadium
arguably	adverb	adv_way	💬	/ˈɑːɡjuəbli/	có thể nói là	it can be argued	arguably the best film of the year	possibly
array	noun	m_amount	🌈	/əˈreɪ/	một loạt	a large group of things	a wide array of choices	range
articulate	verb	speak_state	🗣️	/ɑːˈtɪkjuleɪt/	diễn đạt rõ ràng	to express clearly	She articulated her ideas well.	express
ash	noun	environment	🌋	/æʃ/	tro	grey powder after burning	volcanic ash	—
aspiration	noun	emo_pos	🌠	/ˌæspɪˈreɪʃən/	khát vọng	a strong hope	career aspirations	ambition
aspire	verb	v_mind	🌠	/əˈspaɪə/	khao khát	to hope to achieve	She aspires to be a doctor.	aim
assassination	noun	war_conflict	🎯	/əˌsæsɪˈneɪʃən/	vụ ám sát	murder of an important person	the assassination of a president	murder
assault	noun, verb	crime_acts	👊	/əˈsɔːlt/	hành hung	a violent attack	He was arrested for assault.	attack
assemble	verb	v_handle	🧩	/əˈsembəl/	lắp ráp; tập hợp	to put together; to gather	assemble the furniture	build
assembly	noun	gov_elections	🏛️	/əˈsembli/	hội đồng; sự lắp ráp	a group that makes laws; putting together	the National Assembly	—
assert	verb	speak_state	☝️	/əˈsɜːt/	khẳng định	to state firmly	She asserted her innocence.	claim
assertion	noun	speak_state	☝️	/əˈsɜːʃən/	sự khẳng định	a firm statement	His assertion was false.	claim
assurance	noun	abs_social	🤝	/əˈʃʊərəns/	sự đảm bảo	a promise	She gave me her assurance.	guarantee
asylum	noun	gov_diplomacy	🛡️	/əˈsaɪləm/	sự tị nạn chính trị	protection given to refugees	seek asylum	refuge
atrocity	noun	war_conflict	💀	/əˈtrɒsəti/	hành động tàn bạo	an extremely cruel act	war atrocities	—
attain	verb	v_up	🏆	/əˈteɪn/	đạt được	to achieve	attain a high standard	achieve
attendance	noun	education	📋	/əˈtendəns/	sự có mặt	being present	School attendance is important.	presence
attorney	noun	crime_court	👨‍⚖️	/əˈtɜːni/	luật sư (tiếng Mỹ)	a lawyer	a defence attorney	lawyer
attribute	verb, noun	res_ideas	🔖	/əˈtrɪbjuːt/	quy cho; thuộc tính	to say something is caused by; a quality	Patience is a good attribute.	quality
audit	noun	econ_money	🧾	/ˈɔːdɪt/	kiểm toán	an official check of accounts	an annual audit	inspection
authentic	adjective	opinions_pos	✅	/ɔːˈθentɪk/	chính gốc, xác thực	real, genuine	authentic Vietnamese food	genuine
authorize	verb	gov_law	✅	/ˈɔːθəraɪz/	cho phép	to give official permission	Who authorized this?	allow
auto	noun	city_build	🚗	/ˈɔːtəʊ/	ô tô (tiếng Mỹ)	a car	the auto industry	car
autonomy	noun	gov_state	🗽	/ɔːˈtɒnəmi/	quyền tự chủ	independence and self-control	regional autonomy	independence
availability	noun	m_chance	🟢	/əˌveɪləˈbɪləti/	sự có sẵn	being available	room availability	—
await	verb	v_mind	⏳	/əˈweɪt/	chờ đợi	to wait for	awaiting your reply	wait for
backdrop	noun	arts_stage	🏞️	/ˈbækdrɒp/	phông nền; bối cảnh	the scene behind something	against a backdrop of mountains	background
backing	noun	abs_social	🤝	/ˈbækɪŋ/	sự hỗ trợ	support	financial backing	support
backup	noun	tech	💾	/ˈbækʌp/	bản sao lưu	a copy kept in case the original is lost	Make a backup of your files.	copy
bail	noun	crime_police	💵	/beɪl/	tiền bảo lãnh	money paid to release someone before trial	released on bail	—
ballot	noun	gov_elections	🗳️	/ˈbælət/	lá phiếu	a paper used to vote	a secret ballot	vote
banner	noun	media	🚩	/ˈbænə/	biểu ngữ	a long sign	Protesters carried banners.	sign
bare	adjective	adj_nature	🦶	/beə/	trần, trống	not covered	bare feet	naked
barrel	noun	econ_industry	🛢️	/ˈbærəl/	thùng (tròn); thùng dầu	a large round container	oil prices per barrel	—
battlefield	noun	war_fight	⚔️	/ˈbætəlfiːld/	chiến trường	a place where a battle is fought	soldiers on the battlefield	—
beam	noun	science	💡	/biːm/	tia sáng; xà nhà	a line of light; a long piece of wood	a beam of light	ray
beast	noun	people	🐺	/biːst/	con thú; kẻ tàn bạo	a large animal; a cruel person	Beauty and the Beast	animal
behalf	noun	abs_social	🙋	/bɪˈhɑːf/	thay mặt (on behalf of)	representing someone	on behalf of the team	—
beloved	adjective	emo_pos	💕	/bɪˈlʌvd/	yêu dấu	much loved	my beloved grandmother	dear
bench	noun	city_home	🪑	/bentʃ/	ghế dài	a long seat	a park bench	seat
benchmark	noun	res_method	📏	/ˈbentʃmɑːk/	tiêu chuẩn so sánh	a standard to measure against	a benchmark for quality	standard
beneath	preposition	adv_link	⬇️	/bɪˈniːθ/	bên dưới	under	beneath the surface	below
beneficiary	noun	econ_money	🎁	/ˌbenɪˈfɪʃəri/	người thụ hưởng	a person who benefits	the main beneficiary of the will	—
betray	verb	v_social	🗡️	/bɪˈtreɪ/	phản bội	to be disloyal	He betrayed his friends.	deceive
bind	verb	v_handle	🪢	/baɪnd/	buộc; ràng buộc	to tie; to force to keep a promise	bound by the contract	tie
bishop	noun	religion	⛪	/ˈbɪʃəp/	giám mục	a senior Christian priest	the Bishop of London	—
bizarre	adjective	opinions_neg	🤯	/bɪˈzɑː/	kì quặc	very strange	a bizarre story	strange
blade	noun	city_home	🔪	/bleɪd/	lưỡi dao	the cutting part of a knife	a sharp blade	—
blast	noun, verb	war_fight	💥	/blɑːst/	vụ nổ	an explosion	a bomb blast	explosion
blend	verb, noun	v_process	🥤	/blend/	pha trộn	to mix together	blend the ingredients	mix
bless	verb	religion	🙏	/bles/	ban phước	to ask God to protect	God bless you.	—
blessing	noun	religion	🍀	/ˈblesɪŋ/	phước lành; điều may	something lucky; approval	It was a blessing in disguise.	—
boast	verb	speak_state	😎	/bəʊst/	khoe khoang	to talk proudly	He boasted about his car.	brag
bonus	noun	work_staff	💰	/ˈbəʊnəs/	tiền thưởng	extra money	a year-end bonus	reward
boom	noun	econ_business	📈	/buːm/	sự bùng nổ (kinh tế)	a period of fast growth	an economic boom	growth
boundary	noun	abs_mind	🚧	/ˈbaʊndri/	ranh giới	a dividing line	push the boundaries	border
breach	noun, verb	crime_acts	💔	/briːtʃ/	sự vi phạm; phá vỡ	breaking a rule or agreement	a breach of contract	violation
breakdown	noun	abs_change	🧩	/ˈbreɪkdaʊn/	sự hỏng hóc; sự phân tích chi tiết	failure; detailed list	a nervous breakdown	collapse
breakthrough	noun	res_ideas	💡	/ˈbreɪkθruː/	bước đột phá	an important discovery	a medical breakthrough	advance
breed	verb, noun	environment	🐄	/briːd/	nhân giống; giống (vật nuôi)	to produce young; a type of animal	a rare breed of dog	—
broadband	noun	tech	🌐	/ˈbrɔːdbænd/	băng thông rộng	fast internet	a broadband connection	—
browser	noun	tech	🧭	/ˈbraʊzə/	trình duyệt	a program for viewing websites	Open your browser.	—
brutal	adjective	opinions_neg	👊	/ˈbruːtəl/	tàn bạo	very cruel	a brutal attack	cruel
buddy	noun	people	🤜	/ˈbʌdi/	bạn thân	a close friend	my old buddy	friend
buffer	noun	abs_mind	🛡️	/ˈbʌfə/	vùng đệm	something that reduces a bad effect	a buffer against shocks	cushion
bulk	noun	m_amount	📦	/bʌlk/	phần lớn; số lượng lớn	the largest part; large amounts	buy in bulk	majority
burden	noun	abs_social	🎒	/ˈbɜːdən/	gánh nặng	a heavy responsibility	a financial burden	load
bureaucracy	noun	gov_state	📑	/bjuəˈrɒkrəsi/	bộ máy quan liêu	complicated official rules	too much bureaucracy	red tape
burial	noun	religion	⚰️	/ˈberiəl/	sự chôn cất	putting a dead body in the ground	a burial ceremony	funeral
burst	verb	v_hands	🎈	/bɜːst/	nổ tung, vỡ	to break open suddenly	The balloon burst.	pop
calculation	noun	res_method	🧮	/ˌkælkjəˈleɪʃən/	sự tính toán	working out numbers	a quick calculation	—
canvas	noun	arts_art	🖼️	/ˈkænvəs/	vải bạt; tranh sơn dầu	strong cloth used for painting	oil on canvas	—
capability	noun	m_chance	💪	/ˌkeɪpəˈbɪləti/	năng lực	the ability to do something	the company's capabilities	ability
capitalism	noun	econ_business	🏦	/ˈkæpɪtəlɪzəm/	chủ nghĩa tư bản	an economic system based on private ownership	Capitalism depends on free markets.	—
capitalist	adjective	econ_business	💼	/ˈkæpɪtəlɪst/	tư bản chủ nghĩa	based on capitalism	a capitalist economy	—
cargo	noun	econ_industry	📦	/ˈkɑːɡəʊ/	hàng hoá (vận chuyển)	goods carried by ship or plane	a cargo ship	freight
carriage	noun	city_build	🚃	/ˈkærɪdʒ/	toa xe; xe ngựa	a part of a train; a horse-drawn vehicle	the first carriage	—
carve	verb	arts_art	🪵	/kɑːv/	chạm khắc	to cut shapes in wood or stone	He carved a statue.	—
casino	noun	city_home	🎰	/kəˈsiːnəʊ/	sòng bạc	a place for gambling	a casino in Las Vegas	—
casualty	noun	war_conflict	🚑	/ˈkæʒuəlti/	thương vong	a person hurt or killed	There were no casualties.	victim
catalogue	noun	econ_business	📖	/ˈkætəlɒɡ/	danh mục	a list of goods	a shopping catalogue	list
cater	verb	work_teamwork	🍽️	/ˈkeɪtə/	cung cấp đồ ăn; phục vụ	to provide food; to meet needs	cater for all ages	provide
caution	noun	abs_social	⚠️	/ˈkɔːʃən/	sự thận trọng	care to avoid danger	Proceed with caution.	care
cautious	adjective	q_skill	🦉	/ˈkɔːʃəs/	thận trọng	careful	a cautious driver	careful
cease	verb	v_down	🛑	/siːs/	ngừng	to stop	The factory ceased production.	stop
cemetery	noun	religion	🪦	/ˈsemətri/	nghĩa trang	a place where the dead are buried	an old cemetery	graveyard
chamber	noun	gov_elections	🏛️	/ˈtʃeɪmbə/	phòng; viện (quốc hội)	a room; part of parliament	the upper chamber	room
chaos	noun	abs_change	🌪️	/ˈkeɪɒs/	sự hỗn loạn	complete disorder	The traffic was chaos.	disorder
characterize	verb	v_mind	🏷️	/ˈkærɪktəraɪz/	mô tả đặc điểm	to describe typical features	The area is characterized by hills.	describe
charm	noun	q_virtue	✨	/tʃɑːm/	sự quyến rũ	a pleasing quality	She has great charm.	appeal
charter	noun	gov_law	📜	/ˈtʃɑːtə/	hiến chương	an official document of rights	the UN Charter	—
chronic	adjective	health_illness	⏳	/ˈkrɒnɪk/	mãn tính	lasting a long time	chronic back pain	long-term
chunk	noun	m_amount	🧱	/tʃʌŋk/	khúc, phần lớn	a thick piece; a large part	a chunk of cheese	piece
circulate	verb	v_process	🔄	/ˈsɜːkjəleɪt/	lưu thông	to move around	Blood circulates round the body.	flow
circulation	noun	health_body	🩸	/ˌsɜːkjəˈleɪʃən/	sự tuần hoàn; lượng phát hành	movement of blood; number of copies	poor circulation	—
citizenship	noun	gov_diplomacy	🪪	/ˈsɪtɪzənʃɪp/	quyền công dân	being a citizen	Vietnamese citizenship	nationality
civic	adjective	soc_community	🏛️	/ˈsɪvɪk/	thuộc công dân	relating to a town or its people	civic duty	—
civilian	noun, adjective	war_conflict	🧍	/sɪˈvɪljən/	thường dân	a person not in the army	Many civilians were hurt.	—
clarity	noun	abs_mind	🔍	/ˈklærəti/	sự rõ ràng	being clear	clarity of thought	clearness
clash	noun	war_fight	⚔️	/klæʃ/	cuộc xung đột	a fight or disagreement	clashes with the police	conflict
classification	noun	res_method	🗂️	/ˌklæsɪfɪˈkeɪʃən/	sự phân loại	putting into groups	the classification of plants	categorization
cling	verb	v_move	🧗	/klɪŋ/	bám chặt	to hold tightly	She clung to her mother.	hold on
clinical	adjective	health_care	🩺	/ˈklɪnɪkəl/	thuộc lâm sàng	relating to treating patients	clinical trials	medical
closure	noun	abs_change	🔒	/ˈkləʊʒə/	sự đóng cửa	closing permanently	the closure of the factory	shutdown
cluster	noun	m_amount	🍇	/ˈklʌstə/	cụm, chùm	a group close together	a cluster of houses	group
coalition	noun	gov_elections	🤝	/ˌkəʊəˈlɪʃən/	liên minh (chính trị)	a union of parties	a coalition government	alliance
coastal	adjective	environment	🏖️	/ˈkəʊstəl/	ven biển	by the coast	coastal towns	seaside
cocktail	noun	city_home	🍹	/ˈkɒkteɪl/	cốc-tai	a mixed alcoholic drink	a cocktail party	—
cognitive	adjective	res_ideas	🧠	/ˈkɒɡnɪtɪv/	thuộc nhận thức	relating to thinking	cognitive development	mental
coincide	verb	v_mind	🗓️	/ˌkəʊɪnˈsaɪd/	trùng khớp	to happen at the same time	My birthday coincides with Tet.	—
collaborate	verb	work_teamwork	🤝	/kəˈlæbəreɪt/	cộng tác	to work together	They collaborated on the project.	cooperate
collaboration	noun	work_teamwork	🤝	/kəˌlæbəˈreɪʃən/	sự cộng tác	working together	in collaboration with others	teamwork
collective	adjective	soc_community	👥	/kəˈlektɪv/	tập thể	shared by a group	a collective decision	shared
collision	noun	city_build	💥	/kəˈlɪʒən/	vụ va chạm	a crash	a collision between two cars	crash
colonial	adjective	war_conflict	🏴	/kəˈləʊniəl/	thuộc thực dân	relating to colonies	colonial buildings	—
columnist	noun	media	✍️	/ˈkɒləmnɪst/	người viết chuyên mục	a journalist who writes a regular column	a newspaper columnist	writer
combat	noun, verb	war_fight	⚔️	/ˈkɒmbæt/	chiến đấu; chống lại	fighting; to fight against	combat climate change	fight
commence	verb	v_process	▶️	/kəˈmens/	bắt đầu	to begin (formal)	The meeting will commence at 9.	begin
commentary	noun	media	🎙️	/ˈkɒməntəri/	bình luận	a spoken description of an event	live commentary on the match	—
commentator	noun	media	🎙️	/ˈkɒmənteɪtə/	bình luận viên	a person who describes an event	a football commentator	—
commerce	noun	econ_business	🛒	/ˈkɒmɜːs/	thương mại	buying and selling	online commerce	trade
commissioner	noun	gov_state	🏛️	/kəˈmɪʃənə/	uỷ viên	an official in charge	the police commissioner	—
commodity	noun	econ_business	📦	/kəˈmɒdəti/	hàng hoá	a product that can be traded	Rice is an important commodity.	goods
communist	adjective	gov_state	🚩	/ˈkɒmjənɪst/	cộng sản	based on communism	a communist party	—
companion	noun	people	🧑‍🤝‍🧑	/kəmˈpænjən/	bạn đồng hành	a person you spend time with	a travelling companion	partner
comparable	adjective	adj_judge	⚖️	/ˈkɒmpərəbəl/	có thể so sánh	similar	comparable prices	similar
compassion	noun	q_virtue	💗	/kəmˈpæʃən/	lòng trắc ẩn	sympathy for others' suffering	She showed compassion.	sympathy
compel	verb	v_social	👉	/kəmˈpel/	buộc	to force	I felt compelled to help.	force
compelling	adjective	opinions_pos	🧲	/kəmˈpelɪŋ/	thuyết phục, hấp dẫn	very persuasive or interesting	a compelling argument	convincing
compensate	verb	econ_money	💵	/ˈkɒmpənseɪt/	bồi thường	to pay for loss or damage	They compensated the victims.	repay
compensation	noun	econ_money	💵	/ˌkɒmpənˈseɪʃən/	tiền bồi thường	money paid for loss	compensation for the damage	—
competence	noun	q_skill	🛠️	/ˈkɒmpɪtəns/	năng lực	ability to do something well	professional competence	skill
competent	adjective	q_skill	🛠️	/ˈkɒmpɪtənt/	có năng lực	able to do something well	a competent driver	capable
compile	verb	res_method	📚	/kəmˈpaɪl/	biên soạn	to collect into a list or book	compile a report	collect
complement	verb	v_process	🧩	/ˈkɒmplɪmənt/	bổ sung	to go well with	The wine complements the food.	match
complexity	noun	abs_mind	🧩	/kəmˈpleksəti/	sự phức tạp	being complicated	the complexity of the task	—
compliance	noun	gov_law	📏	/kəmˈplaɪəns/	sự tuân thủ	obeying rules	compliance with the law	obedience
complication	noun	health_illness	⚠️	/ˌkɒmplɪˈkeɪʃən/	biến chứng; sự phức tạp	a new problem	complications after surgery	—
comply	verb	gov_law	📏	/kəmˈplaɪ/	tuân theo	to obey a rule	comply with the regulations	obey
compromise	noun, verb	v_social	🤝	/ˈkɒmprəmaɪz/	sự thoả hiệp	an agreement where both sides give up something	reach a compromise	deal
compute	verb	tech	🧮	/kəmˈpjuːt/	tính toán	to calculate	compute the total	calculate
conceal	verb	v_handle	🙈	/kənˈsiːl/	che giấu	to hide	He concealed the truth.	hide
concede	verb	speak_react	🏳️	/kənˈsiːd/	thừa nhận; nhượng bộ	to admit something is true	He conceded defeat.	admit
conceive	verb	v_mind	💡	/kənˈsiːv/	hình dung; thụ thai	to imagine; to become pregnant	I can't conceive of a better plan.	imagine
conception	noun	abs_mind	💡	/kənˈsepʃən/	khái niệm; sự thụ thai	an idea; the start of pregnancy	a clear conception of the project	idea
concession	noun	econ_business	🎟️	/kənˈseʃən/	sự nhượng bộ; giảm giá	something given up; a lower price	student concessions	—
condemn	verb	speak_react	👎	/kənˈdem/	lên án	to say strongly something is wrong	Leaders condemned the attack.	criticize
confer	verb	speak_react	🗣️	/kənˈfɜː/	bàn bạc; trao	to discuss; to give an honour	The doctors conferred.	consult
confession	noun	crime_court	🙋	/kənˈfeʃən/	lời thú tội	admitting guilt	He made a full confession.	admission
configuration	noun	tech	⚙️	/kənˌfɪɡjəˈreɪʃən/	cấu hình	the arrangement of parts	system configuration	setup
confine	verb	v_handle	🔒	/kənˈfaɪn/	giam giữ; giới hạn	to keep within limits	confined to bed	restrict
confirmation	noun	abs_social	✅	/ˌkɒnfəˈmeɪʃən/	sự xác nhận	proof that something is true	booking confirmation	—
confront	verb	v_social	🥊	/kənˈfrʌnt/	đối mặt	to face a difficult situation	confront your fears	face
confrontation	noun	war_fight	🥊	/ˌkɒnfrʌnˈteɪʃən/	cuộc đối đầu	a fight or argument	a confrontation with the police	conflict
congratulate	verb	speak_react	🎉	/kənˈɡrætʃuleɪt/	chúc mừng	to praise someone for success	I congratulated her.	—
congregation	noun	religion	⛪	/ˌkɒŋɡrɪˈɡeɪʃən/	giáo đoàn	people at a religious service	The congregation sang.	—
congressional	adjective	gov_elections	🏛️	/kənˈɡreʃənəl/	thuộc Quốc hội (Mỹ)	relating to the US Congress	a congressional hearing	—
conquer	verb	war_fight	⚔️	/ˈkɒŋkə/	chinh phục	to take control by force	conquer a country	defeat
conscience	noun	q_virtue	😇	/ˈkɒnʃəns/	lương tâm	the sense of right and wrong	a clear conscience	—
consciousness	noun	health_body	🧠	/ˈkɒnʃəsnɪs/	ý thức	being awake and aware	lose consciousness	awareness
consecutive	adjective	adj_time	🔢	/kənˈsekjətɪv/	liên tiếp	following one after another	three consecutive wins	successive
consensus	noun	abs_social	🤝	/kənˈsensəs/	sự đồng thuận	general agreement	reach a consensus	agreement
consent	noun, verb	abs_social	✅	/kənˈsent/	sự đồng ý	permission	without her consent	permission
conserve	verb	environment	🌿	/kənˈsɜːv/	bảo tồn; tiết kiệm	to protect; to use carefully	conserve energy	save
consistency	noun	q_skill	🔁	/kənˈsɪstənsi/	sự nhất quán	always being the same	consistency in quality	—
consolidate	verb	v_up	🧱	/kənˈsɒlɪdeɪt/	củng cố; hợp nhất	to make stronger; to combine	consolidate your position	strengthen
constituency	noun	gov_elections	🗳️	/kənˈstɪtʃuənsi/	khu vực bầu cử	an area that elects a representative	his constituency	district
constitute	verb	v_mind	🧩	/ˈkɒnstɪtjuːt/	cấu thành	to form or be	Women constitute half the staff.	make up
constitution	noun	gov_law	📜	/ˌkɒnstɪˈtjuːʃən/	hiến pháp	a country's basic laws	the Vietnamese Constitution	—
constitutional	adjective	gov_law	📜	/ˌkɒnstɪˈtjuːʃənəl/	thuộc hiến pháp	relating to a constitution	constitutional rights	—
constraint	noun	m_chance	🚧	/kənˈstreɪnt/	sự ràng buộc	a limit	time constraints	limit
consultation	noun	work_teamwork	🩺	/ˌkɒnsəlˈteɪʃən/	sự tham vấn	a meeting to get advice	a consultation with a lawyer	—
contemplate	verb	v_mind	🤔	/ˈkɒntəmpleɪt/	suy ngẫm	to think carefully about	contemplate a career change	consider
contempt	noun	emo_neg	😒	/kənˈtempt/	sự khinh thường	a feeling that someone is worthless	She looked at him with contempt.	scorn
contend	verb	speak_state	🗣️	/kənˈtend/	cho rằng; đấu tranh	to argue; to compete	He contends that the plan is wrong.	argue
contender	noun	sport	🥊	/kənˈtendə/	ứng viên	a person competing to win	a contender for the title	competitor
contention	noun	abs_mind	🗯️	/kənˈtenʃən/	sự tranh cãi; luận điểm	disagreement; an opinion	a point of contention	—
continually	adverb	adv_way	🔁	/kənˈtɪnjuəli/	liên tục	again and again	She is continually late.	repeatedly
contractor	noun	work_staff	👷	/ˈkɒntræktə/	nhà thầu	a person or company doing work under contract	a building contractor	—
contradiction	noun	abs_mind	↔️	/ˌkɒntrəˈdɪkʃən/	sự mâu thuẫn	a disagreement between facts	a contradiction in his story	conflict
contrary	adjective, noun	adj_judge	🔄	/ˈkɒntrəri/	trái ngược	opposite	on the contrary	opposite
contributor	noun	people	🤲	/kənˈtrɪbjətə/	người đóng góp	a person who gives or writes	a regular contributor to the magazine	—
conversion	noun	abs_change	🔄	/kənˈvɜːʒən/	sự chuyển đổi	changing from one form to another	currency conversion	change
convict	verb	crime_court	⛓️	/kənˈvɪkt/	kết án	to declare guilty in court	He was convicted of theft.	sentence
conviction	noun	crime_court	⛓️	/kənˈvɪkʃən/	sự kết án; niềm tin chắc	being found guilty; a strong belief	a previous conviction	belief
cooperate	verb	work_teamwork	🤝	/kəʊˈɒpəreɪt/	hợp tác	to work together	Please cooperate with the police.	collaborate
cooperative	adjective	q_skill	🤝	/kəʊˈɒpərətɪv/	hợp tác	willing to help	a cooperative attitude	helpful
coordinate	verb	work_teamwork	🗂️	/kəʊˈɔːdɪneɪt/	điều phối	to organise parts to work together	coordinate the project	organise
coordination	noun	work_teamwork	🗂️	/kəʊˌɔːdɪˈneɪʃən/	sự phối hợp	organising people or parts	good coordination	—
coordinator	noun	work_teamwork	🧑‍💼	/kəʊˈɔːdɪneɪtə/	điều phối viên	a person who organises	an event coordinator	organiser
cop	noun	crime_police	👮	/kɒp/	cảnh sát (thân mật)	a police officer (informal)	a cop show	police officer
copper	noun	science	🟠	/ˈkɒpə/	đồng (kim loại)	a reddish-brown metal	copper wire	—
copyright	noun	media	©️	/ˈkɒpiraɪt/	bản quyền	the legal right to copy work	copyright law	—
correlate	verb	res_method	📈	/ˈkɒrəleɪt/	tương quan	to have a connection	Income correlates with education.	—
correlation	noun	res_method	📈	/ˌkɒrəˈleɪʃən/	sự tương quan	a connection between things	a strong correlation	link
correspond	verb	v_mind	✉️	/ˌkɒrɪˈspɒnd/	tương ứng; trao đổi thư	to match; to write letters	The numbers correspond.	match
correspondence	noun	media	✉️	/ˌkɒrɪˈspɒndəns/	thư từ	letters	business correspondence	letters
correspondent	noun	media	🎙️	/ˌkɒrɪˈspɒndənt/	phóng viên	a journalist reporting from a place	a foreign correspondent	reporter
corresponding	adjective	adj_judge	🔗	/ˌkɒrɪˈspɒndɪŋ/	tương ứng	matching	the corresponding period last year	matching
corrupt	adjective	crime_acts	💰	/kəˈrʌpt/	tham nhũng	dishonest for money	a corrupt official	dishonest
corruption	noun	crime_acts	💰	/kəˈrʌpʃən/	sự tham nhũng	dishonest behaviour for money	fight corruption	bribery
costly	adjective	econ_money	💸	/ˈkɒstli/	tốn kém	expensive	a costly mistake	expensive
councillor	noun	gov_elections	🏛️	/ˈkaʊnsələ/	uỷ viên hội đồng	an elected member of a local council	She was elected as a local councillor.	—
counselling	noun	health_care	💬	/ˈkaʊnsəlɪŋ/	sự tư vấn tâm lí	professional advice about personal problems	He received counselling after the accident.	therapy
counsellor	noun	health_care	🧑‍⚕️	/ˈkaʊnsələ/	chuyên viên tư vấn	a person trained to give advice on problems	a school counsellor	adviser
counterpart	noun	people	👥	/ˈkaʊntəpɑːt/	người đồng cấp	a person with the same job in another place	The minister met his French counterpart.	equivalent
countless	adjective	m_amount	♾️	/ˈkaʊntləs/	vô số	too many to count	I've told you countless times.	innumerable
coup	noun	gov_state	🪖	/kuː/	cuộc đảo chính	a sudden illegal seizure of power	a military coup	takeover
courtesy	noun	q_virtue	🙇	/ˈkɜːtɪsi/	sự lịch sự	polite behaviour	It's common courtesy to say thank you.	politeness
crawl	verb	v_move	🐛	/krɔːl/	bò	to move on hands and knees	The baby is starting to crawl.	creep
creator	noun	arts_stage	🎨	/kriˈeɪtə/	người sáng tạo	a person who makes something new	the creator of the cartoon	maker
credibility	noun	abs_social	✅	/ˌkredɪˈbɪləti/	sự đáng tin	the quality of being believed	The scandal damaged his credibility.	trust
credible	adjective	adj_judge	✅	/ˈkredəbəl/	đáng tin	able to be believed	a credible witness	believable
creep	verb	v_move	🐈	/kriːp/	rón rén	to move slowly and quietly	He crept up the stairs.	sneak
critique	noun	res_ideas	📝	/krɪˈtiːk/	bài phê bình	a detailed analysis and judgement	a critique of the novel	review
crude	adjective	adj_nature	🛢️	/kruːd/	thô	in a natural state; simple and rough	crude oil	raw
crush	verb	v_hands	🥫	/krʌʃ/	nghiền nát; đè bẹp	to press hard and break	Crush the garlic.	squash
crystal	noun	science	💎	/ˈkrɪstəl/	pha lê; tinh thể	a clear mineral; a regular solid shape	salt crystals	—
cult	noun, adjective	religion	🕯️	/kʌlt/	giáo phái; được sùng bái	a small religious group; very popular with a group	a cult film	sect
cultivate	verb	environment	🌱	/ˈkʌltɪveɪt/	trồng trọt; vun đắp	to grow crops; to develop	They cultivate rice and corn.	grow
curiosity	noun	q_skill	🧐	/ˌkjʊəriˈɒsəti/	sự tò mò	a wish to know	Out of curiosity, I opened the box.	interest
custody	noun	crime_police	🔒	/ˈkʌstədi/	sự giam giữ; quyền nuôi con	being kept by police; the right to care for a child	He was taken into custody.	detention
cutting	noun	media	✂️	/ˈkʌtɪŋ/	bài cắt từ báo	an article cut from a newspaper	a newspaper cutting	clipping
cynical	adjective	opinions_neg	🙄	/ˈsɪnɪkəl/	hoài nghi, yếm thế	believing people are selfish	She's cynical about politicians.	sceptical
dam	noun	environment	🌊	/dæm/	đập nước	a wall that holds back water	The dam produces electricity.	barrier
damaging	adjective	opinions_neg	💢	/ˈdæmɪdʒɪŋ/	gây hại	causing harm	damaging effects on health	harmful
dawn	noun	environment	🌅	/dɔːn/	bình minh	the time when the sun rises	We left at dawn.	sunrise
debris	noun	environment	🧱	/ˈdebriː/	mảnh vụn	broken pieces left after destruction	debris from the crash	rubble
debut	noun	arts_stage	🌟	/ˈdeɪbjuː/	lần ra mắt	a first public appearance	her debut album	first appearance
decision-making	noun	work_teamwork	🧭	/dɪˈsɪʒənˌmeɪkɪŋ/	sự ra quyết định	the process of deciding	involved in decision-making	—
decisive	adjective	q_skill	⚡	/dɪˈsaɪsɪv/	quyết đoán; mang tính quyết định	able to decide quickly; very important	a decisive leader	firm
declaration	noun	gov_diplomacy	📜	/ˌdekləˈreɪʃən/	bản tuyên bố	an official statement	the Declaration of Independence	announcement
dedicated	adjective	q_skill	💪	/ˈdedɪkeɪtɪd/	tận tuỵ	working hard for something	a dedicated teacher	devoted
dedication	noun	q_skill	💪	/ˌdedɪˈkeɪʃən/	sự cống hiến	hard work and commitment	Her dedication paid off.	commitment
deed	noun	abs_social	🤲	/diːd/	việc làm, hành động	an act	a good deed	act
deem	verb	v_mind	🤔	/diːm/	cho là	to consider	The plan was deemed a success.	consider
default	noun	tech	⚙️	/dɪˈfɔːlt/	mặc định	what happens if you don't choose	the default settings	standard
defect	noun	tech	🔧	/ˈdiːfekt/	khiếm khuyết	a fault	a defect in the engine	fault
defensive	adjective	q_skill	🛡️	/dɪˈfensɪv/	phòng thủ	protecting against attack or criticism	He gets defensive when criticised.	protective
deficiency	noun	health_illness	📉	/dɪˈfɪʃənsi/	sự thiếu hụt	a lack of something needed	vitamin deficiency	shortage
deficit	noun	econ_money	📉	/ˈdefɪsɪt/	thâm hụt	the amount by which money spent is more than money received	a budget deficit	shortfall
defy	verb	v_social	✊	/dɪˈfaɪ/	bất chấp, thách thức	to refuse to obey	They defied the ban.	disobey
delegate	noun	gov_elections	🪪	/ˈdelɪɡət/	đại biểu	a person sent to represent others	delegates at the conference	representative
delegation	noun	gov_elections	👥	/ˌdelɪˈɡeɪʃən/	phái đoàn	a group of representatives	a trade delegation	—
delicate	adjective	adj_nature	🌸	/ˈdelɪkət/	mỏng manh; tế nhị	easily damaged; needing care	a delicate situation	fragile
demon	noun	religion	👹	/ˈdiːmən/	quỷ	an evil spirit	fighting his demons	devil
denial	noun	speak_react	🙅	/dɪˈnaɪəl/	sự phủ nhận	saying something is not true	He is in denial.	rejection
denounce	verb	speak_react	📢	/dɪˈnaʊns/	tố cáo, lên án	to criticise publicly	They denounced the decision.	condemn
dense	adjective	adj_nature	🌳	/dens/	dày đặc	closely packed	a dense forest	thick
density	noun	science	🧊	/ˈdensəti/	mật độ	how packed something is	population density	—
dependence	noun	abs_social	🔗	/dɪˈpendəns/	sự phụ thuộc	needing something	dependence on oil	reliance
depict	verb	arts_art	🖼️	/dɪˈpɪkt/	miêu tả	to show in a picture or words	The painting depicts a battle.	portray
deploy	verb	war_fight	🪖	/dɪˈplɔɪ/	triển khai	to move soldiers or equipment into position	Troops were deployed to the border.	station
deployment	noun	war_fight	🪖	/dɪˈplɔɪmənt/	sự triển khai	moving troops into position	the deployment of troops	—
deprive	verb	v_social	🚫	/dɪˈpraɪv/	tước đoạt	to take away something needed	deprived of sleep	deny
deputy	noun	work_staff	🧑‍💼	/ˈdepjəti/	phó	the second in command	the deputy manager	assistant
descend	verb	v_move	⬇️	/dɪˈsend/	đi xuống	to go down	The plane began to descend.	go down
descent	noun	people	🌳	/dɪˈsent/	dòng dõi; sự đi xuống	family origin; going down	of Vietnamese descent	ancestry
designate	verb	gov_elections	🏷️	/ˈdezɪɡneɪt/	chỉ định	to officially choose	a designated area for smoking	appoint
desirable	adjective	opinions_pos	🌟	/dɪˈzaɪərəbəl/	đáng mong muốn	worth having	a desirable location	attractive
desktop	noun	tech	🖥️	/ˈdesktɒp/	màn hình nền; máy bàn	a computer screen's main area; a computer on a desk	Save it on the desktop.	—
destructive	adjective	opinions_neg	💥	/dɪˈstrʌktɪv/	có tính phá huỷ	causing damage	the destructive power of storms	damaging
detain	verb	crime_police	🔒	/dɪˈteɪn/	giam giữ	to keep someone officially	He was detained by police.	hold
detection	noun	res_method	🔎	/dɪˈtekʃən/	sự phát hiện	finding something	early detection of cancer	discovery
detention	noun	crime_police	🔒	/dɪˈtenʃən/	sự giam giữ; phạt ở lại trường	being kept by force; staying after school	a detention centre	custody
deteriorate	verb	v_down	📉	/dɪˈtɪəriəreɪt/	xấu đi	to become worse	His health deteriorated.	worsen
devastate	verb	v_down	🌪️	/ˈdevəsteɪt/	tàn phá; làm suy sụp	to destroy; to make very sad	The storm devastated the town.	destroy
devil	noun	religion	😈	/ˈdevəl/	ma quỷ	an evil spirit	the devil	demon
devise	verb	v_mind	💡	/dɪˈvaɪz/	nghĩ ra	to invent a plan	They devised a new system.	invent
diagnose	verb	health_care	🩺	/ˈdaɪəɡnəʊz/	chẩn đoán	to identify an illness	She was diagnosed with diabetes.	identify
diagnosis	noun	health_care	🩺	/ˌdaɪəɡˈnəʊsɪs/	sự chẩn đoán	identifying an illness	an early diagnosis	—
dictate	verb	speak_state	🗣️	/dɪkˈteɪt/	đọc chính tả; ra lệnh	to say words to be written; to give orders	dictate a letter	order
dictator	noun	gov_state	👑	/dɪkˈteɪtə/	kẻ độc tài	a ruler with total power	a military dictator	tyrant
differentiate	verb	v_mind	↔️	/ˌdɪfəˈrenʃieɪt/	phân biệt	to see the difference	differentiate between right and wrong	distinguish
dignity	noun	q_virtue	🎩	/ˈdɪɡnəti/	phẩm giá	respect and self-respect	treat patients with dignity	self-respect
dilemma	noun	abs_mind	🤷	/dɪˈlemə/	tình thế khó xử	a hard choice	a moral dilemma	predicament
dimension	noun	m_amount	📐	/daɪˈmenʃən/	kích thước; khía cạnh	a measurement; an aspect	a new dimension to the problem	aspect
diminish	verb	v_down	📉	/dɪˈmɪnɪʃ/	giảm bớt	to become less	The pain diminished.	decrease
dip	verb	v_move	🫖	/dɪp/	nhúng; giảm nhẹ	to put briefly into liquid; to go down	Dip the bread in the soup.	dunk
diplomat	noun	gov_diplomacy	🤵	/ˈdɪpləmæt/	nhà ngoại giao	an official who represents a country abroad	a senior diplomat	envoy
diplomatic	adjective	gov_diplomacy	🤝	/ˌdɪpləˈmætɪk/	thuộc ngoại giao; khéo léo	relating to diplomacy; tactful	diplomatic relations	tactful
directory	noun	tech	📂	/daɪˈrektəri/	danh bạ; thư mục	a list of names; a computer folder	a phone directory	—
disastrous	adjective	opinions_neg	💥	/dɪˈzɑːstrəs/	thảm khốc	very bad	a disastrous decision	catastrophic
discard	verb	v_handle	🗑️	/dɪˈskɑːd/	vứt bỏ	to throw away	Discard the old batteries.	throw away
discharge	verb	health_care	🏥	/dɪsˈtʃɑːdʒ/	cho xuất viện; thải ra	to let someone leave hospital; to release liquid or gas	He was discharged from hospital.	release
disclose	verb	speak_state	🔓	/dɪsˈkləʊz/	tiết lộ	to make known	He refused to disclose his salary.	reveal
disclosure	noun	speak_state	🔓	/dɪsˈkləʊʒə/	sự tiết lộ	making information known	the disclosure of secret documents	revelation
discourse	noun	res_ideas	💬	/ˈdɪskɔːs/	diễn ngôn; bài thuyết trình	serious discussion	political discourse	discussion
discretion	noun	q_virtue	🤫	/dɪˈskreʃən/	sự kín đáo; quyền tự quyết	being careful; freedom to decide	at the manager's discretion	judgement
discrimination	noun	soc_rights	🚫	/dɪˌskrɪmɪˈneɪʃən/	sự phân biệt đối xử	treating people unfairly	racial discrimination	prejudice
dismissal	noun	work_staff	🚪	/dɪˈsmɪsəl/	sự sa thải	removing someone from a job	unfair dismissal	firing
displace	verb	soc_community	🏚️	/dɪˈspleɪs/	khiến phải rời bỏ nhà	to force people to leave home	Thousands were displaced by the flood.	uproot
disposal	noun	environment	🗑️	/dɪˈspəʊzəl/	sự xử lí (rác)	getting rid of something	waste disposal	removal
dispose	verb	environment	🗑️	/dɪˈspəʊz/	vứt bỏ (dispose of)	to get rid of	Dispose of your rubbish properly.	throw away
dispute	noun, verb	v_social	🗯️	/dɪˈspjuːt/	tranh chấp	a disagreement	a pay dispute	argument
disrupt	verb	v_down	🚧	/dɪsˈrʌpt/	làm gián đoạn	to interrupt	The strike disrupted flights.	interrupt
disruption	noun	abs_change	🚧	/dɪsˈrʌpʃən/	sự gián đoạn	an interruption	travel disruption	interruption
dissolve	verb	science	🧂	/dɪˈzɒlv/	hoà tan; giải thể	to mix into liquid; to end officially	Sugar dissolves in water.	melt
distinction	noun	abs_mind	🔍	/dɪˈstɪŋkʃən/	sự khác biệt; loại giỏi	a difference; a high mark	pass with distinction	difference
distinctive	adjective	adj_kind	🦓	/dɪˈstɪŋktɪv/	đặc trưng	easy to recognise	a distinctive voice	unique
distort	verb	v_down	🌀	/dɪˈstɔːt/	bóp méo	to change the shape or truth	The media distorted his words.	twist
distress	noun, verb	emo_neg	😣	/dɪˈstres/	sự đau khổ	great worry or pain	in distress	suffering
disturbing	adjective	emo_neg	😟	/dɪˈstɜːbɪŋ/	gây lo ngại	making you worried	disturbing news	upsetting
divert	verb	v_process	↪️	/daɪˈvɜːt/	chuyển hướng	to change direction	Traffic was diverted.	redirect
divine	adjective	religion	✨	/dɪˈvaɪn/	thuộc thần thánh	from God	divine power	holy
doctrine	noun	religion	📖	/ˈdɒktrɪn/	học thuyết	a set of beliefs	religious doctrine	belief
documentation	noun	work_teamwork	📑	/ˌdɒkjəmenˈteɪʃən/	tài liệu, giấy tờ	official papers	Bring the necessary documentation.	papers
domain	noun	res_ideas	🌐	/dəˈmeɪn/	lĩnh vực; tên miền	an area of knowledge; an internet address	in the public domain	field
dominance	noun	abs_social	👑	/ˈdɒmɪnəns/	sự thống trị	power over others	market dominance	control
donor	noun	health_care	🩸	/ˈdəʊnə/	người hiến tặng	a person who gives blood or money	a blood donor	giver
dose	noun	health_care	💊	/dəʊs/	liều lượng	an amount of medicine	a high dose	amount
drain	verb	v_hands	🚰	/dreɪn/	tháo nước; làm cạn	to let liquid flow away	Drain the pasta.	empty
drift	verb	v_move	🍃	/drɪft/	trôi dạt	to move slowly without control	The boat drifted out to sea.	float
driving	adjective	abs_change	⚙️	/ˈdraɪvɪŋ/	chủ chốt, thúc đẩy	having a strong effect	the driving force behind the project	—
drown	verb	v_move	🌊	/draʊn/	chết đuối	to die under water	He nearly drowned in the river.	—
dual	adjective	adj_kind	✌️	/ˈdjuːəl/	kép	having two parts	dual nationality	double
dub	verb	arts_stage	🎙️	/dʌb/	lồng tiếng; đặt biệt danh	to change a film's language; to give a nickname	a film dubbed into Vietnamese	—
duo	noun	arts_stage	👯	/ˈdjuːəʊ/	bộ đôi	two people performing together	a comedy duo	pair
eager	adjective	emo_pos	🤩	/ˈiːɡə/	háo hức	wanting very much	eager to learn	keen
earnings	noun	econ_money	💵	/ˈɜːnɪŋz/	thu nhập	money earned	annual earnings	income
ease	noun, verb	abs_change	😌	/iːz/	sự dễ dàng; làm dịu	lack of difficulty; to make less bad	She passed the test with ease.	relieve
echo	verb, noun	science	🗣️	/ˈekəʊ/	vang; tiếng vang	a sound that repeats	Her voice echoed in the hall.	resound
ecological	adjective	environment	🌿	/ˌiːkəˈlɒdʒɪkəl/	thuộc sinh thái	relating to living things and their environment	an ecological disaster	environmental
educator	noun	education	👩‍🏫	/ˈedʒukeɪtə/	nhà giáo dục	a teacher	experienced educators	teacher
effectiveness	noun	m_chance	🎯	/ɪˈfektɪvnɪs/	tính hiệu quả	how well something works	the effectiveness of the drug	efficacy
efficiency	noun	m_chance	⚡	/ɪˈfɪʃənsi/	hiệu suất	working well without waste	energy efficiency	productivity
ego	noun	q_skill	🪞	/ˈiːɡəʊ/	cái tôi	your sense of self-importance	a big ego	pride
elaborate	adjective	adj_kind	🧶	/iˈlæbərət/	công phu, tỉ mỉ	very detailed	an elaborate plan	detailed
electoral	adjective	gov_elections	🗳️	/ɪˈlektərəl/	thuộc bầu cử	relating to elections	the electoral system	—
elevate	verb	v_up	⬆️	/ˈelɪveɪt/	nâng lên	to raise	Elevate your leg.	raise
eligible	adjective	adj_judge	✅	/ˈelɪdʒɪbəl/	đủ điều kiện	allowed by rules	eligible to vote	qualified
elite	noun	soc_community	👑	/ɪˈliːt/	giới tinh hoa	the best or most powerful group	the political elite	upper class
embark	verb	v_move	🚢	/ɪmˈbɑːk/	lên tàu; bắt tay vào	to get on a ship; to start	embark on a new career	begin
embarrassment	noun	emo_neg	😳	/ɪmˈbærəsmənt/	sự xấu hổ	a feeling of shame	She went red with embarrassment.	shame
embed	verb	v_handle	📌	/ɪmˈbed/	gắn vào	to fix firmly inside	embed a video	insert
embody	verb	v_mind	🧍	/ɪmˈbɒdi/	thể hiện	to represent an idea	She embodies kindness.	represent
emergence	noun	abs_change	🌱	/ɪˈmɜːdʒəns/	sự xuất hiện	appearing or becoming known	the emergence of new technology	appearance
empirical	adjective	res_method	📊	/ɪmˈpɪrɪkəl/	dựa trên thực nghiệm	based on observation	empirical evidence	practical
empower	verb	v_social	💪	/ɪmˈpaʊə/	trao quyền	to give power or confidence	empower women	enable
enact	verb	gov_law	📜	/ɪˈnækt/	ban hành (luật)	to make a law	The law was enacted in 2020.	pass
encompass	verb	v_mind	⭕	/ɪnˈkʌmpəs/	bao gồm	to include	The course encompasses many topics.	include
encouragement	noun	emo_pos	👏	/ɪnˈkʌrɪdʒmənt/	sự khích lệ	support that gives confidence	words of encouragement	support
encouraging	adjective	opinions_pos	👍	/ɪnˈkʌrɪdʒɪŋ/	đáng khích lệ	giving hope	encouraging results	promising
endeavour	noun	abs_change	🧗	/ɪnˈdevə/	nỗ lực	an attempt to do something difficult	a scientific endeavour	effort
endless	adjective	adj_time	♾️	/ˈendlɪs/	vô tận	without end	endless possibilities	infinite
endorse	verb	v_social	👍	/ɪnˈdɔːs/	tán thành; quảng bá	to support publicly	The plan was endorsed by the board.	support
endorsement	noun	abs_social	👍	/ɪnˈdɔːsmənt/	sự tán thành	public support	a celebrity endorsement	support
endure	verb	v_mind	🏋️	/ɪnˈdjʊə/	chịu đựng	to suffer patiently	endure the pain	bear
enforce	verb	gov_law	👮	/ɪnˈfɔːs/	thực thi	to make people obey	Police enforce the law.	impose
enforcement	noun	gov_law	👮	/ɪnˈfɔːsmənt/	sự thực thi	making people obey rules	law enforcement	—
engagement	noun	abs_social	💍	/ɪnˈɡeɪdʒmənt/	sự đính hôn; sự tham gia	an agreement to marry; being involved	student engagement	involvement
engaging	adjective	opinions_pos	😊	/ɪnˈɡeɪdʒɪŋ/	lôi cuốn	interesting and attractive	an engaging story	charming
enrich	verb	v_up	🌟	/ɪnˈrɪtʃ/	làm phong phú	to improve the quality	Reading enriches your life.	improve
enrol	verb	education	📝	/ɪnˈrəʊl/	đăng kí học	to officially join a course	enrol at a university	register
ensue	verb	v_process	➡️	/ɪnˈsjuː/	xảy ra sau đó	to happen after	A long argument ensued.	follow
enterprise	noun	econ_business	🏢	/ˈentəpraɪz/	doanh nghiệp; sự dám làm	a business; being willing to try new things	small enterprises	business
enthusiast	noun	people	🤩	/ɪnˈθjuːziæst/	người đam mê	a person very interested in something	a football enthusiast	fan
entitle	verb	v_social	🎫	/ɪnˈtaɪtəl/	cho quyền	to give a right	You are entitled to a refund.	allow
entity	noun	abs_mind	🔷	/ˈentəti/	thực thể	something that exists separately	a legal entity	body
epidemic	noun	health_illness	🦠	/ˌepɪˈdemɪk/	dịch bệnh	a disease spreading quickly	a flu epidemic	outbreak
equality	noun	soc_rights	⚖️	/ɪˈkwɒləti/	sự bình đẳng	being equal	gender equality	fairness
equation	noun	science	➗	/ɪˈkweɪʒən/	phương trình	a mathematical statement	solve the equation	—
erect	verb	city_build	🏗️	/ɪˈrekt/	dựng lên	to build	A statue was erected.	build
escalate	verb	v_up	📈	/ˈeskəleɪt/	leo thang	to become more serious	The conflict escalated.	intensify
essence	noun	abs_mind	💧	/ˈesəns/	bản chất; tinh chất	the most important quality	the essence of the problem	core
establishment	noun	soc_community	🏛️	/ɪˈstæblɪʃmənt/	cơ sở; giới quyền lực	an organisation; the people in power	a medical establishment	institution
eternal	adjective	adj_time	♾️	/ɪˈtɜːnəl/	vĩnh cửu	lasting forever	eternal life	everlasting
evacuate	verb	v_move	🏃	/ɪˈvækjueɪt/	sơ tán	to move people from danger	The building was evacuated.	clear
evoke	verb	v_mind	💭	/ɪˈvəʊk/	gợi lên	to bring a memory or feeling	The song evokes my childhood.	recall
evolutionary	adjective	science	🧬	/ˌevəˈluːʃənəri/	thuộc tiến hoá	relating to evolution	evolutionary theory	—
exaggerate	verb	speak_state	🎈	/ɪɡˈzædʒəreɪt/	phóng đại	to make something seem bigger	Don't exaggerate!	overstate
excellence	noun	q_skill	🏅	/ˈeksələns/	sự xuất sắc	very high quality	academic excellence	quality
exceptional	adjective	opinions_pos	🌟	/ɪkˈsepʃənəl/	đặc biệt, xuất chúng	unusually good	an exceptional student	outstanding
excess	noun, adjective	m_amount	➕	/ɪkˈses/	sự dư thừa	too much	excess weight	surplus
exclusion	noun	soc_rights	🚷	/ɪksˈkluːʒən/	sự loại trừ	keeping out	social exclusion	rejection
exclusive	adjective	adj_kind	💎	/ɪksˈkluːsɪv/	độc quyền; sang trọng	limited to a few; expensive	an exclusive interview	—
exclusively	adverb	adv_way	🔒	/ɪksˈkluːsɪvli/	độc quyền, chỉ	only	available exclusively online	only
execute	verb	crime_police	⚖️	/ˈeksɪkjuːt/	thi hành; hành quyết	to carry out; to kill as punishment	execute a plan	carry out
execution	noun	crime_police	⚖️	/ˌeksɪˈkjuːʃən/	sự thực hiện; sự hành hình	carrying out; killing as punishment	the execution of the plan	—
exert	verb	v_handle	💪	/ɪɡˈzɜːt/	dùng (sức, ảnh hưởng)	to use power or effort	exert pressure on the government	apply
exile	noun	gov_diplomacy	🧳	/ˈeksaɪl/	sự lưu vong	being forced to live abroad	He lived in exile.	banishment
expenditure	noun	econ_money	💸	/ɪkˈspendɪtʃə/	khoản chi tiêu	money spent	public expenditure	spending
experimental	adjective	res_method	🧪	/ɪkˌsperɪˈmentəl/	thử nghiệm	new and being tested	an experimental drug	trial
expire	verb	v_down	⌛	/ɪkˈspaɪə/	hết hạn	to end its valid period	My passport has expired.	run out
explicit	adjective	adj_kind	🔍	/ɪkˈsplɪsɪt/	rõ ràng	clear and detailed	explicit instructions	clear
explicitly	adverb	adv_way	🔍	/ɪkˈsplɪsɪtli/	một cách rõ ràng	clearly and directly	She explicitly said no.	clearly
exploitation	noun	soc_rights	⛓️	/ˌeksplɔɪˈteɪʃən/	sự bóc lột; khai thác	unfair use of people; using resources	child exploitation	abuse
explosive	adjective, noun	war_fight	💣	/ɪkˈspləʊsɪv/	dễ nổ; chất nổ	able to explode; a substance that explodes	an explosive situation	—
extremist	noun	war_conflict	🔥	/ɪkˈstriːmɪst/	kẻ cực đoan	a person with extreme views	religious extremists	radical
facilitate	verb	v_social	🛤️	/fəˈsɪlɪteɪt/	tạo điều kiện	to make easier	Technology facilitates learning.	help
faction	noun	gov_state	👥	/ˈfækʃən/	phe phái	a group within a larger group	rival factions	group
faculty	noun	education	🎓	/ˈfækəlti/	khoa; năng lực	a university department; a natural ability	the Faculty of Law	department
fade	verb	v_down	🌫️	/feɪd/	phai nhạt	to lose colour or strength	The colours faded.	dim
fairness	noun	q_virtue	⚖️	/ˈfeənəs/	sự công bằng	being fair	fairness in the workplace	justice
fatal	adjective	health_illness	☠️	/ˈfeɪtəl/	gây chết người	causing death	a fatal accident	deadly
fate	noun	abs_change	🔮	/feɪt/	số phận	what will happen	It was fate.	destiny
favourable	adjective	opinions_pos	👍	/ˈfeɪvrəbəl/	thuận lợi	good; helpful	favourable weather	positive
feat	noun	abs_change	🏆	/fiːt/	kì công	an impressive achievement	an amazing feat	achievement
feminist	adjective, noun	soc_rights	♀️	/ˈfemɪnɪst/	nữ quyền; người theo nữ quyền	supporting women's rights	a feminist writer	—
fibre	noun	health_body	🥦	/ˈfaɪbə/	chất xơ; sợi	parts of food that help digestion; a thread	high-fibre foods	—
fierce	adjective	adj_nature	🐯	/fɪəs/	dữ dội, hung dữ	violent; very strong	fierce competition	intense
film-maker	noun	arts_stage	🎬	/ˈfɪlmˌmeɪkə/	nhà làm phim	a person who makes films	a young film-maker	director
filter	noun, verb	tech	🧹	/ˈfɪltə/	bộ lọc; lọc	a device that removes things; to remove	filter the water	—
firearm	noun	crime_acts	🔫	/ˈfaɪərɑːm/	súng	a gun	illegal firearms	gun
fixture	noun	sport	📅	/ˈfɪkstʃə/	trận đấu (theo lịch); đồ đạc cố định	a sports event on a fixed date; something fixed in a building	next week's fixtures	match
flaw	noun	abs_mind	🔍	/flɔː/	khuyết điểm	a mistake or weakness	a flaw in the argument	fault
flawed	adjective	opinions_neg	💔	/flɔːd/	có khiếm khuyết	having a mistake	a flawed plan	faulty
flee	verb	v_move	🏃	/fliː/	chạy trốn	to escape	They fled the war.	escape
fleet	noun	econ_industry	🚢	/fliːt/	đội tàu, đội xe	a group of ships or vehicles	a fleet of taxis	—
flesh	noun	health_body	🍖	/fleʃ/	thịt	the soft part of a body	flesh and blood	meat
flexibility	noun	q_skill	🧘	/ˌfleksɪˈbɪləti/	sự linh hoạt	being able to change	flexibility at work	adaptability
flourish	verb	v_up	🌸	/ˈflʌrɪʃ/	phát triển mạnh	to grow well	Business is flourishing.	thrive
fluid	noun	science	💧	/ˈfluːɪd/	chất lỏng	a liquid	Drink plenty of fluids.	liquid
footage	noun	media	🎥	/ˈfʊtɪdʒ/	đoạn phim	recorded film	video footage	film
forge	verb	v_handle	⚒️	/fɔːdʒ/	rèn; giả mạo; tạo dựng	to make metal; to copy illegally; to build a relationship	forge a signature	fake
formula	noun	science	🧮	/ˈfɔːmjələ/	công thức	a rule in numbers or symbols	a formula for success	recipe
formulate	verb	v_mind	✍️	/ˈfɔːmjəleɪt/	xây dựng (kế hoạch)	to develop carefully	formulate a policy	develop
forth	adverb	adv_way	➡️	/fɔːθ/	về phía trước	forward	back and forth	forward
forthcoming	adjective	adj_time	📅	/ˌfɔːθˈkʌmɪŋ/	sắp tới	about to happen	the forthcoming election	upcoming
foster	verb	v_social	🌱	/ˈfɒstə/	thúc đẩy; nuôi dưỡng	to encourage; to care for a child	foster good relations	encourage
fragile	adjective	adj_nature	🥚	/ˈfrædʒaɪl/	dễ vỡ	easily broken	a fragile vase	delicate
franchise	noun	econ_business	🍔	/ˈfræntʃaɪz/	quyền kinh doanh nhượng quyền	a right to sell a company's products	a fast-food franchise	licence
frankly	adverb	adv_way	🗣️	/ˈfræŋkli/	thẳng thắn mà nói	honestly	Frankly, I don't care.	honestly
frustrated	adjective	emo_neg	😤	/frʌˈstreɪtɪd/	bực bội	annoyed because you can't do something	I feel frustrated.	annoyed
frustrating	adjective	emo_neg	😤	/frʌˈstreɪtɪŋ/	gây bực bội	making you annoyed	a frustrating day	annoying
frustration	noun	emo_neg	😤	/frʌˈstreɪʃən/	sự bực bội	feeling annoyed and upset	She screamed in frustration.	annoyance
functional	adjective	adj_kind	⚙️	/ˈfʌŋkʃənəl/	thiết thực; hoạt động được	practical; working	a functional kitchen	practical
fundraising	noun	soc_rights	🎗️	/ˈfʌndreɪzɪŋ/	gây quỹ	collecting money for a cause	a fundraising event	—
funeral	noun	religion	⚱️	/ˈfjuːnərəl/	đám tang	a ceremony for a dead person	attend a funeral	burial
gallon	noun	m_amount	🛢️	/ˈɡælən/	ga-lông (≈4,5 lít)	a unit for measuring liquid	a gallon of petrol	—
gambling	noun	soc_community	🎲	/ˈɡæmblɪŋ/	cờ bạc	playing games for money	Gambling is illegal here.	betting
gathering	noun	abs_social	👨‍👩‍👧	/ˈɡæðərɪŋ/	buổi họp mặt	a meeting of people	a family gathering	meeting
gaze	noun, verb	v_move	👀	/ɡeɪz/	nhìn chăm chú	to look for a long time	She gazed at the sea.	stare
gear	noun	sport	🎒	/ɡɪə/	dụng cụ; số (xe)	equipment; part of an engine	camping gear	equipment
generic	adjective	adj_kind	🏷️	/dʒəˈnerɪk/	chung chung; không nhãn hiệu	general; not a brand	generic drugs	general
genocide	noun	war_conflict	🕯️	/ˈdʒenəsaɪd/	tội diệt chủng	the killing of a whole national or ethnic group	The museum helps people remember the victims of genocide.	mass murder
glimpse	noun	v_move	👁️	/ɡlɪmps/	cái nhìn thoáng qua	a quick look	I caught a glimpse of the star.	glance
glorious	adjective	opinions_pos	🌞	/ˈɡlɔːriəs/	huy hoàng, tuyệt đẹp	very beautiful; famous	a glorious day	splendid
glory	noun	abs_social	🏆	/ˈɡlɔːri/	vinh quang	fame and honour	the glory of winning	honour
governance	noun	gov_state	🏛️	/ˈɡʌvənəns/	sự quản trị	the way an organisation is run	good governance	management
grace	noun	q_virtue	🦢	/ɡreɪs/	sự duyên dáng	a smooth, elegant way of moving	She danced with grace.	elegance
grasp	verb, noun	v_mind	✊	/ɡrɑːsp/	nắm chặt; hiểu	to hold firmly; to understand	grasp the idea	understand
grave	adjective	opinions_neg	⚠️	/ɡreɪv/	nghiêm trọng	very serious	grave danger	serious
grave	noun	religion	🪦	/ɡreɪv/	mộ	a place where a dead person is buried	They visited their grandfather's grave.	tomb
gravity	noun	science	🍎	/ˈɡrævəti/	trọng lực; sự nghiêm trọng	the force that pulls things down; seriousness	the force of gravity	—
grid	noun	tech	🔲	/ɡrɪd/	lưới	a pattern of lines; a network for electricity	the national grid	network
grief	noun	emo_neg	😢	/ɡriːf/	nỗi đau buồn	deep sadness after a death	She was overcome with grief.	sorrow
grin	verb, noun	v_move	😁	/ɡrɪn/	cười toe toét	to smile widely	He grinned at me.	smile
grind	verb	v_hands	☕	/ɡraɪnd/	xay, nghiền	to crush into powder	grind coffee beans	crush
grip	noun, verb	v_move	✊	/ɡrɪp/	sự nắm chặt; nắm chặt	a firm hold; to hold tightly	Keep a firm grip on the rope.	grasp
gross	adjective	econ_money	💰	/ɡrəʊs/	tổng (chưa trừ); thô thiển	total before tax; very bad	gross income	total
guerrilla	noun	war_conflict	🪖	/ɡəˈrɪlə/	du kích	a fighter in an unofficial army	guerrilla warfare	rebel
guidance	noun	abs_social	🧭	/ˈɡaɪdəns/	sự hướng dẫn	help and advice	career guidance	advice
guilt	noun	emo_neg	😔	/ɡɪlt/	cảm giác tội lỗi	a feeling of having done wrong	a sense of guilt	shame
gut	noun	health_body	🫃	/ɡʌt/	ruột; bản năng	the stomach; a feeling you trust	a gut feeling	instinct
hail	verb	speak_react	📣	/heɪl/	ca ngợi; vẫy (xe)	to praise publicly; to call a taxi	He was hailed as a hero.	acclaim
halfway	adverb	adv_way	↔️	/ˌhɑːfˈweɪ/	nửa đường	in the middle	We're halfway there.	midway
halt	verb, noun	v_down	🛑	/hɒlt/	dừng lại	to stop	Work came to a halt.	stop
handful	noun	m_amount	🤲	/ˈhændfʊl/	một nắm; một ít	a small number	a handful of people	few
handling	noun	work_teamwork	📦	/ˈhændlɪŋ/	sự xử lí	dealing with something	the handling of the crisis	management
handy	adjective	opinions_pos	🧰	/ˈhændi/	tiện dụng	useful	a handy tool	useful
harassment	noun	crime_acts	🚫	/həˈræsmənt/	sự quấy rối	repeated annoying or threatening behaviour	online harassment	bullying
harmony	noun	abs_social	🎶	/ˈhɑːməni/	sự hài hoà	peaceful agreement	live in harmony	peace
harsh	adjective	adj_nature	🥶	/hɑːʃ/	khắc nghiệt	cruel or severe	a harsh winter	severe
harvest	noun, verb	environment	🌾	/ˈhɑːvɪst/	mùa gặt; thu hoạch	gathering crops	the rice harvest	crop
hatred	noun	emo_neg	😡	/ˈheɪtrɪd/	lòng căm thù	a strong feeling of dislike	hatred of war	hate
haunt	verb	emo_neg	👻	/hɔːnt/	ám ảnh	to keep coming back to your mind	The memory haunts me.	trouble
hazard	noun	environment	☣️	/ˈhæzəd/	mối nguy hiểm	a danger	a health hazard	danger
heighten	verb	v_up	⬆️	/ˈhaɪtən/	tăng cường	to make stronger	heighten awareness	increase
heritage	noun	soc_community	🏯	/ˈherɪtɪdʒ/	di sản	traditions and history of a place	cultural heritage	tradition
hierarchy	noun	soc_community	🔺	/ˈhaɪərɑːki/	hệ thống cấp bậc	a system of levels of importance	the company hierarchy	ranking
high-profile	adjective	media	📸	/ˌhaɪˈprəʊfaɪl/	nổi bật, được chú ý	getting a lot of public attention	a high-profile case	famous
hint	noun, verb	speak_state	💡	/hɪnt/	gợi ý; ám chỉ	a small clue; to suggest indirectly	Give me a hint.	clue
homeland	noun	soc_community	🏡	/ˈhəʊmlænd/	quê hương	the country where you were born	return to their homeland	native land
horizon	noun	environment	🌅	/həˈraɪzən/	đường chân trời	where the sky meets the land or sea	The sun sank below the horizon.	skyline
horn	noun	environment	🐂	/hɔːn/	sừng; còi xe	a hard pointed growth on an animal's head; a car's warning sound	The driver blew his horn.	—
hostage	noun	crime_acts	⛓️	/ˈhɒstɪdʒ/	con tin	a person held until demands are met	The hostages were freed.	captive
hostile	adjective	opinions_neg	😠	/ˈhɒstaɪl/	thù địch	unfriendly	a hostile crowd	unfriendly
hostility	noun	emo_neg	😠	/hɒˈstɪləti/	sự thù địch	unfriendly behaviour	hostility towards strangers	hatred
humanitarian	adjective	soc_rights	🤲	/hjuːˌmænɪˈteəriən/	nhân đạo	helping people who suffer	humanitarian aid	charitable
humanity	noun	soc_community	🌍	/hjuːˈmænəti/	nhân loại; lòng nhân đạo	all people; kindness	crimes against humanity	mankind
humble	adjective	q_virtue	🙇	/ˈhʌmbəl/	khiêm tốn	not proud	a humble man	modest
hydrogen	noun	science	⚛️	/ˈhaɪdrədʒən/	hi-đrô	the lightest gas	hydrogen fuel	—
ideological	adjective	gov_state	💭	/ˌaɪdiəˈlɒdʒɪkəl/	thuộc hệ tư tưởng	relating to beliefs	ideological differences	—
ideology	noun	gov_state	💭	/ˌaɪdiˈɒlədʒi/	hệ tư tưởng	a set of political beliefs	political ideology	beliefs
ignorance	noun	abs_mind	🙈	/ˈɪɡnərəns/	sự thiếu hiểu biết	lack of knowledge	ignorance of the law	unawareness
imagery	noun	arts_art	🖼️	/ˈɪmɪdʒri/	hình ảnh (trong văn, thơ)	pictures or descriptions	the poem's imagery	images
immense	adjective	m_degree	🐋	/ɪˈmens/	bao la, to lớn	very large	immense pressure	huge
imminent	adjective	adj_time	⏰	/ˈɪmɪnənt/	sắp xảy ra	about to happen	imminent danger	approaching
implementation	noun	work_teamwork	🛠️	/ˌɪmplɪmenˈteɪʃən/	sự thực hiện	putting a plan into action	the implementation of the policy	execution
imprison	verb	crime_police	⛓️	/ɪmˈprɪzən/	bỏ tù	to put in prison	He was imprisoned for ten years.	jail
imprisonment	noun	crime_police	⛓️	/ɪmˈprɪzənmənt/	sự bỏ tù	being in prison	life imprisonment	custody
inability	noun	m_chance	🚫	/ˌɪnəˈbɪləti/	sự không có khả năng	being unable	an inability to concentrate	incapacity
inadequate	adjective	adj_judge	📉	/ɪˈnædɪkwət/	không đủ	not good enough	inadequate funding	insufficient
inappropriate	adjective	adj_judge	🚫	/ˌɪnəˈprəʊpriət/	không phù hợp	not suitable	inappropriate behaviour	unsuitable
incidence	noun	m_chance	📊	/ˈɪnsɪdəns/	tỉ lệ xảy ra	how often something happens	a high incidence of disease	rate
inclined	adjective	v_mind	↗️	/ɪnˈklaɪnd/	có xu hướng	likely to; wanting to	I'm inclined to agree.	likely
inclusion	noun	soc_rights	🤝	/ɪnˈkluːʒən/	sự bao gồm; hoà nhập	being included	social inclusion	—
incur	verb	econ_money	💸	/ɪnˈkɜː/	chịu, gánh (chi phí)	to experience something bad because of your actions	incur costs	suffer
indicator	noun	res_method	📍	/ˈɪndɪkeɪtə/	chỉ số, dấu hiệu	a sign that shows something	an economic indicator	sign
indictment	noun	crime_court	📜	/ɪnˈdaɪtmənt/	bản cáo trạng; minh chứng rõ	a formal accusation; a sign of how bad something is	an indictment of the system	charge
indigenous	adjective	soc_community	🪶	/ɪnˈdɪdʒənəs/	bản địa	belonging to a place originally	indigenous people	native
induce	verb	v_process	🧲	/ɪnˈdjuːs/	gây ra; thuyết phục	to cause; to persuade	drugs that induce sleep	cause
indulge	verb	v_handle	🍰	/ɪnˈdʌldʒ/	nuông chiều	to allow yourself something you enjoy	indulge in chocolate	treat
inequality	noun	soc_rights	⚖️	/ˌɪnɪˈkwɒləti/	sự bất bình đẳng	unfair difference	income inequality	disparity
infamous	adjective	opinions_neg	😈	/ˈɪnfəməs/	khét tiếng	famous for something bad	an infamous criminal	notorious
infant	noun	people	👶	/ˈɪnfənt/	trẻ sơ sinh	a baby	infant care	baby
infect	verb	health_illness	🦠	/ɪnˈfekt/	lây nhiễm	to give a disease	The wound was infected.	contaminate
inflict	verb	v_handle	🤕	/ɪnˈflɪkt/	gây ra (tổn thương)	to cause harm	inflict damage	cause
influential	adjective	people	🌟	/ˌɪnfluˈenʃəl/	có ảnh hưởng	having a lot of influence	an influential writer	powerful
inherent	adjective	adj_kind	🧬	/ɪnˈherənt/	vốn có	natural and permanent	inherent risks	built-in
inhibit	verb	v_down	🚧	/ɪnˈhɪbɪt/	kìm hãm	to prevent or slow down	inhibit growth	restrict
initiate	verb	v_process	▶️	/ɪˈnɪʃieɪt/	khởi xướng	to start	initiate a discussion	begin
inject	verb	health_care	💉	/ɪnˈdʒekt/	tiêm	to put medicine into the body with a needle	inject insulin	—
injection	noun	health_care	💉	/ɪnˈdʒekʃən/	mũi tiêm	putting medicine into the body with a needle	a flu injection	shot
injustice	noun	soc_rights	⚖️	/ɪnˈdʒʌstɪs/	sự bất công	unfairness	fight injustice	unfairness
inmate	noun	crime_police	⛓️	/ˈɪnmeɪt/	tù nhân	a person in prison	prison inmates	prisoner
insertion	noun	tech	➕	/ɪnˈsɜːʃən/	sự chèn vào	putting something in	the insertion of a clause	—
insider	noun	work_staff	🕵️	/ɪnˈsaɪdə/	người trong cuộc	a person inside an organisation	an industry insider	—
inspect	verb	work_teamwork	🔍	/ɪnˈspekt/	kiểm tra	to look at closely	inspect the building	examine
inspection	noun	work_teamwork	🔍	/ɪnˈspekʃən/	sự kiểm tra	an official check	a safety inspection	check
inspiration	noun	arts_art	💡	/ˌɪnspɪˈreɪʃən/	nguồn cảm hứng	something that gives ideas	a source of inspiration	—
instinct	noun	abs_mind	🐾	/ˈɪnstɪŋkt/	bản năng	a natural feeling	Trust your instincts.	intuition
institutional	adjective	soc_community	🏛️	/ˌɪnstɪˈtjuːʃənəl/	thuộc thể chế	relating to institutions	institutional racism	—
instruct	verb	speak_react	📋	/ɪnˈstrʌkt/	chỉ dẫn, ra lệnh	to tell someone to do something	He instructed us to wait.	order
instrumental	adjective	adj_judge	🔧	/ˌɪnstrəˈmentəl/	đóng vai trò quan trọng	important in making something happen	She was instrumental in the success.	—
insufficient	adjective	m_degree	📉	/ˌɪnsəˈfɪʃənt/	không đủ	not enough	insufficient evidence	inadequate
insult	noun, verb	speak_react	😤	/ˈɪnsʌlt/	lời lăng mạ; xúc phạm	a rude remark; to be rude to	That's an insult!	offend
intact	adjective	adj_nature	✅	/ɪnˈtækt/	còn nguyên vẹn	not damaged	The house remained intact.	undamaged
intake	noun	health_body	🥤	/ˈɪnteɪk/	lượng hấp thụ; số tuyển vào	the amount taken in	daily calorie intake	consumption
integral	adjective	adj_judge	🧩	/ˈɪntɪɡrəl/	không thể thiếu	necessary and important	an integral part of life	essential
integrated	adjective	adj_kind	🔗	/ˈɪntɪɡreɪtɪd/	được tích hợp	joined together	an integrated system	combined
integration	noun	soc_community	🔗	/ˌɪntɪˈɡreɪʃən/	sự hội nhập	combining; joining a society	economic integration	—
integrity	noun	q_virtue	🦁	/ɪnˈteɡrəti/	sự chính trực	being honest	a man of integrity	honesty
intensify	verb	v_up	🔥	/ɪnˈtensɪfaɪ/	tăng cường	to become stronger	The storm intensified.	strengthen
intensity	noun	m_degree	🔥	/ɪnˈtensəti/	cường độ	strength	the intensity of the heat	strength
intensive	adjective	adj_nature	🏋️	/ɪnˈtensɪv/	chuyên sâu, tập trung	involving a lot of work in a short time	an intensive course	concentrated
intent	noun	abs_mind	🎯	/ɪnˈtent/	ý định	purpose	with intent to kill	intention
interactive	adjective	tech	🖱️	/ˌɪntəˈræktɪv/	tương tác	allowing two-way communication	an interactive website	—
interface	noun	tech	🖥️	/ˈɪntəfeɪs/	giao diện	the way a user communicates with a computer	a user-friendly interface	—
interfere	verb	v_social	✋	/ˌɪntəˈfɪə/	can thiệp	to get involved when not wanted	Don't interfere in my life.	meddle
interference	noun	abs_social	✋	/ˌɪntəˈfɪərəns/	sự can thiệp	unwanted involvement	government interference	intrusion
interim	adjective	adj_time	⏳	/ˈɪntərɪm/	tạm thời	temporary	an interim report	temporary
interior	adjective, noun	city_home	🛋️	/ɪnˈtɪəriə/	bên trong; nội thất	the inside	interior design	inside
intervene	verb	v_social	🛑	/ˌɪntəˈviːn/	can thiệp	to become involved to stop something	The police intervened.	step in
intervention	noun	abs_social	🛑	/ˌɪntəˈvenʃən/	sự can thiệp	getting involved to change something	military intervention	involvement
intimate	adjective	emo_pos	💞	/ˈɪntɪmət/	thân mật	very close	intimate friends	close
intriguing	adjective	opinions_pos	🧐	/ɪnˈtriːɡɪŋ/	hấp dẫn, gây tò mò	very interesting	an intriguing question	fascinating
investigator	noun	crime_police	🕵️	/ɪnˈvestɪɡeɪtə/	điều tra viên	a person who investigates	a private investigator	detective
invisible	adjective	adj_nature	👻	/ɪnˈvɪzɪbəl/	vô hình	impossible to see	invisible to the naked eye	unseen
invoke	verb	speak_state	📜	/ɪnˈvəʊk/	viện dẫn	to use a law or principle as a reason	invoke a law	cite
involvement	noun	abs_social	🤝	/ɪnˈvɒlvmənt/	sự tham gia	taking part	parental involvement	participation
ironic	adjective	opinions_neg	🙃	/aɪˈrɒnɪk/	mỉa mai, trớ trêu	strange because opposite to what is expected	It's ironic that he got lost.	—
ironically	adverb	adv_link	🙃	/aɪˈrɒnɪkli/	trớ trêu thay	in an unexpected way	Ironically, the fire station burned down.	—
irony	noun	arts_art	🙃	/ˈaɪrəni/	sự trớ trêu	a funny or strange opposite situation	the irony of the situation	—
irrelevant	adjective	adj_judge	🚫	/ɪˈreləvənt/	không liên quan	not connected	That's irrelevant.	unrelated
isolation	noun	soc_community	🏝️	/ˌaɪsəˈleɪʃən/	sự cô lập	being alone	feelings of isolation	loneliness
judicial	adjective	gov_law	⚖️	/dʒuːˈdɪʃəl/	thuộc toà án	relating to courts	the judicial system	legal
junction	noun	city_build	🔀	/ˈdʒʌŋkʃən/	giao lộ	a place where roads meet	Turn left at the junction.	crossroads
jurisdiction	noun	gov_law	⚖️	/ˌdʒʊərɪsˈdɪkʃən/	quyền tài phán	the authority to make legal decisions	outside our jurisdiction	authority
justification	noun	abs_mind	✅	/ˌdʒʌstɪfɪˈkeɪʃən/	lí do chính đáng	a good reason	There's no justification for violence.	reason
kidnap	verb	crime_acts	🚐	/ˈkɪdnæp/	bắt cóc	to take someone away illegally	The child was kidnapped.	abduct
kidney	noun	health_body	🫘	/ˈkɪdni/	thận	an organ that cleans blood	kidney disease	—
kingdom	noun	gov_state	👑	/ˈkɪŋdəm/	vương quốc	a country ruled by a king or queen	the United Kingdom	realm
lad	noun	people	👦	/læd/	chàng trai	a boy or young man	He's a nice lad.	boy
landlord	noun	city_home	🏠	/ˈlændlɔːd/	chủ nhà	a person who rents out property	Our landlord raised the rent.	owner
landmark	noun	city_build	🗼	/ˈlændmɑːk/	địa danh; cột mốc	a famous building; an important event	a historic landmark	monument
lap	noun	sport	🏁	/læp/	vòng chạy; lòng (đùi)	one circuit of a track; the top of your legs	the final lap	circuit
large-scale	adjective	m_degree	🏗️	/ˌlɑːdʒˈskeɪl/	quy mô lớn	involving many people or things	a large-scale project	massive
laser	noun	tech	🔴	/ˈleɪzə/	tia laze	a strong narrow beam of light	laser surgery	—
latter	adjective, noun	adv_link	2️⃣	/ˈlætə/	cái sau	the second of two	I prefer the latter.	second
lawn	noun	city_home	🌱	/lɔːn/	bãi cỏ	an area of short grass	mow the lawn	grass
lawsuit	noun	crime_court	⚖️	/ˈlɔːsuːt/	vụ kiện	a case in a court	file a lawsuit	legal action
layout	noun	arts_art	📐	/ˈleɪaʊt/	bố cục	the way something is arranged	the layout of the page	design
leak	verb, noun	v_hands	💧	/liːk/	rò rỉ	to let liquid, gas or information escape	The roof leaks.	seep
leap	verb, noun	v_move	🦘	/liːp/	nhảy vọt	to jump high	a leap in technology	jump
legacy	noun	abs_change	🏛️	/ˈleɡəsi/	di sản	something left from the past	the legacy of war	heritage
legendary	adjective	opinions_pos	🌟	/ˈledʒəndəri/	huyền thoại	very famous	a legendary singer	famous
legislation	noun	gov_law	📜	/ˌledʒɪˈsleɪʃən/	luật pháp	laws	new legislation	laws
legislative	adjective	gov_law	📜	/ˈledʒɪslətɪv/	lập pháp	relating to making laws	legislative power	lawmaking
legislature	noun	gov_law	🏛️	/ˈledʒɪsleɪtʃə/	cơ quan lập pháp	the group that makes laws	the state legislature	parliament
legitimate	adjective	adj_judge	✅	/lɪˈdʒɪtəmət/	hợp pháp, chính đáng	allowed by law; reasonable	a legitimate reason	valid
lengthy	adjective	adj_time	⏳	/ˈleŋθi/	dài dòng	very long	a lengthy report	long
lesser	adjective	m_degree	⬇️	/ˈlesə/	ít hơn, kém hơn	smaller; less important	to a lesser extent	smaller
lethal	adjective	health_illness	☠️	/ˈliːθəl/	gây chết người	able to kill	a lethal dose	deadly
liable	adjective	adj_judge	⚖️	/ˈlaɪəbəl/	có trách nhiệm pháp lí; dễ bị	legally responsible; likely to	liable for the damage	responsible
liberal	adjective, noun	gov_state	🕊️	/ˈlɪbərəl/	tự do, cấp tiến	open to new ideas; accepting different views	liberal attitudes	open-minded
liberation	noun	war_conflict	🕊️	/ˌlɪbəˈreɪʃən/	sự giải phóng	freeing	the liberation of the city	freedom
liberty	noun	gov_state	🗽	/ˈlɪbəti/	sự tự do	freedom	individual liberty	freedom
license	verb	gov_law	📄	/ˈlaɪsəns/	cấp phép	to give official permission	licensed to sell alcohol	permit
lifelong	adjective	adj_time	♾️	/ˈlaɪflɒŋ/	suốt đời	lasting all your life	lifelong learning	lifetime
likelihood	noun	m_chance	🎲	/ˈlaɪklɪhʊd/	khả năng xảy ra	probability	the likelihood of rain	probability
limb	noun	health_body	🦵	/lɪm/	chi (tay, chân)	an arm or leg	He broke a limb.	—
line-up	noun	sport	📋	/ˈlaɪnʌp/	đội hình	a list of players or performers	the team's line-up	—
linear	adjective	science	📏	/ˈlɪniə/	tuyến tính	in a straight line	linear growth	straight
linger	verb	v_move	🌫️	/ˈlɪŋɡə/	nán lại, còn vương	to stay longer	The smell lingered.	remain
listing	noun	media	📋	/ˈlɪstɪŋ/	danh sách	a list of items	TV listings	list
literacy	noun	education	📖	/ˈlɪtərəsi/	khả năng đọc viết	the ability to read and write	adult literacy	—
liver	noun	health_body	🫀	/ˈlɪvə/	gan	an organ that cleans blood	liver disease	—
lobby	noun, verb	gov_elections	🏨	/ˈlɒbi/	sảnh; vận động hành lang	an entrance hall; a group that tries to influence politicians	the hotel lobby	—
log	noun, verb	tech	🪵	/lɒɡ/	khúc gỗ; nhật kí; ghi lại	a piece of tree; a record; to record	log in to your account	record
logic	noun	res_ideas	🧠	/ˈlɒdʒɪk/	lô-gíc	reasoning	the logic of the argument	reasoning
long-standing	adjective	adj_time	⏳	/ˌlɒŋˈstændɪŋ/	lâu đời	existing for a long time	a long-standing tradition	established
long-time	adjective	adj_time	⏳	/ˌlɒŋˈtaɪm/	lâu năm	for a long time	a long-time friend	old
loom	verb	v_process	⛈️	/luːm/	lờ mờ hiện ra; sắp tới gần	to appear as a threat	Exams are looming.	approach
loop	noun	tech	🔁	/luːp/	vòng lặp	a circle shape; a repeated process	an endless loop	circle
loyalty	noun	q_virtue	🐕	/ˈlɔɪəlti/	lòng trung thành	being faithful	customer loyalty	faithfulness
machinery	noun	econ_industry	⚙️	/məˈʃiːnri/	máy móc	machines	heavy machinery	equipment
magical	adjective	opinions_pos	✨	/ˈmædʒɪkəl/	kì diệu	like magic	a magical evening	enchanting
magistrate	noun	crime_court	⚖️	/ˈmædʒɪstreɪt/	thẩm phán (toà sơ thẩm)	a judge in a local court	He appeared before magistrates.	judge
magnetic	adjective	science	🧲	/mæɡˈnetɪk/	có từ tính	able to attract metal	a magnetic field	—
magnitude	noun	m_degree	📏	/ˈmæɡnɪtjuːd/	tầm cỡ; độ lớn	great size or importance	an earthquake of magnitude 7	size
mainland	noun	environment	🗺️	/ˈmeɪnlənd/	đất liền	the main part of a country, not islands	a ferry to the mainland	—
mainstream	noun, adjective	soc_community	🌊	/ˈmeɪnstriːm/	xu hướng chính	the ideas most people accept	mainstream media	conventional
maintenance	noun	work_teamwork	🔧	/ˈmeɪntnəns/	sự bảo dưỡng	keeping something in good condition	car maintenance	upkeep
mandate	noun	gov_elections	📜	/ˈmændeɪt/	sự uỷ nhiệm	official authority	a mandate from voters	authority
mandatory	adjective	gov_law	❗	/ˈmændətəri/	bắt buộc	required by law	mandatory testing	compulsory
manifest	verb	v_process	👁️	/ˈmænɪfest/	biểu hiện	to show clearly	Symptoms manifested within days.	show
manipulate	verb	v_social	🎭	/məˈnɪpjəleɪt/	thao túng	to control unfairly	He manipulated his friends.	control
manipulation	noun	abs_social	🎭	/məˌnɪpjəˈleɪʃən/	sự thao túng	controlling unfairly	data manipulation	—
manuscript	noun	arts_art	📜	/ˈmænjəskrɪpt/	bản thảo	a handwritten or original text	the author's manuscript	—
marginal	adjective	m_degree	📉	/ˈmɑːdʒɪnəl/	nhỏ, không đáng kể	very small	a marginal increase	slight
marine	adjective	environment	🐠	/məˈriːn/	thuộc biển	relating to the sea	marine life	sea
marketplace	noun	econ_business	🏪	/ˈmɑːkɪtpleɪs/	thị trường; khu chợ	a place for buying and selling	the global marketplace	market
mask	noun	health_care	😷	/mɑːsk/	khẩu trang; mặt nạ	a covering for the face	Wear a mask.	—
massacre	noun	war_conflict	💀	/ˈmæsəkə/	vụ thảm sát	the killing of many people	a terrible massacre	slaughter
mathematical	adjective	science	➗	/ˌmæθəˈmætɪkəl/	thuộc toán học	relating to maths	mathematical skills	—
mature	adjective, verb	q_skill	🧑	/məˈtʃʊə/	trưởng thành	fully grown; behaving like an adult	She is mature for her age.	grown-up
maximize	verb	v_up	📈	/ˈmæksɪmaɪz/	tối đa hoá	to make as large as possible	maximize profits	increase
meaningful	adjective	opinions_pos	💬	/ˈmiːnɪŋfəl/	có ý nghĩa	important and useful	a meaningful relationship	significant
meantime	noun	adv_link	⏳	/ˈmiːntaɪm/	trong lúc đó	the time between two events	In the meantime, wait here.	meanwhile
medieval	adjective	arts_art	🏰	/ˌmediˈiːvəl/	thuộc thời Trung cổ	from the Middle Ages	a medieval castle	—
meditation	noun	health_care	🧘	/ˌmedɪˈteɪʃən/	thiền	the practice of calming the mind	daily meditation	contemplation
melody	noun	arts_art	🎵	/ˈmelədi/	giai điệu	a tune	a beautiful melody	tune
memo	noun	work_teamwork	📝	/ˈmeməʊ/	bản ghi nhớ	a short note at work	send a memo	note
memoir	noun	arts_art	📘	/ˈmemwɑː/	hồi kí	a book about your life	her memoirs	autobiography
memorial	noun	city_build	🗿	/mɪˈmɔːriəl/	đài tưởng niệm	a monument to remember people	a war memorial	monument
mentor	noun	work_staff	🧑‍🏫	/ˈmentɔː/	người cố vấn	an experienced adviser	She was my mentor.	adviser
merchant	noun	econ_business	🧑‍💼	/ˈmɜːtʃənt/	thương gia	a trader	a wine merchant	trader
mercy	noun	q_virtue	🕊️	/ˈmɜːsi/	lòng khoan dung	kindness to someone in your power	show mercy	compassion
mere	adjective	m_degree	🤏	/mɪə/	chỉ là	only; small	a mere five minutes	just
merely	adverb	adv_way	🤏	/ˈmɪəli/	chỉ đơn thuần	only	I was merely asking.	only
merge	verb	econ_business	🔀	/mɜːdʒ/	hợp nhất	to combine	The two companies merged.	combine
merger	noun	econ_business	🔀	/ˈmɜːdʒə/	sự sáp nhập	joining two companies	a bank merger	union
merit	noun	q_skill	🏅	/ˈmerɪt/	giá trị, ưu điểm	a good quality	judged on merit	value
methodology	noun	res_method	📋	/ˌmeθəˈdɒlədʒi/	phương pháp luận	a set of methods	research methodology	approach
midst	noun	adv_link	🎯	/mɪdst/	giữa lúc (in the midst of)	the middle	in the midst of a crisis	middle
migration	noun	soc_community	🦢	/maɪˈɡreɪʃən/	sự di cư	moving from one place to another	bird migration	movement
militant	noun, adjective	war_conflict	✊	/ˈmɪlɪtənt/	chiến binh; hiếu chiến	using force for a cause	militant groups	activist
militia	noun	war_conflict	🪖	/məˈlɪʃə/	dân quân	an army of ordinary citizens	a local militia	—
mill	noun	econ_industry	🏭	/mɪl/	nhà máy; cối xay	a factory; a machine for grinding	a paper mill	factory
minimal	adjective	m_degree	🤏	/ˈmɪnɪməl/	tối thiểu	very small	minimal damage	slight
minimize	verb	v_down	📉	/ˈmɪnɪmaɪz/	giảm thiểu	to make as small as possible	minimize the risk	reduce
mining	noun	econ_industry	⛏️	/ˈmaɪnɪŋ/	ngành khai thác mỏ	digging for minerals	coal mining	—
ministry	noun	gov_state	🏛️	/ˈmɪnɪstri/	bộ (chính phủ)	a government department	the Ministry of Education	department
miracle	noun	religion	✨	/ˈmɪrəkəl/	phép màu	an amazing event	It's a miracle!	wonder
misery	noun	emo_neg	😞	/ˈmɪzəri/	nỗi khổ sở	great unhappiness	a life of misery	suffering
misleading	adjective	opinions_neg	🧭	/mɪˈsliːdɪŋ/	gây hiểu lầm	giving the wrong idea	misleading information	deceptive
missile	noun	war_fight	🚀	/ˈmɪsaɪl/	tên lửa	a flying weapon	a nuclear missile	rocket
mob	noun	crime_acts	👥	/mɒb/	đám đông hỗn loạn	a large angry crowd	an angry mob	crowd
mobility	noun	soc_community	🚶	/məʊˈbɪləti/	tính di động	the ability to move	social mobility	movement
mobilize	verb	v_social	📣	/ˈməʊbəlaɪz/	huy động	to organise people or resources	mobilize support	rally
moderate	adjective	adj_nature	⚖️	/ˈmɒdərət/	vừa phải, ôn hoà	not extreme	moderate exercise	reasonable
modification	noun	abs_change	🔧	/ˌmɒdɪfɪˈkeɪʃən/	sự sửa đổi	a small change	minor modifications	change
momentum	noun	abs_change	🎢	/məˈmentəm/	đà	force of movement; speed of progress	gain momentum	impetus
monk	noun	religion	🧘	/mʌŋk/	nhà sư	a religious man living in a monastery	a Buddhist monk	—
monopoly	noun	econ_business	🎩	/məˈnɒpəli/	độc quyền	complete control of a market	a state monopoly	—
morality	noun	q_virtue	😇	/məˈræləti/	đạo đức	principles of right and wrong	public morality	ethics
motive	noun	crime_acts	🎯	/ˈməʊtɪv/	động cơ	a reason for doing something	the motive for the crime	reason
motorist	noun	city_build	🚗	/ˈməʊtərɪst/	người lái xe	a person who drives a car	Motorists should slow down.	driver
municipal	adjective	gov_state	🏙️	/mjuːˈnɪsɪpəl/	thuộc thành phố	relating to a city government	municipal services	civic
mutual	adjective	abs_social	🤝	/ˈmjuːtʃuəl/	lẫn nhau	shared by two or more	mutual respect	shared
namely	adverb	adv_link	👉	/ˈneɪmli/	cụ thể là	that is	two students, namely Lan and Minh	specifically
nationwide	adjective	m_degree	🗺️	/ˌneɪʃənˈwaɪd/	toàn quốc	across the whole country	a nationwide survey	national
naval	adjective	war_fight	⚓	/ˈneɪvəl/	thuộc hải quân	relating to the navy	a naval base	—
neglect	verb, noun	v_social	🥀	/nɪˈɡlekt/	bỏ bê	to fail to care for	The garden was neglected.	ignore
neighbouring	adjective	city_home	🏘️	/ˈneɪbərɪŋ/	lân cận	next to	neighbouring countries	nearby
newsletter	noun	media	📰	/ˈnjuːzletə/	bản tin	a regular news report	a monthly newsletter	bulletin
niche	noun	econ_business	🧩	/niːʃ/	thị trường ngách; vị trí thích hợp	a small specialised market; a suitable place	a niche market	—
noble	adjective	q_virtue	🦁	/ˈnəʊbəl/	cao quý	having high moral qualities	a noble cause	honourable
nod	verb	v_move	🙂	/nɒd/	gật đầu	to move your head up and down	She nodded in agreement.	—
nominate	verb	gov_elections	🏅	/ˈnɒmɪneɪt/	đề cử	to suggest someone for a job or prize	nominated for an Oscar	propose
nomination	noun	gov_elections	🏅	/ˌnɒmɪˈneɪʃən/	sự đề cử	being suggested for a role or prize	an Oscar nomination	—
nominee	noun	gov_elections	🏅	/ˌnɒmɪˈniː/	người được đề cử	a person who has been nominated	the award nominees	candidate
non-profit	adjective	econ_business	🎗️	/ˌnɒnˈprɒfɪt/	phi lợi nhuận	not made to make money	a non-profit organization	charitable
nonetheless	adverb	adv_link	🔁	/ˌnʌnðəˈles/	tuy nhiên	in spite of that	It was hard. Nonetheless, we finished.	nevertheless
nonsense	noun	abs_mind	🤪	/ˈnɒnsens/	điều vô lí	silly ideas	Don't talk nonsense.	rubbish
notable	adjective	opinions_pos	📌	/ˈnəʊtəbəl/	đáng chú ý	important or interesting	a notable achievement	remarkable
notably	adverb	adv_link	📌	/ˈnəʊtəbli/	đáng chú ý là	especially	several cities, notably Hanoi	especially
notify	verb	speak_state	🔔	/ˈnəʊtɪfaɪ/	thông báo	to tell officially	Please notify us of any changes.	inform
notorious	adjective	opinions_neg	😈	/nəʊˈtɔːriəs/	khét tiếng	famous for something bad	a notorious criminal	infamous
nursery	noun	education	🧸	/ˈnɜːsəri/	nhà trẻ	a place that cares for young children	a nursery school	kindergarten
objection	noun	speak_react	✋	/əbˈdʒekʃən/	sự phản đối	a reason against	I have no objection.	protest
oblige	verb	v_social	📌	/əˈblaɪdʒ/	bắt buộc; giúp đỡ	to force; to help	I felt obliged to help.	require
obsess	verb	emo_pos	🌀	/əbˈses/	ám ảnh	to fill your mind all the time	She obsesses about her weight.	—
obsession	noun	emo_pos	🌀	/əbˈseʃən/	nỗi ám ảnh	something you think about all the time	an obsession with football	fixation
occasional	adjective	adj_time	🗓️	/əˈkeɪʒənəl/	thỉnh thoảng	happening sometimes	an occasional visitor	infrequent
occurrence	noun	abs_change	📅	/əˈkʌrəns/	sự việc xảy ra	something that happens	a common occurrence	event
odds	noun	m_chance	🎲	/ɒdz/	khả năng; tỉ lệ cược	the chance of something happening	against all odds	chances
offering	noun	religion	🍊	/ˈɒfrɪŋ/	lễ vật; sản phẩm cung cấp	something given; something for sale	offerings to the gods	gift
offspring	noun	people	🐣	/ˈɒfsprɪŋ/	con cái	a person's or animal's children	parents and their offspring	children
operational	adjective	work_teamwork	⚙️	/ˌɒpəˈreɪʃənəl/	đang hoạt động	working; relating to operations	The factory is fully operational.	working
opt	verb	v_mind	☑️	/ɒpt/	chọn	to choose	She opted for the train.	choose
optical	adjective	science	👓	/ˈɒptɪkəl/	thuộc quang học	relating to light or sight	an optical illusion	visual
optimism	noun	emo_pos	🌈	/ˈɒptɪmɪzəm/	sự lạc quan	a feeling that good things will happen	full of optimism	hopefulness
oral	adjective	education	👄	/ˈɒrəl/	nói; thuộc miệng	spoken; of the mouth	an oral exam	spoken
organizational	adjective	work_teamwork	🗂️	/ˌɔːɡənaɪˈzeɪʃənəl/	thuộc tổ chức	relating to organizing	organizational skills	—
orientation	noun	education	🧭	/ˌɔːrienˈteɪʃən/	sự định hướng	training for new people; direction	a student orientation week	introduction
originate	verb	v_process	🌱	/əˈrɪdʒɪneɪt/	bắt nguồn	to begin in a place	The idea originated in China.	start
outbreak	noun	health_illness	🦠	/ˈaʊtbreɪk/	sự bùng phát	a sudden start of disease or war	an outbreak of flu	epidemic
outing	noun	arts_stage	🚌	/ˈaʊtɪŋ/	chuyến đi chơi	a short trip for pleasure	a school outing	trip
outlet	noun	econ_business	🏬	/ˈaʊtlet/	cửa hàng; lối thoát	a shop; a way to express feelings	a retail outlet	store
outlook	noun	abs_mind	🔭	/ˈaʊtlʊk/	quan điểm; triển vọng	a view of life; what is likely to happen	a positive outlook	prospect
outrage	noun, verb	emo_neg	😡	/ˈaʊtreɪdʒ/	sự phẫn nộ	great anger	public outrage	fury
outsider	noun	people	🚶	/ˈaʊtsaɪdə/	người ngoài	a person not in a group	I felt like an outsider.	stranger
overlook	verb	v_mind	🙈	/ˌəʊvəˈlʊk/	bỏ sót; nhìn ra	to fail to notice; to have a view of	a room overlooking the sea	miss
overly	adverb	adv_way	➕	/ˈəʊvəli/	quá mức	too	overly optimistic	too
oversee	verb	work_staff	👀	/ˌəʊvəˈsiː/	giám sát	to supervise	She oversees the project.	supervise
overturn	verb	v_down	🔄	/ˌəʊvəˈtɜːn/	lật đổ; lật ngược	to turn upside down; to cancel a decision	The court overturned the verdict.	reverse
overwhelm	verb	emo_pos	🌊	/ˌəʊvəˈwelm/	áp đảo; choáng ngợp	to affect too strongly	She was overwhelmed by the news.	overcome
overwhelming	adjective	m_degree	🌊	/ˌəʊvəˈwelmɪŋ/	áp đảo	very great	an overwhelming majority	huge
pad	noun	city_home	📝	/pæd/	miếng đệm; tập giấy	a thick soft piece; a set of sheets of paper	a knee pad	cushion
parameter	noun	res_method	📏	/pəˈræmɪtə/	tham số; giới hạn	a limit or rule that controls how something is done	within the parameters of the budget	limit
parental	adjective	people	👪	/pəˈrentəl/	thuộc cha mẹ	relating to parents	parental advice	—
parish	noun	religion	⛪	/ˈpærɪʃ/	giáo xứ	an area with its own church	the parish church	—
parliamentary	adjective	gov_elections	🏛️	/ˌpɑːləˈmentəri/	thuộc nghị viện	relating to parliament	parliamentary elections	—
partial	adjective	m_degree	◐	/ˈpɑːʃəl/	một phần	not complete	a partial success	incomplete
partially	adverb	adv_way	◐	/ˈpɑːʃəli/	một phần	not completely	partially cooked	partly
passing	noun	abs_change	⏳	/ˈpɑːsɪŋ/	sự trôi qua; sự qua đời	going by; death	the passing of time	—
passive	adjective	q_skill	🛋️	/ˈpæsɪv/	thụ động	accepting without acting	a passive attitude	inactive
pastor	noun	religion	⛪	/ˈpɑːstə/	mục sư	a Christian church leader	the local pastor	priest
patch	noun	city_home	🩹	/pætʃ/	miếng vá; mảng	a small piece covering a hole; a small area	a patch of grass	—
patent	noun	res_ideas	📜	/ˈpætənt/	bằng sáng chế	the legal right to an invention	apply for a patent	—
pathway	noun	city_build	🛤️	/ˈpɑːθweɪ/	lối đi; con đường	a path; a way to reach something	a pathway to success	path
patrol	noun, verb	crime_police	🚓	/pəˈtrəʊl/	tuần tra	to go around an area to check it	Police patrol the streets.	guard
patron	noun	arts_stage	🎩	/ˈpeɪtrən/	người bảo trợ; khách quen	a supporter; a regular customer	a patron of the arts	sponsor
peasant	noun	people	🧑‍🌾	/ˈpezənt/	nông dân (nghèo)	a poor farmer	peasant farmers	farmer
peculiar	adjective	adj_kind	🤨	/pɪˈkjuːljə/	kì lạ	strange	a peculiar smell	odd
persist	verb	v_process	🔁	/pəˈsɪst/	kiên trì; kéo dài	to continue	The pain persisted.	continue
persistent	adjective	q_skill	🐢	/pəˈsɪstənt/	kiên trì; dai dẳng	continuing firmly	a persistent cough	constant
personnel	noun	work_staff	👥	/ˌpɜːsəˈnel/	nhân sự	the people working for an organisation	military personnel	staff
petition	noun	soc_rights	📝	/pɪˈtɪʃən/	đơn kiến nghị	a document signed by many people asking for something	sign a petition	appeal
philosopher	noun	res_ideas	🧔	/fɪˈlɒsəfə/	nhà triết học	a person who studies philosophy	a Greek philosopher	thinker
philosophical	adjective	res_ideas	🤔	/ˌfɪləˈsɒfɪkəl/	thuộc triết học; điềm tĩnh	relating to philosophy; calm	a philosophical question	—
physician	noun	health_care	🩺	/fɪˈzɪʃən/	bác sĩ	a doctor	a family physician	doctor
pioneer	noun, verb	res_ideas	🚀	/ˌpaɪəˈnɪə/	người tiên phong	the first to do something	a pioneer of computing	innovator
pipeline	noun	econ_industry	🛢️	/ˈpaɪplaɪn/	đường ống	a long pipe for oil or gas	an oil pipeline	—
pit	noun	environment	🕳️	/pɪt/	hố	a large hole in the ground	a gravel pit	hole
plea	noun	crime_court	🙏	/pliː/	lời khẩn cầu; lời biện hộ	an urgent request; a statement in court	a plea for help	appeal
plead	verb	crime_court	🙏	/pliːd/	cầu xin; khai (trước toà)	to beg; to say you are guilty or not guilty	He pleaded guilty.	beg
pledge	verb, noun	speak_react	🤞	/pledʒ/	cam kết	to promise seriously	They pledged to help.	promise
plunge	verb	v_down	📉	/plʌndʒ/	lao xuống; giảm mạnh	to fall suddenly	Prices plunged.	drop
pole	noun	science	🧭	/pəʊl/	cực; cây cột	one end of the earth; a long stick	the North Pole	post
poll	noun	gov_elections	🗳️	/pəʊl/	cuộc thăm dò	a survey of opinions	an opinion poll	survey
portfolio	noun	work_teamwork	💼	/pɔːtˈfəʊliəʊ/	hồ sơ năng lực; danh mục đầu tư	a collection of work; a set of investments	an art portfolio	collection
portray	verb	arts_art	🖼️	/pɔːˈtreɪ/	khắc hoạ	to show or describe	The film portrays her as a hero.	depict
post-war	adjective	war_conflict	🕊️	/ˌpəʊstˈwɔː/	hậu chiến	after a war	the post-war period	—
practitioner	noun	work_staff	🩺	/prækˈtɪʃnə/	người hành nghề	a person who works in a profession	a medical practitioner	professional
preach	verb	religion	⛪	/priːtʃ/	giảng đạo; lên lớp	to talk about religion; to give moral advice	Don't preach at me.	lecture
precedent	noun	crime_court	📜	/ˈpresɪdənt/	tiền lệ	an earlier example used as a guide	set a precedent	example
precision	noun	q_skill	🎯	/prɪˈsɪʒən/	sự chính xác	exactness	with great precision	accuracy
predator	noun	environment	🦈	/ˈpredətə/	động vật săn mồi	an animal that kills others for food	Lions are predators.	hunter
predecessor	noun	work_staff	⬅️	/ˈpriːdɪsesə/	người tiền nhiệm	the person who had a job before	my predecessor	—
predominantly	adverb	adv_way	📊	/prɪˈdɒmɪnəntli/	chủ yếu	mostly	a predominantly rural area	mainly
pregnancy	noun	health_body	🤰	/ˈpreɡnənsi/	sự mang thai	being pregnant	during pregnancy	—
prejudice	noun	soc_rights	🚫	/ˈpredʒədɪs/	định kiến	an unfair opinion	racial prejudice	bias
preliminary	adjective	adj_time	🔰	/prɪˈlɪmɪnəri/	sơ bộ	coming before the main part	preliminary results	initial
premier	noun	gov_state	🏛️	/ˈpremiə/	thủ tướng	a prime minister	the Chinese premier	prime minister
premise	noun	res_ideas	🧱	/ˈpremɪs/	tiền đề	an idea on which an argument is based	a false premise	assumption
premium	noun	econ_money	💎	/ˈpriːmiəm/	phí bảo hiểm; giá cao hơn	money paid for insurance; an extra amount	a high premium	—
prescribe	verb	health_care	💊	/prɪˈskraɪb/	kê đơn	to tell a patient to take medicine	The doctor prescribed antibiotics.	—
presently	adverb	adv_way	🕒	/ˈprezəntli/	hiện nay; chẳng mấy chốc	now; soon	She is presently working abroad.	currently
preservation	noun	environment	🏛️	/ˌprezəˈveɪʃən/	sự bảo tồn	keeping something safe	the preservation of old buildings	conservation
preside	verb	work_staff	🧑‍⚖️	/prɪˈzaɪd/	chủ trì	to be in charge of a meeting	preside over the meeting	chair
presidency	noun	gov_state	🏛️	/ˈprezɪdənsi/	nhiệm kì tổng thống	the job or time as president	during his presidency	—
presidential	adjective	gov_state	🏛️	/ˌprezɪˈdenʃəl/	thuộc tổng thống	relating to a president	presidential elections	—
prestigious	adjective	opinions_pos	🏅	/preˈstɪdʒəs/	danh giá	respected and admired	a prestigious university	respected
presumably	adverb	adv_way	🤔	/prɪˈzjuːməbli/	có lẽ	probably	Presumably, he's at home.	probably
presume	verb	v_mind	🤔	/prɪˈzjuːm/	cho là	to suppose	I presume you're tired.	assume
prevail	verb	v_up	🏆	/prɪˈveɪl/	thắng thế; phổ biến	to win; to exist widely	Justice will prevail.	win
prevalence	noun	m_chance	📊	/ˈprevələns/	sự phổ biến	how common something is	the prevalence of obesity	frequency
prevention	noun	health_care	🛡️	/prɪˈvenʃən/	sự phòng ngừa	stopping something from happening	crime prevention	—
prey	noun	environment	🐇	/preɪ/	con mồi	an animal hunted by another	a bird of prey	victim
privatization	noun	econ_business	🏢	/ˌpraɪvɪtaɪˈzeɪʃən/	sự tư nhân hoá	selling a state company to private owners	the privatization of the railways	—
privilege	noun	soc_rights	🎫	/ˈprɪvlɪdʒ/	đặc quyền; vinh dự	a special right; an honour	It's a privilege to be here.	honour
probe	noun, verb	crime_police	🔎	/prəʊb/	cuộc điều tra; thăm dò	an investigation; to investigate	a police probe	investigation
problematic	adjective	opinions_neg	⚠️	/ˌprɒbləˈmætɪk/	có vấn đề	causing problems	a problematic situation	difficult
proceedings	noun	crime_court	⚖️	/prəˈsiːdɪŋz/	thủ tục tố tụng	legal action	court proceedings	—
proceeds	noun	econ_money	💵	/prəˈsiːdz/	tiền thu được	money made from selling	The proceeds go to charity.	profits
processing	noun	tech	⚙️	/ˈprəʊsesɪŋ/	sự xử lí	dealing with data or materials	data processing	—
processor	noun	tech	💻	/ˈprəʊsesə/	bộ xử lí	the part of a computer that processes data	a fast processor	CPU
proclaim	verb	speak_state	📢	/prəˈkleɪm/	tuyên bố	to announce publicly	They proclaimed independence.	declare
productive	adjective	q_skill	📈	/prəˈdʌktɪv/	hiệu quả; năng suất	producing a lot	a productive meeting	efficient
productivity	noun	econ_business	📈	/ˌprɒdʌkˈtɪvəti/	năng suất	the rate of producing	increase productivity	efficiency
profitable	adjective	econ_business	💰	/ˈprɒfɪtəbəl/	có lãi	making a profit	a profitable business	lucrative
profound	adjective	adj_nature	🌊	/prəˈfaʊnd/	sâu sắc	very great; deep	a profound effect	deep
projection	noun	res_method	📈	/prəˈdʒekʃən/	sự dự báo; phép chiếu	an estimate of the future; showing on a screen	sales projections	forecast
prominent	adjective	people	🌟	/ˈprɒmɪnənt/	nổi bật, nổi tiếng	important and famous; easy to see	a prominent politician	well-known
pronounced	adjective	adj_nature	🔊	/prəˈnaʊnst/	rõ rệt	very noticeable	a pronounced accent	marked
propaganda	noun	media	📢	/ˌprɒpəˈɡændə/	tuyên truyền	biased information to influence people	war propaganda	—
proposition	noun	abs_mind	💡	/ˌprɒpəˈzɪʃən/	đề xuất; mệnh đề	an idea or offer	an attractive proposition	proposal
prosecute	verb	crime_court	⚖️	/ˈprɒsɪkjuːt/	khởi tố	to accuse someone officially in court	He was prosecuted for fraud.	charge
prosecution	noun	crime_court	⚖️	/ˌprɒsɪˈkjuːʃən/	sự khởi tố; bên nguyên	taking someone to court; the lawyers accusing	the case for the prosecution	—
prosecutor	noun	crime_court	🧑‍⚖️	/ˈprɒsɪkjuːtə/	công tố viên	a lawyer who accuses in court	the public prosecutor	—
prospective	adjective	adj_time	🔮	/prəˈspektɪv/	tiềm năng, sắp tới	likely to be	prospective students	potential
prosperity	noun	econ_business	💰	/prɒˈsperəti/	sự thịnh vượng	wealth and success	a time of prosperity	wealth
protective	adjective	q_skill	🛡️	/prəˈtektɪv/	bảo vệ	giving protection	protective clothing	—
protocol	noun	tech	📋	/ˈprəʊtəkɒl/	giao thức; nghi thức	a set of rules	security protocol	procedure
province	noun	gov_state	🗺️	/ˈprɒvɪns/	tỉnh	a part of a country	Quang Ninh province	region
provincial	adjective	gov_state	🗺️	/prəˈvɪnʃəl/	thuộc tỉnh	relating to a province	the provincial government	regional
provision	noun	abs_social	📦	/prəˈvɪʒən/	sự cung cấp; điều khoản	supplying something; a condition in a law	the provision of healthcare	supply
provoke	verb	v_social	😠	/prəˈvəʊk/	khiêu khích; gây ra	to make someone angry; to cause	The speech provoked anger.	cause
psychiatric	adjective	health_care	🧠	/ˌsaɪkiˈætrɪk/	thuộc tâm thần	relating to mental illness	a psychiatric hospital	mental
pulse	noun	health_body	💓	/pʌls/	mạch	the beat of your heart	check your pulse	heartbeat
punch	noun, verb	v_hands	👊	/pʌntʃ/	cú đấm; đấm	a hit with a fist; to hit with a fist	He punched the wall.	hit
query	noun	speak_state	❓	/ˈkwɪəri/	câu hỏi, thắc mắc	a question	If you have any queries, call us.	question
quest	noun	abs_change	🗺️	/kwest/	cuộc tìm kiếm	a long search	the quest for truth	search
quota	noun	m_amount	📊	/ˈkwəʊtə/	hạn ngạch	a fixed amount	an import quota	allowance
radar	noun	tech	📡	/ˈreɪdɑː/	ra-đa	a system that finds objects using radio waves	The plane disappeared from radar.	—
radical	adjective	abs_change	🔥	/ˈrædɪkəl/	triệt để; cấp tiến	very new and different	radical changes	drastic
rage	noun	emo_neg	😡	/reɪdʒ/	cơn thịnh nộ	strong anger	in a rage	fury
raid	noun, verb	crime_police	🚨	/reɪd/	cuộc đột kích	a sudden attack or police visit	a police raid	attack
rally	noun, verb	soc_rights	📣	/ˈræli/	cuộc mít tinh; tập hợp	a large public meeting; to come together	a political rally	gathering
ranking	noun	sport	🏆	/ˈræŋkɪŋ/	thứ hạng	a position on a list	world rankings	rating
ratio	noun	science	➗	/ˈreɪʃiəʊ/	tỉ lệ	a relationship between two numbers	the student-teacher ratio	proportion
rational	adjective	q_skill	🧠	/ˈræʃnəl/	lí trí, hợp lí	based on reason	a rational decision	logical
ray	noun	science	☀️	/reɪ/	tia	a line of light	a ray of sunshine	beam
readily	adverb	adv_way	✅	/ˈredɪli/	sẵn sàng; dễ dàng	willingly; easily	readily available	easily
realization	noun	abs_mind	💡	/ˌrɪəlaɪˈzeɪʃən/	sự nhận ra	understanding something suddenly	the realization that he was wrong	awareness
realm	noun	abs_mind	🏰	/relm/	lĩnh vực; vương quốc	an area of activity; a kingdom	in the realm of science	field
rear	adjective, noun	adj_kind	🔙	/rɪə/	phía sau	at the back	the rear of the car	back
reasoning	noun	res_ideas	🧠	/ˈriːzənɪŋ/	lập luận	the process of thinking logically	I don't follow your reasoning.	logic
reassure	verb	speak_react	🤗	/ˌriːəˈʃʊə/	trấn an	to make someone less worried	She reassured me that it was fine.	comfort
rebel	noun	war_conflict	✊	/ˈrebəl/	quân nổi dậy	a person who fights against a government	rebel forces	insurgent
rebellion	noun	war_conflict	✊	/rɪˈbeljən/	cuộc nổi loạn	fighting against authority	a teenage rebellion	revolt
recipient	noun	people	🎁	/rɪˈsɪpiənt/	người nhận	a person who receives something	the award recipient	receiver
reconstruction	noun	city_build	🏗️	/ˌriːkənˈstrʌkʃən/	sự tái thiết	rebuilding	post-war reconstruction	rebuilding
referendum	noun	gov_elections	🗳️	/ˌrefəˈrendəm/	cuộc trưng cầu dân ý	a public vote on one question	hold a referendum	vote
reflection	noun	abs_mind	🪞	/rɪˈflekʃən/	hình phản chiếu; sự suy ngẫm	an image in a mirror; careful thought	on reflection	thought
reform	noun, verb	gov_law	🔧	/rɪˈfɔːm/	cải cách	to change to improve	economic reform	improve
refuge	noun	soc_community	🏠	/ˈrefjuːdʒ/	nơi trú ẩn	a place of safety	take refuge from the storm	shelter
refusal	noun	speak_react	🙅	/rɪˈfjuːzəl/	sự từ chối	saying no	a flat refusal	rejection
regain	verb	v_up	🔄	/rɪˈɡeɪn/	lấy lại	to get back	regain consciousness	recover
regardless	adverb	adv_link	🤷	/rɪˈɡɑːdlɪs/	bất kể	without being affected	Regardless of the weather, we'll go.	anyway
regime	noun	gov_state	🏛️	/reɪˈʒiːm/	chế độ	a government, often unfair; a system	a military regime	government
regulator	noun	gov_law	⚖️	/ˈreɡjəleɪtə/	cơ quan quản lí	an official who controls an industry	the banking regulator	—
regulatory	adjective	gov_law	⚖️	/ˈreɡjələtəri/	thuộc quản lí	relating to official rules	regulatory bodies	—
rehabilitation	noun	health_care	🩼	/ˌriːhəbɪlɪˈteɪʃən/	sự phục hồi	helping someone return to normal life	drug rehabilitation	recovery
reign	noun, verb	gov_state	👑	/reɪn/	triều đại; trị vì	the rule of a king or queen	during the reign of the king	rule
rejection	noun	abs_social	🙅	/rɪˈdʒekʃən/	sự khước từ	refusing to accept	fear of rejection	refusal
relevance	noun	abs_mind	🔗	/ˈrelɪvəns/	sự liên quan	being connected to the subject	It has no relevance to the case.	importance
reliability	noun	q_skill	🔒	/rɪˌlaɪəˈbɪləti/	độ tin cậy	being reliable	the reliability of the data	dependability
reluctant	adjective	emo_pos	😕	/rɪˈlʌktənt/	miễn cưỡng	not willing	She was reluctant to leave.	unwilling
remainder	noun	m_amount	➗	/rɪˈmeɪndə/	phần còn lại	what is left	the remainder of the day	rest
remains	noun	res_ideas	🦴	/rɪˈmeɪnz/	di tích; phần còn lại	parts left after something is destroyed; a dead body	Roman remains	ruins
remedy	noun	health_care	💊	/ˈremɪdi/	phương thuốc; giải pháp	a cure; a solution	a home remedy	cure
reminder	noun	speak_react	⏰	/rɪˈmaɪndə/	lời nhắc	something that helps you remember	a gentle reminder	prompt
removal	noun	abs_change	🧹	/rɪˈmuːvəl/	sự loại bỏ	taking away	the removal of rubbish	elimination
render	verb	v_process	🎨	/ˈrendə/	khiến trở nên	to make something be	rendered useless	make
renew	verb	v_process	🔄	/rɪˈnjuː/	gia hạn; làm mới	to make valid again; to start again	renew your passport	extend
renowned	adjective	people	🌟	/rɪˈnaʊnd/	nổi tiếng	famous	a renowned chef	famous
rental	noun	econ_business	🏠	/ˈrentəl/	việc cho thuê; tiền thuê	renting; the money paid to rent	car rental	—
replacement	noun	abs_change	🔄	/rɪˈpleɪsmənt/	sự thay thế; người thay thế	replacing; a person or thing that replaces	a replacement for the old phone	substitute
reportedly	adverb	adv_way	📰	/rɪˈpɔːtɪdli/	theo tin đồn	according to reports	He is reportedly very rich.	allegedly
representation	noun	gov_elections	🗳️	/ˌreprɪzenˈteɪʃən/	sự đại diện; sự thể hiện	speaking for others; a picture or description	women's representation in parliament	—
reproduce	verb	science	🐣	/ˌriːprəˈdjuːs/	sinh sản; tái tạo	to have babies; to copy	Bacteria reproduce quickly.	breed
reproduction	noun	science	🧬	/ˌriːprəˈdʌkʃən/	sự sinh sản; bản sao	having babies; a copy	a reproduction of a painting	copy
republic	noun	gov_state	🏛️	/rɪˈpʌblɪk/	nước cộng hoà	a country with an elected leader	the Czech Republic	—
resemble	verb	v_mind	👯	/rɪˈzembəl/	giống	to look like	She resembles her mother.	look like
reside	verb	city_home	🏠	/rɪˈzaɪd/	cư trú	to live in a place	He resides in Hanoi.	live
residence	noun	city_home	🏡	/ˈrezɪdəns/	nơi cư trú	a home	a private residence	home
residential	adjective	city_home	🏘️	/ˌrezɪˈdenʃəl/	thuộc khu dân cư	where people live	a residential area	—
residue	noun	science	🧂	/ˈrezɪdjuː/	chất cặn	what remains after a process	chemical residue	remains
resignation	noun	work_staff	📄	/ˌrezɪɡˈneɪʃən/	sự từ chức	leaving a job officially	He handed in his resignation.	—
resistance	noun	war_conflict	✊	/rɪˈzɪstəns/	sự kháng cự	fighting against	resistance to change	opposition
respective	adjective	adv_link	👥	/rɪˈspektɪv/	tương ứng	belonging to each one	They returned to their respective homes.	—
respectively	adverb	adv_link	🔢	/rɪˈspektɪvli/	theo thứ tự tương ứng	in the same order	They got 8 and 9 respectively.	—
restoration	noun	arts_art	🛠️	/ˌrestəˈreɪʃən/	sự phục hồi	repairing something old	the restoration of the temple	repair
restraint	noun	q_virtue	🧘	/rɪˈstreɪnt/	sự kiềm chế	control over feelings	show restraint	self-control
resume	verb	v_process	▶️	/rɪˈzjuːm/	tiếp tục lại	to start again	Classes resume on Monday.	restart
retreat	noun, verb	war_fight	🏳️	/rɪˈtriːt/	rút lui; nơi nghỉ dưỡng	to move back; a quiet place	The army retreated.	withdraw
retrieve	verb	v_handle	🎣	/rɪˈtriːv/	lấy lại	to get back	retrieve lost data	recover
revelation	noun	speak_state	🔓	/ˌrevəˈleɪʃən/	sự tiết lộ	surprising information made known	shocking revelations	disclosure
revenge	noun	emo_neg	🗡️	/rɪˈvendʒ/	sự trả thù	hurting someone who hurt you	take revenge	vengeance
revival	noun	abs_change	🌱	/rɪˈvaɪvəl/	sự hồi sinh	becoming popular or strong again	an economic revival	recovery
revive	verb	v_up	🌱	/rɪˈvaɪv/	làm sống lại	to bring back to life or popularity	revive a tradition	restore
revolutionary	adjective	abs_change	💥	/ˌrevəˈluːʃənəri/	mang tính cách mạng	completely new	a revolutionary idea	innovative
rhetoric	noun	speak_state	🎤	/ˈretərɪk/	lời lẽ hùng biện	language used to persuade	political rhetoric	—
rifle	noun	war_fight	🔫	/ˈraɪfəl/	súng trường	a long gun	a hunting rifle	gun
riot	noun	crime_acts	🔥	/ˈraɪət/	cuộc bạo loạn	violent public disorder	Riots broke out in the city.	disorder
rip	verb	v_hands	📄	/rɪp/	xé	to tear quickly	He ripped the paper.	tear
ritual	noun	religion	🕯️	/ˈrɪtʃuəl/	nghi lễ	a set of actions done the same way	a morning ritual	ceremony
robust	adjective	adj_nature	💪	/rəʊˈbʌst/	vững chắc	strong and healthy	a robust economy	strong
rod	noun	city_home	🎣	/rɒd/	cần, que	a long thin pole	a fishing rod	pole
rotate	verb	v_hands	🔄	/rəʊˈteɪt/	xoay; luân phiên	to turn around; to take turns	The earth rotates.	turn
rotation	noun	science	🔄	/rəʊˈteɪʃən/	sự xoay; sự luân phiên	turning; taking turns	the rotation of the earth	—
ruling	noun	crime_court	⚖️	/ˈruːlɪŋ/	phán quyết	an official decision	a court ruling	decision
rumour	noun	speak_state	🗣️	/ˈruːmə/	tin đồn	a story that may not be true	spread a rumour	gossip
sack	verb	work_staff	🚪	/sæk/	sa thải	to dismiss from a job	He was sacked for being late.	fire
sacred	adjective	religion	🕉️	/ˈseɪkrɪd/	thiêng liêng	holy	a sacred place	holy
sacrifice	noun, verb	abs_social	🕯️	/ˈsækrɪfaɪs/	sự hi sinh	giving up something valued	make sacrifices	give up
saint	noun	religion	😇	/seɪnt/	thánh	a very holy person	Saint Peter	—
sake	noun	abs_social	🙏	/seɪk/	vì lợi ích của (for the sake of)	for the good of	for the sake of the children	benefit
sanction	noun	gov_diplomacy	🚫	/ˈsæŋkʃən/	lệnh trừng phạt	an official punishment for a country	economic sanctions	penalty
scattered	adjective	adj_kind	🍂	/ˈskætəd/	rải rác	spread over an area	scattered showers	spread out
sceptical	adjective	opinions_neg	🤨	/ˈskeptɪkəl/	hoài nghi	doubting	I'm sceptical about the plan.	doubtful
scope	noun	m_degree	🔭	/skəʊp/	phạm vi	the range of something	the scope of the study	range
screw	verb, noun	v_hands	🔩	/skruː/	vít; vặn vít	a small metal fixing; to fix with a screw	Screw the lid on tightly.	—
scrutiny	noun	res_method	🔍	/ˈskruːtɪni/	sự xem xét kĩ lưỡng	careful examination	under scrutiny	examination
seal	verb, noun	v_hands	🦭	/siːl/	niêm phong; hải cẩu	to close tightly; a sea animal	seal the envelope	close
secular	adjective	religion	🏛️	/ˈsekjələ/	thế tục	not religious	a secular state	non-religious
seemingly	adverb	adv_way	👀	/ˈsiːmɪŋli/	có vẻ như	appearing to be	a seemingly easy task	apparently
segment	noun	m_amount	🍊	/ˈseɡmənt/	phần, đoạn	a part of something	a segment of the market	section
seize	verb	v_hands	✊	/siːz/	chộp lấy; tịch thu	to take suddenly; to take by force	Police seized the drugs.	grab
seldom	adverb	adv_way	🌙	/ˈseldəm/	hiếm khi	not often	I seldom go out.	rarely
selective	adjective	adj_kind	🎯	/sɪˈlektɪv/	có chọn lọc	choosing carefully	a selective school	choosy
senator	noun	gov_elections	🏛️	/ˈsenətə/	thượng nghị sĩ	a member of a senate	a US senator	—
sensation	noun	emo_pos	✨	/senˈseɪʃən/	cảm giác; sự náo động	a feeling; great excitement	a burning sensation	feeling
sensitivity	noun	q_virtue	🌸	/ˌsensɪˈtɪvəti/	sự nhạy cảm	understanding others' feelings; reacting easily	sensitivity to light	—
sentiment	noun	emo_pos	💭	/ˈsentɪmənt/	tình cảm; quan điểm	a feeling or opinion	public sentiment	feeling
separation	noun	people	💔	/ˌsepəˈreɪʃən/	sự chia cách; li thân	being apart	separation from family	division
serial	adjective	adj_time	🔢	/ˈsɪəriəl/	nối tiếp; hàng loạt	happening one after another	a serial number	—
set-up	noun	work_teamwork	⚙️	/ˈsetʌp/	cách bố trí	the way something is organised	the office set-up	arrangement
settlement	noun	abs_social	🤝	/ˈsetəlmənt/	sự dàn xếp; khu định cư	an agreement; a place where people live	reach a settlement	agreement
shareholder	noun	econ_money	📈	/ˈʃeəhəʊldə/	cổ đông	a person who owns shares in a company	a meeting of shareholders	stockholder
shatter	verb	v_hands	💥	/ˈʃætə/	vỡ tan	to break into small pieces	The glass shattered.	smash
shed	verb	v_hands	🍂	/ʃed/	rụng; loại bỏ	to let something fall off; to get rid of	Trees shed their leaves.	drop
sheer	adjective	m_degree	🧗	/ʃɪə/	tuyệt đối; dốc đứng	complete; very steep	sheer luck	pure
shipping	noun	econ_industry	🚢	/ˈʃɪpɪŋ/	vận chuyển hàng hoá	sending goods	free shipping	delivery
shrink	verb	v_down	📉	/ʃrɪŋk/	co lại	to become smaller	My shirt shrank in the wash.	contract
shrug	verb	v_move	🤷	/ʃrʌɡ/	nhún vai	to raise your shoulders to show you don't know	He just shrugged.	—
sigh	verb, noun	v_move	😮‍💨	/saɪ/	thở dài	to breathe out loudly	She sighed with relief.	—
simulate	verb	tech	🎮	/ˈsɪmjəleɪt/	mô phỏng	to create conditions like real ones	simulate a flight	imitate
simulation	noun	tech	🎮	/ˌsɪmjəˈleɪʃən/	sự mô phỏng	a model of a real situation	a computer simulation	model
simultaneously	adverb	adv_way	⏱️	/ˌsɪməlˈteɪniəsli/	đồng thời	at the same time	They spoke simultaneously.	at once
sin	noun	religion	🍎	/sɪn/	tội lỗi	a wrong act against religious rules	a sin against God	wrongdoing
sketch	noun	arts_art	✏️	/sketʃ/	bản phác thảo	a quick drawing	a pencil sketch	drawing
slam	verb	v_hands	🚪	/slæm/	đóng sầm	to shut hard and loudly	She slammed the door.	bang
slap	verb	v_hands	✋	/slæp/	tát	to hit with an open hand	She slapped his face.	smack
slash	verb	v_down	✂️	/slæʃ/	cắt giảm mạnh; rạch	to reduce greatly; to cut	Prices were slashed.	cut
slavery	noun	soc_rights	⛓️	/ˈsleɪvəri/	chế độ nô lệ	owning people as property	the abolition of slavery	—
slot	noun	tech	🎰	/slɒt/	khe; khung giờ	a narrow opening; a time for something	a coin slot	opening
smash	verb	v_hands	💥	/smæʃ/	đập vỡ	to break violently	He smashed the window.	shatter
snap	verb	v_hands	🫰	/snæp/	gãy tách; cáu gắt	to break suddenly; to speak angrily	The branch snapped.	break
soak	verb	v_hands	🛁	/səʊk/	ngâm; làm ướt sũng	to make very wet	Soak the beans overnight.	drench
soar	verb	v_up	🦅	/sɔː/	tăng vọt; bay vút	to rise quickly; to fly high	Prices soared.	rocket
socialist	adjective	gov_state	🚩	/ˈsəʊʃəlɪst/	xã hội chủ nghĩa	based on socialism	a socialist country	—
sole	adjective	m_degree	☝️	/səʊl/	duy nhất	only	the sole survivor	only
solely	adverb	adv_way	☝️	/ˈsəʊlli/	chỉ, duy nhất	only	solely responsible	only
solicitor	noun	crime_court	⚖️	/səˈlɪsɪtə/	luật sư tư vấn	a lawyer who gives legal advice	Contact your solicitor.	lawyer
solidarity	noun	soc_rights	✊	/ˌsɒlɪˈdærəti/	sự đoàn kết	support between people	in solidarity with the workers	unity
solo	adjective, noun	arts_stage	🎸	/ˈsəʊləʊ/	đơn ca; một mình	done alone	a guitar solo	alone
sovereignty	noun	gov_diplomacy	🏳️	/ˈsɒvrɪnti/	chủ quyền	a country's right to govern itself	national sovereignty	independence
spam	noun	tech	📧	/spæm/	thư rác	unwanted emails	delete spam	junk mail
span	verb, noun	m_amount	🌉	/spæn/	kéo dài; khoảng	to last over a period; a length of time	a career spanning 30 years	period
spark	verb	v_up	⚡	/spɑːk/	châm ngòi	to cause something to start	The news sparked protests.	trigger
specialized	adjective	work_teamwork	🎯	/ˈspeʃəlaɪzd/	chuyên biệt	for a particular purpose	specialized training	specialist
specification	noun	tech	📋	/ˌspesɪfɪˈkeɪʃən/	thông số kĩ thuật	a detailed description	technical specifications	—
specimen	noun	science	🧪	/ˈspesɪmən/	mẫu vật	a sample for testing	a blood specimen	sample
spectacle	noun	arts_stage	🎆	/ˈspektəkəl/	cảnh tượng	an impressive show	a stunning spectacle	display
spectrum	noun	science	🌈	/ˈspektrəm/	quang phổ; phạm vi	a range of colours or ideas	the political spectrum	range
sphere	noun	science	🔵	/sfɪə/	hình cầu; lĩnh vực	a ball shape; an area of activity	the political sphere	globe
spin	verb, noun	v_hands	🌀	/spɪn/	quay tròn	to turn round quickly	The wheel spins.	rotate
spine	noun	health_body	🦴	/spaɪn/	cột sống	the backbone	an injury to his spine	backbone
spotlight	noun	media	🔦	/ˈspɒtlaɪt/	ánh đèn sân khấu; tâm điểm	a strong light; public attention	in the spotlight	attention
spouse	noun	people	💍	/spaʊs/	vợ/chồng	a husband or wife	your spouse	partner
squad	noun	sport	👥	/skwɒd/	đội	a group of players or police	the national squad	team
squeeze	verb	v_hands	🍋	/skwiːz/	vắt, bóp	to press hard	squeeze a lemon	press
stab	verb	crime_acts	🔪	/stæb/	đâm	to push a knife into	He was stabbed in the arm.	—
stability	noun	m_chance	⚖️	/stəˈbɪləti/	sự ổn định	being steady	political stability	steadiness
stabilize	verb	v_up	⚖️	/ˈsteɪbɪlaɪz/	ổn định	to make steady	Prices have stabilized.	steady
stake	noun	econ_money	🎲	/steɪk/	cổ phần; điều bị đe doạ	a share in a business; something at risk	at stake	share
standing	adjective	abs_social	🧍	/ˈstændɪŋ/	thường trực	permanent	a standing order	permanent
stark	adjective	adj_nature	⬛	/stɑːk/	rõ rệt; trơ trụi	very clear; plain	a stark contrast	sharp
statistical	adjective	res_method	📊	/stəˈtɪstɪkəl/	thuộc thống kê	relating to statistics	statistical analysis	—
steer	verb	v_hands	🚗	/stɪə/	lái; định hướng	to control the direction	steer the conversation	guide
stem	noun, verb	environment	🌿	/stem/	thân cây; bắt nguồn	the main part of a plant; to come from	stem from a problem	stalk
stereotype	noun	soc_rights	🏷️	/ˈsteriətaɪp/	khuôn mẫu, định kiến	a fixed idea about a group	a gender stereotype	cliché
stimulus	noun	science	⚡	/ˈstɪmjələs/	tác nhân kích thích	something that causes a reaction	an economic stimulus	incentive
storage	noun	tech	📦	/ˈstɒrɪdʒ/	sự lưu trữ	keeping things	storage space	—
straightforward	adjective	adj_judge	➡️	/ˌstreɪtˈfɔːwəd/	đơn giản; thẳng thắn	easy; honest	a straightforward task	simple
strain	noun	health_illness	😫	/streɪn/	sự căng thẳng; căng cơ	pressure; injury to a muscle	under strain	stress
strand	noun	m_amount	🧵	/strænd/	sợi; khía cạnh	a single thread; a part of something	a strand of hair	thread
strategic	adjective	work_teamwork	♟️	/strəˈtiːdʒɪk/	mang tính chiến lược	relating to a plan	a strategic decision	planned
striking	adjective	opinions_pos	⚡	/ˈstraɪkɪŋ/	nổi bật	very noticeable	a striking resemblance	remarkable
strip	noun	m_amount	📏	/strɪp/	dải	a long narrow piece	a strip of paper	band
strip	verb	v_hands	🧥	/strɪp/	bóc, lột bỏ	to remove a layer or clothes	strip off the old paint	remove
strive	verb	v_mind	🧗	/straɪv/	nỗ lực	to try very hard	strive for success	try
structural	adjective	city_build	🏗️	/ˈstrʌktʃərəl/	thuộc cấu trúc	relating to structure	structural damage	—
stumble	verb	v_move	🥴	/ˈstʌmbəl/	vấp ngã	to almost fall	She stumbled on the stairs.	trip
stun	verb	emo_neg	😲	/stʌn/	làm choáng váng	to shock greatly	We were stunned by the news.	shock
submission	noun	education	📩	/səbˈmɪʃən/	sự nộp bài; sự khuất phục	handing in; giving in	the deadline for submission	—
subscriber	noun	media	📰	/səbˈskraɪbə/	người đăng kí	a person who pays for a regular service	YouTube subscribers	member
subscription	noun	media	💳	/səbˈskrɪpʃən/	sự đăng kí (trả phí)	paying for a regular service	a magazine subscription	—
subsidy	noun	econ_money	💵	/ˈsʌbsɪdi/	trợ cấp	money given by the government	farm subsidies	grant
substantial	adjective	m_degree	📈	/səbˈstænʃəl/	đáng kể	large	a substantial amount of money	considerable
substantially	adverb	adv_way	📈	/səbˈstænʃəli/	một cách đáng kể	greatly	Prices rose substantially.	considerably
substitute	noun, verb	abs_change	🔄	/ˈsʌbstɪtjuːt/	vật thay thế; thay thế	a replacement; to use instead	a sugar substitute	replacement
substitution	noun	abs_change	🔄	/ˌsʌbstɪˈtjuːʃən/	sự thay thế	replacing	the substitution of machines for workers	replacement
subtle	adjective	adj_nature	🌫️	/ˈsʌtəl/	tinh tế	not obvious	a subtle difference	slight
suburban	adjective	city_home	🏡	/səˈbɜːbən/	thuộc ngoại ô	relating to the suburbs	a suburban house	—
succession	noun	abs_change	🔢	/səkˈseʃən/	chuỗi liên tiếp; sự kế vị	a series; taking over a position	a succession of failures	series
successive	adjective	adj_time	🔢	/səkˈsesɪv/	liên tiếp	following one after another	three successive wins	consecutive
successor	noun	work_staff	➡️	/səkˈsesə/	người kế nhiệm	a person who takes over	his successor as CEO	heir
suck	verb	v_hands	🥤	/sʌk/	hút	to pull liquid into your mouth	suck through a straw	—
sue	verb	crime_court	⚖️	/suː/	kiện	to take legal action against	She sued the company.	take to court
suicide	noun	health_care	🎗️	/ˈsuːɪsaɪd/	sự tự tử	the act of killing yourself	Schools are running programmes on suicide prevention.	—
suite	noun	city_home	🛏️	/swiːt/	dãy phòng; bộ	a set of rooms; a set of things	a hotel suite	—
summit	noun	gov_diplomacy	⛰️	/ˈsʌmɪt/	hội nghị thượng đỉnh; đỉnh núi	a meeting of leaders; the top of a mountain	the G7 summit	peak
superb	adjective	opinions_pos	🌟	/suːˈpɜːb/	tuyệt vời	excellent	a superb meal	excellent
superior	adjective	opinions_pos	🥇	/suːˈpɪəriə/	vượt trội	better	superior quality	better
supervise	verb	work_staff	👀	/ˈsuːpəvaɪz/	giám sát	to watch over work	supervise the students	oversee
supervision	noun	work_staff	👀	/ˌsuːpəˈvɪʒən/	sự giám sát	watching over	under supervision	oversight
supervisor	noun	work_staff	🧑‍💼	/ˈsuːpəvaɪzə/	người giám sát	a person who supervises	my supervisor	manager
supplement	noun, verb	health_care	💊	/ˈsʌplɪmənt/	thực phẩm bổ sung; bổ sung	something added	vitamin supplements	addition
supportive	adjective	q_virtue	🤗	/səˈpɔːtɪv/	ủng hộ	giving help	supportive parents	helpful
supposedly	adverb	adv_way	🤷	/səˈpəʊzədli/	được cho là	as believed	a supposedly safe area	allegedly
suppress	verb	v_social	🤐	/səˈpres/	đàn áp; kìm nén	to stop by force; to hold back	suppress a laugh	restrain
supreme	adjective	adj_judge	👑	/səˈpriːm/	tối cao	highest	the Supreme Court	highest
surge	noun, verb	v_up	🌊	/sɜːdʒ/	sự tăng vọt	a sudden increase	a surge in demand	rise
surgical	adjective	health_care	🩺	/ˈsɜːdʒɪkəl/	thuộc phẫu thuật	relating to surgery	a surgical mask	—
surplus	noun	econ_money	➕	/ˈsɜːpləs/	thặng dư	an amount more than needed	a trade surplus	excess
surrender	verb	war_fight	🏳️	/səˈrendə/	đầu hàng	to give up fighting	The soldiers surrendered.	give up
surveillance	noun	crime_police	📹	/səˈveɪləns/	sự giám sát	watching people closely	surveillance cameras	monitoring
suspension	noun	abs_change	⏸️	/səˈspenʃən/	sự đình chỉ	stopping for a time	suspension from school	—
suspicion	noun	crime_acts	🕵️	/səˈspɪʃən/	sự nghi ngờ	a feeling that something is wrong	arrested on suspicion of theft	doubt
suspicious	adjective	crime_acts	🤨	/səˈspɪʃəs/	đáng ngờ; nghi ngờ	making you think something is wrong	a suspicious package	—
sustain	verb	v_up	🌱	/səˈsteɪn/	duy trì; chịu (tổn thương)	to keep going; to suffer	sustain growth	maintain
sword	noun	war_fight	🗡️	/sɔːd/	thanh kiếm	a long sharp weapon	a sword fight	blade
symbolic	adjective	arts_art	🕊️	/sɪmˈbɒlɪk/	mang tính biểu tượng	representing something	a symbolic gesture	—
syndrome	noun	health_illness	🩺	/ˈsɪndrəʊm/	hội chứng	a set of symptoms	Down's syndrome	condition
synthesis	noun	res_ideas	⚗️	/ˈsɪnθɪsɪs/	sự tổng hợp	combining things into one	a synthesis of ideas	combination
systematic	adjective	res_method	📋	/ˌsɪstəˈmætɪk/	có hệ thống	done according to a plan	a systematic approach	methodical
tactic	noun	war_fight	♟️	/ˈtæktɪk/	chiến thuật	a planned method	a clever tactic	strategy
tactical	adjective	war_fight	♟️	/ˈtæktɪkəl/	thuộc chiến thuật	relating to tactics	a tactical move	strategic
taxpayer	noun	econ_money	🧾	/ˈtækspeɪə/	người nộp thuế	a person who pays tax	taxpayers' money	—
tempt	verb	v_social	🍩	/tempt/	cám dỗ	to make someone want something	I'm tempted to go.	lure
tenant	noun	city_home	🏠	/ˈtenənt/	người thuê nhà	a person who rents a property	The tenants pay monthly.	renter
tender	adjective	q_virtue	🤲	/ˈtendə/	dịu dàng; mềm	gentle; soft	a tender touch	gentle
tenure	noun	work_staff	📅	/ˈtenjə/	nhiệm kì	the time in a job	during his tenure	term
terminate	verb	v_down	⛔	/ˈtɜːmɪneɪt/	chấm dứt	to end	terminate a contract	end
terrain	noun	environment	⛰️	/təˈreɪn/	địa hình	land and its features	rough terrain	landscape
testify	verb	crime_court	🙋	/ˈtestɪfaɪ/	làm chứng	to give evidence in court	She testified against him.	give evidence
testimony	noun	crime_court	🗣️	/ˈtestɪməni/	lời khai	a statement in court	witness testimony	evidence
texture	noun	arts_art	🧶	/ˈtekstʃə/	kết cấu	how something feels	a smooth texture	feel
thankfully	adverb	adv_way	🙏	/ˈθæŋkfəli/	may thay	luckily	Thankfully, nobody was hurt.	fortunately
theatrical	adjective	arts_stage	🎭	/θiˈætrɪkəl/	thuộc sân khấu; điệu bộ	relating to theatre; exaggerated	a theatrical performance	dramatic
theology	noun	religion	📖	/θiˈɒlədʒi/	thần học	the study of religion	a degree in theology	—
theoretical	adjective	res_ideas	📐	/θiəˈretɪkəl/	thuộc lí thuyết	based on theory	theoretical physics	abstract
thereafter	adverb	adv_link	➡️	/ˌðeəˈrɑːftə/	sau đó	after that	Shortly thereafter, he left.	afterwards
thereby	adverb	adv_link	➡️	/ˌðeəˈbaɪ/	nhờ đó	as a result of this	He trained hard, thereby improving his speed.	thus
thought-provoking	adjective	opinions_pos	💡	/ˈθɔːtprəˌvəʊkɪŋ/	gợi suy nghĩ	making you think	a thought-provoking film	stimulating
thoughtful	adjective	q_virtue	💭	/ˈθɔːtfəl/	chu đáo; trầm tư	kind; thinking deeply	a thoughtful gift	considerate
thread	noun	m_amount	🧵	/θred/	sợi chỉ; mạch	a thin string; a line of ideas	a needle and thread	strand
threshold	noun	m_degree	🚪	/ˈθreʃəʊld/	ngưỡng	a level; a doorway	a pain threshold	limit
thrilled	adjective	emo_pos	🤩	/θrɪld/	rất vui sướng	very excited and pleased	I'm thrilled with the result.	delighted
thrive	verb	v_up	🌿	/θraɪv/	phát triển mạnh	to grow well	Plants thrive in sunlight.	flourish
tide	noun	environment	🌊	/taɪd/	thuỷ triều	the rise and fall of the sea	high tide	current
tighten	verb	v_up	🔩	/ˈtaɪtən/	siết chặt	to make tighter	tighten security	secure
timber	noun	environment	🪵	/ˈtɪmbə/	gỗ xây dựng	wood for building	timber houses	wood
timely	adjective	adj_judge	⏰	/ˈtaɪmli/	đúng lúc	happening at the right time	a timely reminder	well-timed
tobacco	noun	health_illness	🚬	/təˈbækəʊ/	thuốc lá	dried leaves for smoking	the tobacco industry	—
tolerance	noun	q_virtue	🤝	/ˈtɒlərəns/	sự khoan dung; sức chịu đựng	accepting differences; ability to bear	religious tolerance	acceptance
tolerate	verb	v_social	🤝	/ˈtɒləreɪt/	chịu đựng; dung thứ	to accept something you dislike	I won't tolerate lying.	put up with
toll	noun	city_build	🛣️	/təʊl/	phí cầu đường; thiệt hại	money paid to use a road; loss	a road toll	fee
torture	noun, verb	crime_acts	⛓️	/ˈtɔːtʃə/	tra tấn	causing great pain on purpose	He was tortured.	—
toss	verb	v_hands	🪙	/tɒs/	tung, ném	to throw lightly	toss a coin	throw
toxic	adjective	environment	☠️	/ˈtɒksɪk/	độc hại	poisonous	toxic waste	poisonous
trademark	noun	econ_business	™️	/ˈtreɪdmɑːk/	nhãn hiệu	a registered brand name	a registered trademark	brand
trail	noun, verb	environment	🥾	/treɪl/	đường mòn; dấu vết; tụt lại	a path; to follow; to be behind	a mountain trail	path
trailer	noun	media	🎞️	/ˈtreɪlə/	đoạn giới thiệu phim; rơ moóc	a short preview of a film; a vehicle pulled by another	the movie trailer	preview
transaction	noun	econ_business	💳	/trænˈzækʃən/	giao dịch	buying or selling	an online transaction	deal
transcript	noun	education	📝	/ˈtrænskrɪpt/	bản ghi; bảng điểm	a written copy of speech; a record of grades	the interview transcript	record
transformation	noun	abs_change	🦋	/ˌtrænsfəˈmeɪʃən/	sự biến đổi	a complete change	a digital transformation	change
transit	noun	city_build	🚉	/ˈtrænzɪt/	sự vận chuyển; quá cảnh	moving people or goods	public transit	transport
transmission	noun	tech	📡	/trænzˈmɪʃən/	sự truyền tải	sending something	the transmission of data	broadcast
transparency	noun	gov_state	🔍	/trænˈspærənsi/	sự minh bạch	openness	transparency in government	openness
transparent	adjective	adj_nature	🔍	/trænˈspærənt/	trong suốt; minh bạch	able to be seen through; open	transparent glass	clear
trauma	noun	health_illness	🤕	/ˈtrɔːmə/	chấn thương tâm lí	a very upsetting experience	the trauma of war	shock
treaty	noun	gov_diplomacy	📜	/ˈtriːti/	hiệp ước	a formal agreement between countries	a peace treaty	agreement
tremendous	adjective	m_degree	🐘	/trɪˈmendəs/	to lớn	very great	a tremendous effort	huge
tribal	adjective	soc_community	🪶	/ˈtraɪbəl/	thuộc bộ lạc	relating to a tribe	tribal culture	—
tribunal	noun	crime_court	⚖️	/traɪˈbjuːnəl/	toà án đặc biệt	a special court	an international tribunal	court
tribute	noun	abs_social	💐	/ˈtrɪbjuːt/	sự tưởng nhớ, tôn vinh	something that shows respect	pay tribute to	homage
trio	noun	arts_stage	🎻	/ˈtriːəʊ/	bộ ba	a group of three	a jazz trio	threesome
triumph	noun	abs_change	🏆	/ˈtraɪəmf/	chiến thắng vẻ vang	a great victory	a triumph of science	victory
trophy	noun	sport	🏆	/ˈtrəʊfi/	cúp	a prize for winning	win the trophy	cup
troubled	adjective	emo_neg	😟	/ˈtrʌbəld/	lo âu; nhiều rắc rối	worried; having problems	a troubled teenager	worried
trustee	noun	econ_money	🗝️	/trʌsˈtiː/	người được uỷ thác	a person who manages property for others	a board of trustees	—
tuition	noun	education	📚	/tjuːˈɪʃən/	học phí; sự giảng dạy	money paid for teaching; teaching	tuition fees	teaching
turnout	noun	gov_elections	🗳️	/ˈtɜːnaʊt/	số người tham gia	the number of people who come or vote	a high voter turnout	attendance
turnover	noun	econ_business	💹	/ˈtɜːnəʊvə/	doanh thu; tỉ lệ nghỉ việc	money a business takes; the rate staff leave	an annual turnover of $1 million	revenue
twist	verb, noun	v_hands	🌀	/twɪst/	xoắn; bước ngoặt	to turn; an unexpected change	a twist in the story	turn
undergraduate	noun	education	🎓	/ˌʌndəˈɡrædʒuət/	sinh viên đại học	a student studying for a first degree	an undergraduate course	student
underlying	adjective	adj_kind	🧱	/ˌʌndəˈlaɪɪŋ/	cơ bản, tiềm ẩn	real but not obvious	the underlying cause	basic
undermine	verb	v_down	⛏️	/ˌʌndəˈmaɪn/	làm suy yếu	to weaken gradually	undermine confidence	weaken
undoubtedly	adverb	adv_way	✅	/ʌnˈdaʊtɪdli/	chắc chắn	certainly	It was undoubtedly a mistake.	certainly
unify	verb	v_social	🤝	/ˈjuːnɪfaɪ/	thống nhất	to join together	unify the country	unite
unprecedented	adjective	adj_time	🆕	/ʌnˈpresɪdentɪd/	chưa từng có	never happened before	an unprecedented crisis	unparalleled
unveil	verb	media	🎉	/ʌnˈveɪl/	ra mắt; khánh thành	to show publicly for the first time	unveil a new product	reveal
upcoming	adjective	adj_time	📅	/ˈʌpkʌmɪŋ/	sắp tới	happening soon	the upcoming election	forthcoming
upgrade	verb, noun	tech	⬆️	/ʌpˈɡreɪd/	nâng cấp	to improve	upgrade your phone	improve
uphold	verb	gov_law	⚖️	/ʌpˈhəʊld/	duy trì; giữ nguyên	to support or keep	uphold the law	maintain
utility	noun	city_home	💡	/juːˈtɪləti/	tiện ích công cộng	a service like water or electricity	utility bills	—
utilize	verb	v_handle	🔧	/ˈjuːtɪlaɪz/	sử dụng	to use	utilize resources	use
utterly	adverb	adv_way	💯	/ˈʌtəli/	hoàn toàn	completely	utterly exhausted	completely
vacuum	noun	science	🌀	/ˈvækjuːm/	chân không; máy hút bụi	a space with no air; a cleaner	a vacuum cleaner	—
vague	adjective	adj_kind	🌫️	/veɪɡ/	mơ hồ	not clear	a vague answer	unclear
validity	noun	res_method	✅	/vəˈlɪdəti/	tính hợp lệ	being valid	the validity of the results	legitimacy
vanish	verb	v_down	🫥	/ˈvænɪʃ/	biến mất	to disappear	The plane vanished.	disappear
variable	noun, adjective	res_method	🎚️	/ˈveəriəbəl/	biến số; hay thay đổi	something that can change	variable weather	changeable
varied	adjective	adj_kind	🌈	/ˈveərɪd/	đa dạng	different	a varied diet	diverse
vein	noun	health_body	🩸	/veɪn/	tĩnh mạch	a tube carrying blood to the heart	blood veins	—
venture	noun, verb	econ_business	🚀	/ˈventʃə/	dự án kinh doanh mạo hiểm; mạo hiểm	a risky business; to go somewhere risky	a joint venture	enterprise
verbal	adjective	speak_state	🗣️	/ˈvɜːbəl/	bằng lời nói	spoken	verbal abuse	spoken
verdict	noun	crime_court	⚖️	/ˈvɜːdɪkt/	phán quyết	a decision in court	a guilty verdict	judgement
verify	verb	res_method	✅	/ˈverɪfaɪ/	xác minh	to check that something is true	verify your identity	confirm
verse	noun	arts_art	📜	/vɜːs/	thơ; đoạn thơ	poetry; part of a song	the second verse	stanza
versus	preposition	sport	🆚	/ˈvɜːsəs/	đấu với	against	Vietnam versus Thailand	against
vessel	noun	econ_industry	🚢	/ˈvesəl/	tàu; mạch máu	a ship; a tube in the body	a fishing vessel	ship
veteran	noun	war_fight	🎖️	/ˈvetərən/	cựu chiến binh; người kì cựu	a former soldier; an experienced person	a war veteran	—
viable	adjective	adj_judge	✅	/ˈvaɪəbəl/	khả thi	able to work	a viable plan	feasible
vibrant	adjective	opinions_pos	🎉	/ˈvaɪbrənt/	sôi động	full of life	a vibrant city	lively
vice	noun	work_staff	🧑‍💼	/vaɪs/	phó; thói xấu	deputy; a bad habit	vice president	—
vicious	adjective	opinions_neg	🐺	/ˈvɪʃəs/	hung ác	violent and cruel	a vicious attack	cruel
villager	noun	people	🏡	/ˈvɪlɪdʒə/	dân làng	a person who lives in a village	the local villagers	—
violate	verb	crime_acts	🚫	/ˈvaɪəleɪt/	vi phạm	to break a rule	violate the law	break
violation	noun	crime_acts	🚫	/ˌvaɪəˈleɪʃən/	sự vi phạm	breaking a rule	a human rights violation	breach
virtue	noun	q_virtue	😇	/ˈvɜːtʃuː/	đức tính	a good quality	Patience is a virtue.	goodness
vocal	adjective	speak_state	🎤	/ˈvəʊkəl/	thuộc giọng; lên tiếng mạnh mẽ	relating to the voice; expressing opinions openly	a vocal critic	outspoken
vow	verb	speak_react	🤞	/vaʊ/	thề	to promise seriously	She vowed to return.	swear
vulnerability	noun	m_chance	🛡️	/ˌvʌlnərəˈbɪləti/	điểm yếu, sự dễ tổn thương	being easily hurt	security vulnerabilities	weakness
vulnerable	adjective	adj_judge	🥚	/ˈvʌlnərəbəl/	dễ bị tổn thương	easily hurt	vulnerable children	at risk
ward	noun	health_care	🏥	/wɔːd/	khu (bệnh viện); phường	a room in a hospital; an area of a city	the children's ward	—
warehouse	noun	econ_industry	🏭	/ˈweəhaʊs/	nhà kho	a large building for storing goods	a storage warehouse	storehouse
warfare	noun	war_fight	⚔️	/ˈwɔːfeə/	chiến tranh	fighting a war	modern warfare	war
warrant	noun, verb	crime_police	📜	/ˈwɒrənt/	lệnh (bắt, khám); biện minh	an official document for police; to justify	an arrest warrant	—
warrior	noun	war_fight	🛡️	/ˈwɒriə/	chiến binh	a brave fighter	a great warrior	fighter
weaken	verb	v_down	📉	/ˈwiːkən/	làm suy yếu	to make weaker	The illness weakened him.	undermine
weave	verb	arts_art	🧶	/wiːv/	dệt	to make cloth by crossing threads	weave a basket	—
weed	noun	environment	🌿	/wiːd/	cỏ dại	an unwanted wild plant	pull up the weeds	—
well-being	noun	health_care	🌻	/ˌwelˈbiːɪŋ/	sự khoẻ mạnh, hạnh phúc	health and happiness	mental well-being	welfare
whatsoever	adverb	adv_way	🚫	/ˌwɒtsəʊˈevə/	chút nào	at all	no doubt whatsoever	at all
whereby	adverb	adv_link	🔗	/ˌweəˈbaɪ/	nhờ đó, theo đó	by which	a system whereby students help each other	—
whilst	conjunction	adv_link	⏳	/waɪlst/	trong khi	while	Whilst I agree, I have doubts.	while
whip	verb	v_hands	🥄	/wɪp/	đánh (trứng, kem); quất	to beat cream or eggs; to hit with a whip	whip the cream	beat
wholly	adverb	adv_way	💯	/ˈhəʊli/	hoàn toàn	completely	wholly responsible	entirely
widen	verb	v_up	↔️	/ˈwaɪdən/	mở rộng	to make wider	widen the road	broaden
widow	noun	people	🖤	/ˈwɪdəʊ/	goá phụ	a woman whose husband has died	a young widow	—
width	noun	m_amount	↔️	/wɪdθ/	chiều rộng	how wide something is	the width of the room	breadth
willingness	noun	q_virtue	🙋	/ˈwɪlɪŋnɪs/	sự sẵn lòng	being ready to do something	a willingness to learn	readiness
wipe	verb	v_hands	🧽	/waɪp/	lau	to clean by rubbing	wipe the table	clean
wit	noun	q_virtue	😄	/wɪt/	sự dí dỏm	clever humour	a sharp wit	humour
withdrawal	noun	abs_change	🏧	/wɪðˈdrɔːəl/	sự rút lui; việc rút tiền	taking back or out	a cash withdrawal	removal
worship	noun, verb	religion	🙏	/ˈwɜːʃɪp/	sự thờ cúng; thờ phụng	showing respect to a god	a place of worship	—
worthwhile	adjective	opinions_pos	👍	/ˌwɜːθˈwaɪl/	đáng giá	worth doing	a worthwhile experience	valuable
worthy	adjective	opinions_pos	🏅	/ˈwɜːði/	xứng đáng	deserving	a worthy winner	deserving
yell	verb	speak_react	🗣️	/jel/	la hét	to shout loudly	Don't yell at me!	shout
yield	noun, verb	econ_money	🌾	/jiːld/	sản lượng; mang lại; nhường	an amount produced; to produce; to give way	a high yield	produce
youngster	noun	people	🧒	/ˈjʌŋstə/	người trẻ, thanh thiếu niên	a young person	local youngsters	youth
