word	pos	group	emoji	ipa	vi	en	ex	syn
able	adjective	good_bad	💪	/ˈeɪbəl/	có thể, có khả năng	having the skill or chance to do something	She was able to swim when she was five.	capable
accident	noun	health	🚑	/ˈæksɪdənt/	tai nạn	something bad that happens by chance and often hurts someone	He broke his arm in a car accident.	crash
accommodation	noun	holidays	🏨	/əˌkɒməˈdeɪʃən/	chỗ ở	a place to live or stay, such as a hotel room	We found cheap accommodation near the beach.	lodging, housing
across	preposition, adverb	place	↔️	/əˈkrɒs/	băng qua, sang bên kia	from one side to the other side of something	We walked across the bridge.	over
act	verb	film_tv	🎭	/ækt/	đóng vai, diễn xuất	to perform a part in a play or film	She wants to act in a Hollywood film.	perform
action	adjective	film_tv	💥	/ˈækʃən/	(phim) hành động	full of exciting events, fighting or chases	My brother loves action films.	—
activity	noun	free_time	🧗	/ækˈtɪvəti/	hoạt động	something that you do for fun or interest	The hotel offers many activities for children.	pastime
actor	noun	film_tv	🎬	/ˈæktə/	diễn viên	a person whose job is to act in plays or films	He is my favourite actor.	performer
actually	adverb	linking	💬	/ˈæktʃuəli/	thật ra, thực sự	used to say what is really true	I thought he was French, but actually he is Italian.	in fact, really
adult	noun, adjective	family_members	🧑	/ˈædʌlt/	người lớn	a person who is fully grown	Tickets cost £10 for adults and £5 for children.	grown-up
advanced	adjective	school_life	📈	/ədˈvɑːnst/	nâng cao, trình độ cao	at a high level	She is in the advanced English class.	high-level
adventure	noun	free_time	🗺️	/ədˈventʃə/	cuộc phiêu lưu	an exciting and unusual experience	Our trip to the jungle was a real adventure.	—
advertisement	noun	news	📢	/ədˈvɜːtɪsmənt/	quảng cáo	a picture, film or text that tries to make people buy something	I saw an advertisement for a new phone.	ad, advert
advice	noun	personality	💡	/ədˈvaɪs/	lời khuyên	an opinion about what someone should do	My teacher gave me some good advice.	tip, suggestion
aeroplane	noun	vehicles	✈️	/ˈeərəpleɪn/	máy bay	a vehicle with wings that flies	The aeroplane landed at ten o'clock.	plane
afterwards	adverb	frequency	⏭️	/ˈɑːftəwədz/	sau đó	after something else has happened	We had lunch and afterwards we went for a walk.	later, then
aged	adjective	appearance	🔢	/eɪdʒd/	ở độ tuổi	having a particular age	The course is for children aged 10 to 16.	—
ago	adverb	when	⏪	/əˈɡəʊ/	trước đây	before now	I moved here three years ago.	before
agree	verb	verbs_think	🤝	/əˈɡriː/	đồng ý	to have the same opinion as someone	I agree with you.	—
air	noun	world	🌬️	/eə/	không khí	the gas around us that we breathe	The mountain air is very fresh.	—
airport	noun	stations	🛫	/ˈeəpɔːt/	sân bay	a place where planes land and take off	We arrived at the airport two hours early.	—
alarm clock	noun	appliances	⏰	/əˈlɑːm klɒk/	đồng hồ báo thức	a clock that makes a noise to wake you up	My alarm clock rings at six every morning.	—
album	noun	music	💿	/ˈælbəm/	album (nhạc, ảnh)	a collection of songs, or a book for photos	Their new album comes out next week.	record
allow	verb	verbs_do	✅	/əˈlaʊ/	cho phép	to let someone do something	My parents allow me to stay up late at weekends.	let, permit
almost	adverb	manner	🔜	/ˈɔːlməʊst/	gần như, hầu như	nearly but not completely	It's almost ten o'clock.	nearly
alone	adjective, adverb	feelings_bad	🧍	/əˈləʊn/	một mình	without other people	She lives alone in a small flat.	by yourself
already	adverb	frequency	✔️	/ɔːlˈredi/	đã, rồi	before now or earlier than expected	I have already finished my homework.	—
also	adverb	linking	➕	/ˈɔːlsəʊ/	cũng	in addition	She speaks French and also Spanish.	too, as well
amazed	adjective	feelings_good	😲	/əˈmeɪzd/	kinh ngạc	very surprised	I was amazed by how big the city was.	astonished
amazing	adjective	opinions	🤩	/əˈmeɪzɪŋ/	tuyệt vời, đáng kinh ngạc	very surprising and good	The view from the top was amazing.	wonderful, incredible
ambulance	noun	health	🚑	/ˈæmbjələns/	xe cứu thương	a vehicle that takes sick or hurt people to hospital	Call an ambulance!	—
anymore	adverb	frequency	🚫	/ˌeniˈmɔː/	không… nữa	no longer	She doesn't live here anymore.	any longer
anyway	adverb	linking	🔀	/ˈeniweɪ/	dù sao đi nữa	used to change the subject or continue a story	Anyway, let's talk about the party.	—
anywhere	adverb	place	📍	/ˈeniweə/	bất cứ đâu	in or to any place	You can sit anywhere you like.	—
apartment building	noun	rooms	🏙️	/əˈpɑːtmənt bɪldɪŋ/	toà chung cư	a large building with many apartments	Our apartment building has a lift.	block of flats
appointment	noun	health	📅	/əˈpɔɪntmənt/	cuộc hẹn	an arrangement to see someone at a certain time	I have a dentist appointment at three.	—
April	noun	calendar	🌷	/ˈeɪprəl/	tháng Tư	the fourth month of the year	My birthday is in April.	—
area	noun	streets	🗺️	/ˈeəriə/	khu vực	a part of a place, town or country	We live in a quiet area of the city.	district, zone
arrive	verb	stations	🛬	/əˈraɪv/	đến nơi	to reach a place	The train arrives at 6.30.	reach, get to
art	noun	subjects	🎨	/ɑːt/	nghệ thuật, mĩ thuật	paintings, drawings and other beautiful things people make	Art is my favourite subject.	—
article	noun	news	📰	/ˈɑːtɪkəl/	bài báo	a piece of writing in a newspaper or magazine	I read an interesting article about space.	story
artist	noun	jobs	👩‍🎨	/ˈɑːtɪst/	nghệ sĩ, hoạ sĩ	a person who paints, draws or makes art	Picasso was a famous artist.	painter
as well	adverb	linking	➕	/əz ˈwel/	cũng	also	I'd like a coffee, and a cake as well.	too, also
assistant	noun	workplace	🧑‍💼	/əˈsɪstənt/	trợ lí	a person who helps someone in their work	The shop assistant helped me find a bag.	helper
attractive	adjective	appearance	😍	/əˈtræktɪv/	hấp dẫn, ưa nhìn	pleasant to look at	She is a very attractive woman.	good-looking, pretty
August	noun	calendar	☀️	/ˈɔːɡəst/	tháng Tám	the eighth month of the year	We go on holiday in August.	—
autumn	noun	calendar	🍂	/ˈɔːtəm/	mùa thu	the season between summer and winter	The leaves turn brown in autumn.	fall
available	adjective	shops	🟢	/əˈveɪləbəl/	có sẵn, còn trống	able to be bought, used or reached	Are there any rooms available tonight?	free
away	adverb	place	🏃	/əˈweɪ/	đi xa, cách xa	to or at another place	The beach is two kilometres away.	—
awesome	adjective	opinions	🤘	/ˈɔːsəm/	tuyệt vời	very good or exciting	The concert was awesome!	great, amazing
awful	adjective	opinions	🤢	/ˈɔːfəl/	tồi tệ, kinh khủng	very bad	The weather was awful yesterday.	terrible, horrible
backpack	noun	accessories	🎒	/ˈbækpæk/	ba lô	a bag you carry on your back	I put my books in my backpack.	rucksack
bake	verb	cooking	🧁	/beɪk/	nướng (bánh)	to cook food like bread or cakes in an oven	My mum bakes a cake every Sunday.	—
bank	noun	buildings	🏦	/bæŋk/	ngân hàng	a place where people keep their money	I changed my money in a bank.	—
barbecue	noun	cooking	🍖	/ˈbɑːbɪkjuː/	tiệc nướng ngoài trời	a meal where food is cooked outside over a fire	We had a barbecue in the garden.	BBQ
bathing suit	noun	clothes	🩱	/ˈbeɪðɪŋ suːt/	đồ bơi	clothes you wear for swimming	Don't forget your bathing suit.	swimsuit
bathtub	noun	furniture	🛁	/ˈbɑːθtʌb/	bồn tắm	a long container you fill with water to wash your body	The bathtub is full of water.	bath
battery	noun	devices	🔋	/ˈbætəri/	pin	an object that gives power to phones, toys, etc.	My phone battery is almost dead.	—
become	verb	verbs_do	🦋	/bɪˈkʌm/	trở thành	to begin to be something	She wants to become a doctor.	get, turn into
beetle	noun	small_sea	🪲	/ˈbiːtəl/	bọ cánh cứng	an insect with a hard shiny back	There's a black beetle on the floor.	—
begin	verb	verbs_do	▶️	/bɪˈɡɪn/	bắt đầu	to start	The film begins at eight.	start
beginner	noun	school_life	🔰	/bɪˈɡɪnə/	người mới bắt đầu	someone who is starting to learn something	This class is for beginners.	learner
beginning	noun	when	🌅	/bɪˈɡɪnɪŋ/	sự bắt đầu, phần đầu	the first part of something	I didn't see the beginning of the film.	start
believe	verb	verbs_think	🙏	/bɪˈliːv/	tin	to think something is true	I don't believe his story.	trust
belong	verb	verbs_have	🏷️	/bɪˈlɒŋ/	thuộc về	to be owned by someone	This book belongs to Sarah.	—
belt	noun	accessories	🪢	/belt/	thắt lưng	a strip of leather or cloth worn around the waist	These trousers need a belt.	—
bicycle	noun	vehicles	🚲	/ˈbaɪsɪkəl/	xe đạp	a vehicle with two wheels that you ride by pushing pedals	I ride my bicycle to school.	bike
bin	noun	appliances	🗑️	/bɪn/	thùng rác	a container for rubbish	Put the paper in the bin.	rubbish bin
biology	noun	subjects	🧬	/baɪˈɒlədʒi/	môn sinh học	the study of living things	We learned about plants in biology.	—
birth	noun	friends_events	🍼	/bɜːθ/	sự ra đời	the time when a baby is born	Write your date of birth here.	—
bit	noun	size	🤏	/bɪt/	một chút, mẩu nhỏ	a small piece or amount	Can I have a bit of your chocolate?	piece
blackboard	noun	school_things	🧑‍🏫	/ˈblækbɔːd/	bảng đen	a dark board teachers write on with chalk	The teacher wrote the date on the blackboard.	board
block	noun	buildings	🏢	/blɒk/	toà nhà lớn; khu phố	a large building with flats or offices	I live in a block of flats.	building
blog	noun	internet	💻	/blɒɡ/	blog, nhật kí mạng	a website where someone writes about their life or ideas	She writes a blog about travel.	—
blood	noun	health	🩸	/blʌd/	máu	the red liquid inside your body	There was blood on his knee.	—
blouse	noun	clothes	👚	/blaʊz/	áo sơ mi nữ	a shirt for women	She's wearing a white blouse.	shirt
boil	verb	cooking	♨️	/bɔɪl/	đun sôi, luộc	to heat liquid until it bubbles, or to cook food in it	Boil the water for the tea.	—
boiled	adjective	cooking	🥚	/bɔɪld/	được luộc	cooked in very hot water	I had a boiled egg for breakfast.	—
bookshelf	noun	furniture	📚	/ˈbʊkʃelf/	giá sách	a shelf for keeping books on	Put the dictionary back on the bookshelf.	bookcase
boot	noun	accessories	🥾	/buːt/	giày ống, bốt	a shoe that covers your foot and part of your leg	Wear your boots — it's muddy.	—
bored	adjective	feelings_bad	🥱	/bɔːd/	chán	tired and unhappy because nothing is interesting	I'm bored. Let's go out.	fed up
born	verb	friends_events	👶	/bɔːn/	được sinh ra	to start life	I was born in 2005.	—
borrow	verb	verbs_have	🤲	/ˈbɒrəʊ/	mượn	to take something and give it back later	Can I borrow your pen?	—
boss	noun	workplace	👔	/bɒs/	ông chủ, sếp	the person who is in charge at work	My boss is very kind.	manager
bother	verb	verbs_do	😣	/ˈbɒðə/	làm phiền	to annoy someone or interrupt them	Sorry to bother you, but where is the station?	disturb
boyfriend	noun	friends_events	💑	/ˈbɔɪfrend/	bạn trai	a man or boy someone is having a romantic relationship with	Her boyfriend is a student.	—
bracelet	noun	accessories	📿	/ˈbreɪslɪt/	vòng tay	jewellery you wear around your wrist	She wears a silver bracelet.	—
brain	noun	health	🧠	/breɪn/	bộ não	the organ inside your head that you think with	The brain controls the body.	—
break down	phrasal verb	phrasal	🚗	/ˌbreɪk ˈdaʊn/	bị hỏng (xe, máy)	to stop working	Our car broke down on the motorway.	—
bridge	noun	streets	🌉	/brɪdʒ/	cây cầu	a structure that goes over a river or road	We drove across the bridge.	—
bring back	verb	phrasal	↩️	/ˌbrɪŋ ˈbæk/	mang trả lại	to return something	Please bring back my book tomorrow.	return
broken	adjective	good_bad	💔	/ˈbrəʊkən/	bị vỡ, bị hỏng	damaged, in pieces, or not working	My phone is broken.	damaged
brush	noun, verb	appliances	🪥	/brʌʃ/	bàn chải; chải	a tool with hairs for cleaning or painting	Brush your teeth before bed.	—
business	noun	workplace	💼	/ˈbɪznɪs/	kinh doanh, doanh nghiệp	the work of buying and selling, or a company	My uncle has his own business.	company
businessman	noun	jobs	👨‍💼	/ˈbɪznɪsmæn/	doanh nhân (nam)	a man who works in business	He is a successful businessman.	—
businesswoman	noun	jobs	👩‍💼	/ˈbɪznɪswʊmən/	nữ doanh nhân	a woman who works in business	My aunt is a businesswoman.	—
butter	noun	dishes	🧈	/ˈbʌtə/	bơ	a yellow food made from milk	I put butter on my toast.	—
butterfly	noun	small_sea	🦋	/ˈbʌtəflaɪ/	con bướm	an insect with large, colourful wings	A butterfly flew into the garden.	—
cabinet	noun	furniture	🗄️	/ˈkæbɪnɪt/	tủ có ngăn	a piece of furniture with shelves and doors	The glasses are in the kitchen cabinet.	cupboard
cafe	noun	buildings	☕	/ˈkæfeɪ/	quán cà phê	a small restaurant for drinks and simple food	Let's meet at the cafe.	coffee shop
cafeteria	noun	meals	🍽️	/ˌkæfəˈtɪəriə/	căng tin, nhà ăn tự phục vụ	a restaurant where you take your own food	We eat lunch in the school cafeteria.	canteen
calendar	noun	calendar	📆	/ˈkælɪndə/	lịch	a list of the days, weeks and months of a year	I wrote the date on my calendar.	—
camel	noun	wild_animals	🐫	/ˈkæməl/	con lạc đà	a large desert animal with one or two humps	We rode a camel in the desert.	—
camp	verb	free_time	⛺	/kæmp/	cắm trại	to stay in a tent for a holiday	We camped by the lake.	—
camping	noun	free_time	🏕️	/ˈkæmpɪŋ/	việc cắm trại	living in a tent on holiday	We go camping every summer.	—
campsite	noun	free_time	🏕️	/ˈkæmpsaɪt/	khu cắm trại	a place where people stay in tents	The campsite is near the river.	—
candy	noun	sweets	🍬	/ˈkændi/	kẹo (tiếng Mỹ)	sweet food made from sugar	Children love candy.	sweets
cap	noun	accessories	🧢	/kæp/	mũ lưỡi trai	a soft hat with a hard part at the front	He always wears a baseball cap.	hat
capital	noun	countries	🏛️	/ˈkæpɪtəl/	thủ đô	the most important city in a country	Hanoi is the capital of Vietnam.	—
card	noun	money	💳	/kɑːd/	tấm thiệp; thẻ	a piece of stiff paper with a message, or a plastic card for paying	I sent her a birthday card.	—
career	noun	workplace	📈	/kəˈrɪə/	sự nghiệp	a job that you do for a long time	She wants a career in medicine.	profession
carpet	noun	furniture	🟥	/ˈkɑːpɪt/	thảm	a thick cloth that covers a floor	There is a red carpet in the living room.	rug
cartoon	noun	film_tv	📺	/kɑːˈtuːn/	phim hoạt hình	a film made with drawings	My little brother watches cartoons every morning.	animation
case	noun	stations	🧳	/keɪs/	va li; hộp đựng	a container, or a bag for clothes when you travel	I packed my case last night.	suitcase
cash	noun	money	💵	/kæʃ/	tiền mặt	money in coins or notes	Can I pay in cash?	money
castle	noun	buildings	🏰	/ˈkɑːsəl/	lâu đài	a large, strong building from long ago	We visited an old castle in Scotland.	—
ceiling	noun	rooms	🔝	/ˈsiːlɪŋ/	trần nhà	the top surface of a room	There's a spider on the ceiling.	—
celebrate	verb	friends_events	🥳	/ˈseləbreɪt/	kỉ niệm, ăn mừng	to do something special for an important day	We celebrated my birthday at a restaurant.	—
celebrity	noun	film_tv	🌟	/səˈlebrəti/	người nổi tiếng	a famous person	Lots of celebrities came to the party.	star
cell phone	noun	devices	📱	/ˈsel fəʊn/	điện thoại di động (tiếng Mỹ)	a phone you can carry with you	Turn off your cell phone in class.	mobile phone
cent	noun	money	🪙	/sent/	đồng xu (1/100 đô la, euro)	a small coin; there are 100 cents in a dollar or euro	It costs 50 cents.	—
centimetre	noun	numbers	📏	/ˈsentɪmiːtə/	xen-ti-mét	a unit for measuring length; 100 centimetres make a metre	The table is 80 centimetres high.	cm
century	noun	when	💯	/ˈsentʃəri/	thế kỉ	a period of 100 years	This house is from the 18th century.	—
cereal	noun	dishes	🥣	/ˈsɪəriəl/	ngũ cốc (ăn sáng)	food made from grain, often eaten with milk for breakfast	I have cereal for breakfast.	—
certainly	adverb	linking	💯	/ˈsɜːtənli/	chắc chắn	without any doubt	It will certainly rain tomorrow.	definitely, surely
chain	noun	accessories	⛓️	/tʃeɪn/	dây chuyền, sợi xích	a line of metal rings joined together	She wears a gold chain around her neck.	—
channel	noun	film_tv	📺	/ˈtʃænəl/	kênh (truyền hình)	a TV station	What's on the other channel?	—
character	noun	film_tv	🧙	/ˈkærɪktə/	nhân vật	a person in a book, film or play	Harry Potter is my favourite character.	—
chat	noun, verb	messages	💬	/tʃæt/	trò chuyện	a friendly talk, or messages online	We had a long chat on the phone.	talk
chatroom	noun	internet	🗨️	/ˈtʃætruːm/	phòng chat	a place online where people send messages to each other	I met him in a chatroom.	—
cheap	adjective	shops	🏷️	/tʃiːp/	rẻ	not costing much money	This T-shirt was really cheap.	inexpensive
check	verb	verbs_think	✅	/tʃek/	kiểm tra	to look at something to see if it is right	Check your answers before you finish.	—
chef	noun	jobs	👨‍🍳	/ʃef/	đầu bếp	a person whose job is to cook in a restaurant	The chef cooked a delicious meal.	cook
chemistry	noun	subjects	⚗️	/ˈkemɪstri/	môn hoá học	the study of what things are made of	We did an experiment in chemistry.	—
cheque	noun	money	📝	/tʃek/	séc	a printed paper you use to pay money from your bank	He paid by cheque.	check
chess	noun	games	♟️	/tʃes/	cờ vua	a board game for two players	Do you know how to play chess?	—
chilli	noun	fruit_veg	🌶️	/ˈtʃɪli/	ớt	a small, very hot vegetable	This curry has a lot of chilli in it.	pepper
chopsticks	noun	meals	🥢	/ˈtʃɒpstɪks/	đũa	two thin sticks for eating	Can you eat with chopsticks?	—
city centre	noun	streets	🏙️	/ˌsɪti ˈsentə/	trung tâm thành phố	the main part of a city	There are lots of shops in the city centre.	downtown
classical	adjective	music	🎻	/ˈklæsɪkəl/	(nhạc) cổ điển	traditional and serious in style, like music by Mozart	She listens to classical music.	—
cleaner	noun	jobs	🧹	/ˈkliːnə/	người dọn dẹp	a person whose job is to clean buildings	The cleaner comes every morning.	—
clear	adjective	qualities	🔍	/klɪə/	rõ ràng; trong	easy to understand or see through	The instructions are very clear.	obvious
clearly	adverb	manner	🗣️	/ˈklɪəli/	một cách rõ ràng	in a way that is easy to see, hear or understand	Please speak clearly.	—
click	verb, noun	internet	🖱️	/klɪk/	nhấp chuột	to press a button on a computer mouse	Click on the link to open the page.	—
climbing	noun	exercise	🧗	/ˈklaɪmɪŋ/	môn leo núi	the sport of going up rocks or mountains	Climbing is my favourite hobby.	—
closet	noun	furniture	🚪	/ˈklɒzɪt/	tủ quần áo (tiếng Mỹ)	a small room or cupboard for clothes	Hang your coat in the closet.	wardrobe
club	noun	free_time	♣️	/klʌb/	câu lạc bộ	a group of people who meet to do an activity	I joined the school chess club.	—
coach	noun	competition	📣	/kəʊtʃ/	huấn luyện viên	a person who trains a sports team	Our coach is very strict.	trainer
coach	noun	vehicles	🚌	/kəʊtʃ/	xe khách	a comfortable bus for long journeys	We went to London by coach.	bus
coast	noun	landscape	🏝️	/kəʊst/	bờ biển	the land next to the sea	We drove along the coast.	seaside, shore
cola	noun	meals	🥤	/ˈkəʊlə/	nước cô-la	a sweet brown fizzy drink	Can I have a cola, please?	—
colleague	noun	workplace	🧑‍🤝‍🧑	/ˈkɒliːɡ/	đồng nghiệp	a person you work with	My colleagues are very helpful.	co-worker
collect	verb	games	🗃️	/kəˈlekt/	sưu tầm; thu thập	to get things of the same type and keep them	He collects stamps.	gather
college	noun	school_life	🎓	/ˈkɒlɪdʒ/	trường cao đẳng, đại học	a place where people study after school	My sister goes to college.	university
comb	noun	hygiene	🪮	/kəʊm/	cái lược	a flat tool with thin teeth for making hair tidy	I need a comb for my hair.	—
come back	verb	verbs_action	🔙	/ˌkʌm ˈbæk/	quay lại	to return	I'll come back tomorrow.	return
comedy	noun	film_tv	😂	/ˈkɒmədi/	phim hài, hài kịch	a funny film or play	We watched a comedy last night.	—
comfortable	adjective	furniture	🛋️	/ˈkʌmftəbəl/	thoải mái, êm ái	nice to sit in, wear or be in	This sofa is very comfortable.	cosy
company	noun	workplace	🏢	/ˈkʌmpəni/	công ty	a business that sells things or services	She works for a big company.	business, firm
competition	noun	competition	🏆	/ˌkɒmpɪˈtɪʃən/	cuộc thi	an event where people try to win	I won a drawing competition.	contest
concert	noun	music	🎤	/ˈkɒnsət/	buổi hoà nhạc	a performance of music	We went to a rock concert.	gig
congratulations	exclamation	polite	🎉	/kənˌɡrætʃəˈleɪʃənz/	chúc mừng	something you say when someone has done well	Congratulations on your new job!	well done
contact	verb, noun	messages	📇	/ˈkɒntækt/	liên lạc	to phone, write or email someone	You can contact me by email.	get in touch
continue	verb	verbs_do	⏩	/kənˈtɪnjuː/	tiếp tục	to keep doing something	Please continue reading.	go on
conversation	noun	messages	🗣️	/ˌkɒnvəˈseɪʃən/	cuộc trò chuyện	a talk between two or more people	We had a long conversation.	chat, talk
cooker	noun	appliances	🔥	/ˈkʊkə/	bếp (nấu)	a machine for cooking food	Put the pan on the cooker.	stove
cooking	noun	cooking	🍲	/ˈkʊkɪŋ/	việc nấu nướng	making food	I love cooking.	—
copy	verb	reading_writing	📄	/ˈkɒpi/	sao chép, chép lại	to write or make something the same as something else	Copy the words into your notebook.	—
corner	noun	streets	📐	/ˈkɔːnə/	góc (phố, phòng)	the place where two streets or walls meet	The bank is on the corner.	—
cost	verb, noun	money	💰	/kɒst/	trị giá; chi phí	to have a certain price	How much does this bag cost?	price
costume	noun	clothes	🎭	/ˈkɒstjuːm/	trang phục (hoá trang)	special clothes you wear to look like someone else	She wore a cat costume to the party.	outfit
course	noun	school_life	📚	/kɔːs/	khoá học	a set of lessons	I'm doing an English course.	class
court	noun	competition	🎾	/kɔːt/	sân (tennis, bóng rổ)	an area for playing some sports	The tennis court is behind the school.	—
cover	verb, noun	verbs_action	🫕	/ˈkʌvə/	che, phủ; cái nắp	to put something over something	Cover the pot with a lid.	—
cream	noun	sweets	🍦	/kriːm/	kem sữa	the thick part of milk	Do you want cream with your strawberries?	—
creature	noun	wild_animals	🐙	/ˈkriːtʃə/	sinh vật	any living animal	There are strange creatures in the sea.	animal
credit card	noun	money	💳	/ˈkredɪt kɑːd/	thẻ tín dụng	a plastic card you use to pay and pay later	Can I pay by credit card?	—
cricket	noun	competition	🏏	/ˈkrɪkɪt/	môn cricket	a game played with a bat and ball by two teams of eleven	Cricket is popular in England and India.	—
crossing	noun	directions	🦓	/ˈkrɒsɪŋ/	lối qua đường	a place where people can cross a road safely	Use the crossing near the school.	crosswalk
crowd	noun	streets	👥	/kraʊd/	đám đông	a large group of people	There was a big crowd at the match.	—
crowded	adjective	streets	🚇	/ˈkraʊdɪd/	đông đúc	full of people	The train was very crowded.	busy, packed
crown	noun	appearance	👑	/kraʊn/	vương miện	a gold circle a king or queen wears on the head	The queen wore a beautiful crown.	—
curry	noun	dishes	🍛	/ˈkʌri/	món cà ri	a spicy dish from South Asia	I love chicken curry.	—
curtain	noun	furniture	🪟	/ˈkɜːtən/	rèm cửa	a piece of cloth that covers a window	Close the curtains, please.	—
customer	noun	shops	🛍️	/ˈkʌstəmə/	khách hàng	a person who buys things from a shop	The shop was full of customers.	shopper, client
cut	verb	verbs_action	✂️	/kʌt/	cắt	to make something into pieces with a knife or scissors	Cut the paper in half.	—
cycle	verb	exercise	🚴	/ˈsaɪkəl/	đạp xe	to ride a bicycle	I cycle to work every day.	ride
cycling	noun	exercise	🚴	/ˈsaɪklɪŋ/	môn đạp xe	the sport or activity of riding a bicycle	Cycling is good exercise.	—
daily	adjective, adverb	when	📅	/ˈdeɪli/	hằng ngày	happening every day	I read the daily newspaper.	every day
dancer	noun	shows	🩰	/ˈdɑːnsə/	vũ công	a person who dances, often as a job	She is a ballet dancer.	—
dancing	noun	free_time	🕺	/ˈdɑːnsɪŋ/	việc nhảy múa	moving to music as a hobby	I go dancing on Friday nights.	—
danger	noun	health	⚠️	/ˈdeɪndʒə/	sự nguy hiểm	the chance that something bad will happen	"The sign says ""Danger! Deep water""."	risk
dark	adjective	qualities	🌑	/dɑːk/	tối; (màu) đậm	with little or no light	It gets dark early in winter.	—
date	noun	calendar	📅	/deɪt/	ngày tháng	a particular day of the month or year	What's the date today?	—
dead	adjective	world	🥀	/ded/	chết	not living	The flowers are dead.	—
dear	adjective	messages	✉️	/dɪə/	thân mến (mở đầu thư)	used at the start of a letter	Dear Anna, thank you for your letter.	—
December	noun	calendar	🎄	/dɪˈsembə/	tháng Mười Hai	the twelfth month of the year	Christmas is in December.	—
decide	verb	verbs_think	🤔	/dɪˈsaɪd/	quyết định	to choose what to do	We decided to go to the beach.	choose
deep	adjective	size	🌊	/diːp/	sâu	going a long way down	The lake is very deep.	—
degree	noun	weather	🌡️	/dɪˈɡriː/	độ (nhiệt độ)	a unit for measuring temperature	It's 30 degrees today.	—
delay	noun, verb	stations	⏳	/dɪˈleɪ/	sự chậm trễ; làm chậm	a time when something happens later than planned	There was a two-hour delay at the airport.	—
delayed	adjective	stations	🕒	/dɪˈleɪd/	bị hoãn, bị trễ	happening later than planned	Our flight was delayed.	late
delicious	adjective	cooking	😋	/dɪˈlɪʃəs/	ngon	tasting very good	This soup is delicious!	tasty
deliver	verb	shops	🚚	/dɪˈlɪvə/	giao hàng	to take something to a person or place	They deliver pizza to your home.	bring
department	noun	workplace	🏢	/dɪˈpɑːtmənt/	phòng ban; gian hàng	a part of a company, school or shop	She works in the sales department.	section
department store	noun	shops	🏬	/dɪˈpɑːtmənt stɔː/	cửa hàng bách hoá	a large shop that sells many kinds of things	I bought this coat in a department store.	—
describe	verb	verbs_think	🗣️	/dɪˈskraɪb/	miêu tả	to say what someone or something is like	Can you describe the man you saw?	—
desert	noun	landscape	🏜️	/ˈdezət/	sa mạc	a large, hot, dry area of sand	The Sahara is the biggest hot desert.	—
design	verb, noun	workplace	✏️	/dɪˈzaɪn/	thiết kế; bản thiết kế	to plan how something will look or work	She designs clothes for a famous company.	—
dessert	noun	sweets	🍮	/dɪˈzɜːt/	món tráng miệng	sweet food eaten at the end of a meal	We had ice cream for dessert.	pudding
details	noun	learning	🔎	/ˈdiːteɪlz/	chi tiết	small facts or pieces of information	Write your personal details on the form.	information
diary	noun	messages	📔	/ˈdaɪəri/	nhật kí; sổ lịch	a book where you write what happens each day, or your plans	I write in my diary every night.	journal
dictionary	noun	school_things	📕	/ˈdɪkʃənəri/	từ điển	a book that explains what words mean	Look up the word in your dictionary.	—
die	verb	world	🥀	/daɪ/	chết	to stop living	Plants die without water.	—
digital	adjective	devices	🔢	/ˈdɪdʒɪtəl/	kĩ thuật số	using computers and electronic information	I prefer a digital watch.	—
digital camera	noun	devices	📸	/ˌdɪdʒɪtəl ˈkæmərə/	máy ảnh kĩ thuật số	a camera that stores photos electronically	I took these photos with my digital camera.	—
dinosaur	noun	wild_animals	🦖	/ˈdaɪnəsɔː/	khủng long	a large animal that lived millions of years ago	My son loves dinosaurs.	—
diploma	noun	exams	📜	/dɪˈpləʊmə/	bằng tốt nghiệp, văn bằng	a document that shows you have finished a course	She got her diploma last year.	certificate
directions	noun	directions	🧭	/daɪˈrekʃənz/	chỉ đường	instructions that tell you how to get somewhere	Can you give me directions to the station?	—
disco	noun	shows	🪩	/ˈdɪskəʊ/	vũ trường, sàn nhảy	a place or party where people dance to pop music	We went to a disco on Saturday.	club
discount	noun	shops	🏷️	/ˈdɪskaʊnt/	sự giảm giá	a lower price than usual	Students get a 10% discount.	reduction
discover	verb	verbs_think	🔎	/dɪˈskʌvə/	khám phá, phát hiện	to find something for the first time	Who discovered America?	find
discuss	verb	learning	🗣️	/dɪˈskʌs/	thảo luận	to talk about something with other people	We discussed the problem in class.	talk about
dish	noun	meals	🍲	/dɪʃ/	món ăn; cái đĩa	food prepared in a particular way, or a plate	Pho is a famous Vietnamese dish.	—
dive	verb	water_winter	🤿	/daɪv/	lặn; nhảy lao đầu xuống nước	to jump into water head first, or swim under water	He dived into the pool.	—
diving	noun	water_winter	🤿	/ˈdaɪvɪŋ/	môn lặn	the sport of swimming under water	We went diving in the Red Sea.	—
document	noun	internet	📄	/ˈdɒkjəmənt/	tài liệu, văn bản	a piece of paper or computer file with information	Save the document before you close it.	file
dollar	noun	money	💵	/ˈdɒlə/	đô la	money used in the USA and some other countries	It costs ten dollars.	—
dot	noun	messages	⚫	/dɒt/	dấu chấm	a small round mark; used in email and web addresses	My email is anna dot smith at gmail dot com.	point
download	verb, noun	internet	⬇️	/ˈdaʊnləʊd/	tải xuống	to copy information from the internet to your computer	I downloaded a new game.	—
drawer	noun	furniture	🗃️	/ˈdrɔːə/	ngăn kéo	a box in a piece of furniture that slides in and out	My socks are in the top drawer.	—
dressed	adjective	clothes	👔	/drest/	đã mặc quần áo	wearing clothes	Hurry up and get dressed!	—
drum	noun	music	🥁	/drʌm/	cái trống	a musical instrument you hit with sticks	He plays the drums in a band.	—
eagle	noun	small_sea	🦅	/ˈiːɡəl/	chim đại bàng	a large, strong bird that hunts small animals	An eagle flew over the mountain.	—
early	adjective, adverb	time_of_day	🐓	/ˈɜːli/	sớm	before the usual or planned time	I get up early on weekdays.	—
earn	verb	workplace	💰	/ɜːn/	kiếm (tiền)	to get money for work	She earns a lot of money.	make
earring	noun	accessories	💎	/ˈɪərɪŋ/	khuyên tai	jewellery you wear on your ear	She lost one of her earrings.	—
easily	adverb	manner	👌	/ˈiːzɪli/	một cách dễ dàng	without difficulty	He passed the test easily.	—
east	noun, adjective, adverb	directions	➡️	/iːst/	phía đông	the direction where the sun comes up	The sun rises in the east.	—
electric	adjective	appliances	⚡	/ɪˈlektrɪk/	chạy bằng điện	using electricity	My dad has an electric car.	—
electricity	noun	appliances	🔌	/ɪˌlekˈtrɪsəti/	điện	power used for lights, machines, etc.	The electricity went off during the storm.	power
empty	adjective	size	🫙	/ˈempti/	trống rỗng	with nothing inside	The fridge is empty.	—
engine	noun	vehicles	⚙️	/ˈendʒɪn/	động cơ	the part of a vehicle that makes it move	The car's engine is making a strange noise.	motor
engineer	noun	jobs	👷	/ˌendʒɪˈnɪə/	kĩ sư	a person who designs or builds machines, roads, etc.	My mum is an engineer.	—
enter	verb	verbs_action	🚪	/ˈentə/	đi vào	to go into a place	Please knock before you enter.	go in
entrance	noun	buildings	🚪	/ˈentrəns/	lối vào	a door or gate where you go in	Meet me at the main entrance.	way in
envelope	noun	messages	✉️	/ˈenvələʊp/	phong bì	a paper cover for a letter	Put the letter in the envelope.	—
environment	noun	world	🌍	/ɪnˈvaɪrənmənt/	môi trường	the air, water and land around us	We must protect the environment.	nature
equipment	noun	competition	🎽	/ɪˈkwɪpmənt/	thiết bị, dụng cụ	the things you need for an activity	The gym has lots of new equipment.	—
especially	adverb	manner	⭐	/ɪˈspeʃəli/	đặc biệt là	more than usual or more than others	I love fruit, especially mangoes.	particularly
euro	noun	money	💶	/ˈjʊərəʊ/	đồng euro	the money used in many European countries	The ticket costs twenty euros.	—
even	adverb	manner	😮	/ˈiːvən/	thậm chí	used to show something is surprising	Even my grandma likes this song.	—
event	noun	shows	🎪	/ɪˈvent/	sự kiện	something important or special that happens	The concert was the biggest event of the year.	occasion
ever	adverb	frequency	❓	/ˈevə/	đã từng	at any time	Have you ever been to Japan?	—
everywhere	adverb	place	🌐	/ˈevriweə/	khắp nơi	in or to all places	I looked everywhere for my keys.	—
exactly	adverb	manner	🎯	/ɪɡˈzæktli/	chính xác	completely correct	It's exactly three o'clock.	precisely
exam	noun	exams	📝	/ɪɡˈzæm/	kì thi	an important test	I have a maths exam tomorrow.	test, examination
excellent	adjective	opinions	🏅	/ˈeksələnt/	xuất sắc	very good	Your English is excellent.	great, brilliant
excited	adjective	feelings_good	🤩	/ɪkˈsaɪtɪd/	hào hứng, phấn khích	very happy about something that will happen	I'm so excited about the holiday!	—
excuse	verb	polite	🙇	/ɪkˈskjuːz/	xin lỗi, thứ lỗi (Excuse me)	used to get attention politely or to say sorry	Excuse me, where is the toilet?	—
exercise	noun, verb	hygiene	🏋️	/ˈeksəsaɪz/	bài tập; tập thể dục	physical activity to stay healthy, or a piece of school work	Do exercise three times a week.	work out
exhibition	noun	shows	🖼️	/ˌeksɪˈbɪʃən/	cuộc triển lãm	a show of paintings or objects for the public	We went to a photo exhibition.	show
exit	noun	buildings	🚪	/ˈeɡzɪt/	lối ra	the door or way out of a place	Where is the exit?	way out
expensive	adjective	shops	💎	/ɪkˈspensɪv/	đắt	costing a lot of money	This watch is too expensive.	dear, costly
experience	noun	workplace	🧭	/ɪkˈspɪəriəns/	kinh nghiệm; trải nghiệm	knowledge from doing something; something that happens to you	Do you have any experience of teaching?	—
experiment	noun	learning	🧪	/ɪkˈsperɪmənt/	thí nghiệm	a scientific test	We did an experiment in the science lab.	test
explain	verb	learning	🧑‍🏫	/ɪkˈspleɪn/	giải thích	to make something clear	Can you explain this word to me?	—
explore	verb	holidays	🧭	/ɪkˈsplɔː/	khám phá	to travel around a place to learn about it	We explored the old town.	—
explorer	noun	holidays	🧭	/ɪkˈsplɔːrə/	nhà thám hiểm	a person who travels to new places to learn about them	Columbus was a famous explorer.	—
extinct	adjective	wild_animals	🦤	/ɪkˈstɪŋkt/	tuyệt chủng	no longer existing	Dinosaurs are extinct.	—
extra	adjective	qualities	➕	/ˈekstrə/	thêm, phụ	more than usual	Bring an extra jumper in case it's cold.	additional
fact	noun	learning	📌	/fækt/	sự thật, dữ kiện	something that is true	Here are some interesting facts about space.	—
factory	noun	workplace	🏭	/ˈfæktəri/	nhà máy	a building where things are made	My uncle works in a car factory.	plant
fail	verb	exams	❌	/feɪl/	trượt, thất bại	to not pass a test, or not succeed	He failed his driving test.	—
fall over	phrasal verb	phrasal	🤕	/ˌfɔːl ˈəʊvə/	ngã, té	to fall to the ground	She fell over and hurt her knee.	trip
fan	noun	competition	📣	/fæn/	người hâm mộ	a person who loves a team, singer, etc.	I'm a big fan of this band.	supporter
far	adverb	directions	🔭	/fɑː/	xa	a long way	Is the station far from here?	—
fashion	noun	clothes	👠	/ˈfæʃən/	thời trang	the popular style of clothes at a time	She's very interested in fashion.	style
fast	adjective, adverb	qualities	⚡	/fɑːst/	nhanh	quick	He's a fast runner.	quick
fast food	noun	dishes	🍟	/ˌfɑːst ˈfuːd/	đồ ăn nhanh	hot food like burgers that is served quickly	Too much fast food is bad for you.	—
February	noun	calendar	❄️	/ˈfebruəri/	tháng Hai	the second month of the year	February is the shortest month.	—
feel	verb	feelings_good	🫀	/fiːl/	cảm thấy	to have an emotion or a feeling in your body	I feel tired today.	—
feelings	noun	feelings_good	💞	/ˈfiːlɪŋz/	cảm xúc	emotions like happiness or anger	I didn't want to hurt her feelings.	emotions
festival	noun	shows	🎡	/ˈfestɪvəl/	lễ hội	a special event with music, films or celebrations	There's a music festival in the park.	—
file	noun	internet	🗂️	/faɪl/	tệp tin; tập hồ sơ	a collection of information on a computer	Save the file on your desktop.	document
fill	verb	verbs_action	🫗	/fɪl/	đổ đầy, làm đầy	to make something full	Fill the bottle with water.	—
fill in	phrasal verb	phrasal	📝	/ˌfɪl ˈɪn/	điền vào (mẫu đơn)	to write information in the spaces on a form	Please fill in this form.	complete
final	adjective	competition	🏁	/ˈfaɪnəl/	cuối cùng; trận chung kết	last	This is the final question.	last
finally	adverb	frequency	🏁	/ˈfaɪnəli/	cuối cùng	after a long time	We finally arrived at midnight.	at last
find out	phrasal verb	phrasal	💡	/ˌfaɪnd ˈaʊt/	tìm ra, phát hiện ra	to get information about something	I need to find out what time the train leaves.	discover, learn
finger	noun	health	☝️	/ˈfɪŋɡə/	ngón tay	one of the long parts at the end of your hand	I cut my finger.	—
finish	verb	verbs_do	🏁	/ˈfɪnɪʃ/	hoàn thành, kết thúc	to complete something	Have you finished your homework?	end, complete
fire	noun	world	🔥	/ˈfaɪə/	lửa, đám cháy	heat and flames from something burning	We sat around the fire.	—
fire engine	noun	vehicles	🚒	/ˈfaɪə endʒɪn/	xe cứu hoả	a big red vehicle that carries firefighters	The fire engine arrived quickly.	fire truck
fire station	noun	buildings	🚒	/ˈfaɪə steɪʃən/	trạm cứu hoả	a building where firefighters work	There's a fire station near my school.	—
first name	noun	appearance	🪪	/ˈfɜːst neɪm/	tên (gọi)	the name that comes before your family name	My first name is Linh.	given name
fit	adjective	hygiene	🏃	/fɪt/	khoẻ mạnh, cân đối	healthy and strong from exercise	She runs every day to keep fit.	healthy
flashlight	noun	appliances	🔦	/ˈflæʃlaɪt/	đèn pin (tiếng Mỹ)	a small light you carry	Take a flashlight, it's dark.	torch
flight	noun	stations	🛫	/flaɪt/	chuyến bay	a journey in a plane	Our flight leaves at nine.	—
fog	noun	weather	🌫️	/fɒɡ/	sương mù	thick cloud near the ground	The fog was so thick we couldn't see.	mist
foggy	adjective	weather	🌫️	/ˈfɒɡi/	có sương mù	with a lot of fog	It's foggy this morning.	misty
folder	noun	internet	📁	/ˈfəʊldə/	thư mục; bìa hồ sơ	a place on a computer to keep files, or a cover for papers	Put the photos in a new folder.	—
follow	verb	verbs_do	👣	/ˈfɒləʊ/	đi theo; theo dõi (mạng xã hội)	to go behind someone, or to see someone's posts online	Follow me! / I follow her on Instagram.	—
footballer	noun	competition	⚽	/ˈfʊtbɔːlə/	cầu thủ bóng đá	a person who plays football, often as a job	He wants to be a footballer.	football player
for sale	noun	shops	🪧	/fə ˈseɪl/	để bán	available to buy	This house is for sale.	—
foreign	adjective	countries	🌐	/ˈfɒrɪn/	nước ngoài	from another country	Do you speak any foreign languages?	—
forget	verb	verbs_think	🤦	/fəˈɡet/	quên	to not remember	Don't forget your umbrella.	—
fork	noun	meals	🍴	/fɔːk/	cái nĩa	a tool with points used for eating	Use your knife and fork.	—
form	noun	messages	📋	/fɔːm/	mẫu đơn	a paper with spaces to write information	Fill in this form, please.	—
free	adjective, adverb	money	🆓	/friː/	miễn phí; rảnh rỗi	costing nothing, or not busy	Entry to the museum is free.	—
fresh	adjective	cooking	🥬	/freʃ/	tươi	recently made, picked or bought	I love fresh bread.	—
fridge	noun	appliances	🧊	/frɪdʒ/	tủ lạnh	a machine that keeps food cold	Put the milk in the fridge.	refrigerator
fried	adjective	cooking	🍳	/fraɪd/	chiên, rán	cooked in hot oil	I'd like fried rice, please.	—
friendly	adjective	personality	😊	/ˈfrendli/	thân thiện	kind and pleasant	The people here are very friendly.	kind
front	noun	size	⬆️	/frʌnt/	phía trước	the part that faces forward	Let's sit at the front.	—
full	adjective	size	🈵	/fʊl/	đầy; no	with no more space; having eaten enough	The bus was full. / I'm full, thanks.	—
fur	noun	wild_animals	🦊	/fɜː/	bộ lông thú	the thick hair that covers some animals	The cat has soft fur.	—
furniture	noun	furniture	🛋️	/ˈfɜːnɪtʃə/	đồ nội thất	things like chairs, tables and beds	We bought some new furniture.	—
furry	adjective	wild_animals	🐻	/ˈfɜːri/	có lông xù	covered with soft fur	The kitten is small and furry.	fluffy
further	adjective	qualities	➕	/ˈfɜːðə/	thêm; xa hơn	more, or more distant	For further information, visit our website.	more
future	noun	when	🔮	/ˈfjuːtʃə/	tương lai	the time that will come	What do you want to do in the future?	—
gallery	noun	buildings	🖼️	/ˈɡæləri/	phòng tranh, bảo tàng nghệ thuật	a building where people can see art	We visited the National Gallery.	museum
garage	noun	rooms	🚗	/ˈɡærɑːʒ/	nhà để xe; tiệm sửa xe	a building where you keep or repair cars	The car is in the garage.	—
garlic	noun	fruit_veg	🧄	/ˈɡɑːlɪk/	tỏi	a small vegetable with a strong taste and smell	Add some garlic to the sauce.	—
gate	noun	rooms	⛩️	/ɡeɪt/	cổng	a door in a fence or wall	Close the gate behind you.	—
geography	noun	subjects	🗺️	/dʒiˈɒɡrəfi/	môn địa lí	the study of countries, mountains, rivers, etc.	We learn about rivers in geography.	—
get back	verb	phrasal	🔙	/ˌɡet ˈbæk/	trở về	to return	What time did you get back?	return
get fit	verb	hygiene	💪	/ˌɡet ˈfɪt/	lấy lại vóc dáng khoẻ mạnh	to become healthy and strong	I want to get fit this year.	—
get married	verb	friends_events	💒	/ˌɡet ˈmærid/	kết hôn	to become husband and wife	They got married last summer.	marry
gift	noun	shops	🎁	/ɡɪft/	món quà	something you give to someone	This watch was a gift from my dad.	present
girlfriend	noun	friends_events	💑	/ˈɡɜːlfrend/	bạn gái	a woman or girl someone is having a romantic relationship with	He's going to the cinema with his girlfriend.	—
give back	verb	phrasal	↩️	/ˌɡɪv ˈbæk/	trả lại	to return something to its owner	Can you give me back my pen?	return
give someone a call	verb	phrasal	📞	/ˌɡɪv sʌmwʌn ə ˈkɔːl/	gọi điện cho ai	to phone someone	Give me a call when you get home.	ring, phone
glad	adjective	feelings_good	😊	/ɡlæd/	vui mừng	pleased and happy	I'm glad you came.	pleased, happy
glove	noun	accessories	🧤	/ɡlʌv/	găng tay	a piece of clothing for your hand	Wear gloves when it's cold.	—
glue	noun	school_things	🧴	/ɡluː/	keo dán	a sticky substance for joining things	Stick the picture on with glue.	—
go out	phrasal verb	phrasal	🌃	/ˌɡəʊ ˈaʊt/	đi chơi, ra ngoài	to leave your home to do something fun	Let's go out tonight.	—
gold	noun, adjective	colours	🥇	/ɡəʊld/	vàng (kim loại)	a valuable yellow metal	She wears a gold ring.	—
golden	adjective	colours	✨	/ˈɡəʊldən/	màu vàng óng	shiny yellow like gold	The beach has golden sand.	—
golf	noun	competition	⛳	/ɡɒlf/	môn golf	a game where you hit a small ball into holes	My dad plays golf at the weekend.	—
good-looking	adjective	appearance	😎	/ˌɡʊdˈlʊkɪŋ/	ưa nhìn, đẹp	attractive	He's a good-looking man.	handsome, attractive
grade	noun	exams	🅰️	/ɡreɪd/	điểm; lớp (khối)	a mark for school work, or a year at school	I got a good grade in maths.	mark
gram	noun	numbers	⚖️	/ɡræm/	gam	a unit for measuring weight	Add 200 grams of flour.	g
grandchild	noun	family_members	🧒	/ˈɡræntʃaɪld/	cháu (của ông bà)	a child of your son or daughter	They have five grandchildren.	—
granddad	noun	family_members	👴	/ˈɡrændæd/	ông (cách gọi thân mật)	grandfather	My granddad is 80.	grandpa
granny	noun	family_members	👵	/ˈɡræni/	bà (cách gọi thân mật)	grandmother	Granny knits me a scarf every winter.	grandma
grilled	adjective	cooking	🍢	/ɡrɪld/	nướng (vỉ)	cooked under or over strong heat	I'd like grilled fish, please.	—
group	noun	appearance	👥	/ɡruːp/	nhóm	a number of people or things together	Work in groups of three.	team
grow up	phrasal verb	phrasal	🧒	/ˌɡrəʊ ˈʌp/	lớn lên, trưởng thành	to change from a child into an adult	I grew up in a small village.	—
guess	verb	verbs_think	🤔	/ɡes/	đoán	to give an answer when you are not sure	Guess how old I am.	—
guest	noun	friends_events	🛎️	/ɡest/	khách	a person you invite to your home or event	We have guests for dinner tonight.	visitor
guest-house	noun	holidays	🏡	/ˈɡesthaʊs/	nhà nghỉ	a small, cheap hotel	We stayed in a guest-house by the sea.	—
guide	noun	holidays	🧑‍🏫	/ɡaɪd/	hướng dẫn viên	a person who shows tourists around	Our guide told us about the castle.	tour guide
guidebook	noun	holidays	📙	/ˈɡaɪdbʊk/	sách hướng dẫn du lịch	a book with information for tourists	The guidebook says the museum opens at 9.	—
guy	noun	appearance	🧑	/ɡaɪ/	anh chàng, gã	a man	He's a nice guy.	man
gym	noun	exercise	🏋️	/dʒɪm/	phòng tập thể hình	a place with equipment for exercise	I go to the gym after work.	—
half-price	adjective	shops	🏷️	/ˌhɑːfˈpraɪs/	nửa giá	costing half the usual price	These shoes were half-price.	—
happen	verb	verbs_do	❗	/ˈhæpən/	xảy ra	to take place	What happened to your leg?	occur
harbour	noun	stations	⚓	/ˈhɑːbə/	bến cảng	an area of water where boats stay safe	The boats are in the harbour.	port
hard	adjective, adverb	good_bad	🪨	/hɑːd/	cứng; khó; chăm chỉ	not soft; difficult; with effort	The exam was hard. / She works hard.	difficult
hate	verb	feelings_bad	😤	/heɪt/	ghét	to dislike very much	I hate getting up early.	dislike
headphones	noun	devices	🎧	/ˈhedfəʊnz/	tai nghe	things you wear over your ears to listen to music	I listen to music with headphones.	earphones
headteacher	noun	school_life	🧑‍🏫	/ˌhedˈtiːtʃə/	hiệu trưởng	the person in charge of a school	The headteacher spoke to the students.	head, principal
health	noun	health	🩺	/helθ/	sức khoẻ	how well or ill your body and mind are	Smoking is bad for your health.	—
healthy	adjective	health	🥗	/ˈhelθi/	khoẻ mạnh; lành mạnh	well, or good for your body	Eat healthy food.	well, fit
hear	verb	verbs_think	👂	/hɪə/	nghe thấy	to notice sounds with your ears	Can you hear me?	—
heart	noun	health	❤️	/hɑːt/	trái tim	the organ that pumps blood around your body	Exercise is good for your heart.	—
heating	noun	appliances	♨️	/ˈhiːtɪŋ/	hệ thống sưởi	a system that keeps a building warm	Turn on the heating, it's cold.	—
heavy	adjective	size	🏋️	/ˈhevi/	nặng	weighing a lot	This bag is too heavy.	—
helpful	adjective	personality	🤲	/ˈhelpfəl/	có ích, hay giúp đỡ	useful, or willing to help	The staff were very helpful.	useful
high	adjective	size	🏔️	/haɪ/	cao	a long way from the ground	The mountain is very high.	tall
hill	noun	landscape	⛰️	/hɪl/	đồi	a high area of land, smaller than a mountain	Our house is at the top of the hill.	—
hip hop	noun	music	🎧	/ˈhɪp hɒp/	nhạc hip hop	a type of music with rap and a strong beat	My brother loves hip hop.	rap
history	noun	subjects	🏛️	/ˈhɪstəri/	lịch sử	the study of past events	I'm interested in history.	—
honey	noun	sweets	🍯	/ˈhʌni/	mật ong	a sweet sticky food made by bees	I like honey on my toast.	—
hoodie	noun	clothes	🧥	/ˈhʊdi/	áo có mũ trùm	a top with a hood	He always wears a grey hoodie.	—
hope	verb	feelings_good	🤞	/həʊp/	hi vọng	to want something to happen	I hope you feel better soon.	wish
horrible	adjective	opinions	🤮	/ˈhɒrɪbəl/	kinh khủng, khó chịu	very bad or unpleasant	The food was horrible.	awful, terrible
horror	adjective	film_tv	👻	/ˈhɒrə/	(phim) kinh dị	a type of film that makes people afraid	I don't like horror films.	—
hotel	noun	holidays	🏨	/həʊˈtel/	khách sạn	a building where you pay to sleep and eat	We stayed in a nice hotel.	—
hour	noun	time_of_day	⏱️	/ˈaʊə/	giờ, tiếng đồng hồ	sixty minutes	The film is two hours long.	—
housewife	noun	jobs	🧺	/ˈhaʊswaɪf/	người nội trợ	a woman who looks after the home and family	My grandmother was a housewife.	homemaker
however	adverb	linking	↩️	/ˌhaʊˈevə/	tuy nhiên	but	It was raining. However, we went out.	but
hurry	verb	verbs_action	🏃	/ˈhʌri/	vội vàng	to move or do things quickly	Hurry up! We're late.	rush
husband	noun	family_members	🤵	/ˈhʌzbənd/	chồng	the man a woman is married to	Her husband is a doctor.	—
ID card	noun	stations	🪪	/ˌaɪ ˈdiː kɑːd/	chứng minh thư, thẻ căn cước	a card with your name and photo that shows who you are	Please show your ID card.	identity card
identification	noun	stations	🪪	/aɪˌdentɪfɪˈkeɪʃən/	giấy tờ tuỳ thân	a document that shows who you are	You need identification to open a bank account.	ID
immediately	adverb	frequency	⚡	/ɪˈmiːdiətli/	ngay lập tức	now, without waiting	Call the doctor immediately.	at once, right away
important	adjective	good_bad	❗	/ɪmˈpɔːtənt/	quan trọng	having great value or effect	It's important to eat well.	—
impossible	adjective	good_bad	🚫	/ɪmˈpɒsɪbəl/	không thể	not able to happen or be done	It's impossible to finish this today.	—
improve	verb	learning	📈	/ɪmˈpruːv/	cải thiện	to make or become better	I want to improve my English.	get better
include	verb	verbs_have	📦	/ɪnˈkluːd/	bao gồm	to have as a part	The price includes breakfast.	contain
indoor	adjective	competition	🏟️	/ˈɪndɔː/	trong nhà	done or used inside a building	There's an indoor pool at the hotel.	—
indoors	adverb	rooms	🏠	/ˌɪnˈdɔːz/	ở trong nhà	in or into a building	We stayed indoors because of the rain.	inside
information	noun	internet	ℹ️	/ˌɪnfəˈmeɪʃən/	thông tin	facts about something	For more information, visit our website.	details
ingredient	noun	cooking	🧂	/ɪnˈɡriːdiənt/	nguyên liệu (nấu ăn)	one of the foods you use to make a dish	What are the ingredients for this cake?	—
insect	noun	small_sea	🐞	/ˈɪnsekt/	côn trùng	a small animal with six legs	Ants and bees are insects.	bug
instead	adverb	linking	🔄	/ɪnˈsted/	thay vào đó	in the place of something else	There's no tea, so I'll have coffee instead.	—
instructions	noun	learning	📋	/ɪnˈstrʌkʃənz/	hướng dẫn	information about how to do something	Read the instructions carefully.	directions
instrument	noun	music	🎺	/ˈɪnstrəmənt/	nhạc cụ	an object used for making music	Do you play an instrument?	—
interested	adjective	feelings_good	🧐	/ˈɪntrəstɪd/	quan tâm, thích thú	wanting to know more about something	I'm interested in science.	—
interesting	adjective	opinions	💡	/ˈɪntrəstɪŋ/	thú vị	making you want to know more	This is an interesting book.	—
international	adjective	countries	🌐	/ˌɪntəˈnæʃənəl/	quốc tế	between different countries	It's an international school.	global
invent	verb	workplace	💡	/ɪnˈvent/	phát minh	to make something new that did not exist before	Who invented the telephone?	create
invention	noun	workplace	⚙️	/ɪnˈvenʃən/	phát minh	something new that someone has made	The computer is a wonderful invention.	—
invitation	noun	friends_events	💌	/ˌɪnvɪˈteɪʃən/	lời mời, thiệp mời	a request to come to an event	Thank you for the invitation.	—
jam	noun	sweets	🍓	/dʒæm/	mứt	a sweet food made from fruit and sugar	I like strawberry jam.	—
January	noun	calendar	⛄	/ˈdʒænjuəri/	tháng Một	the first month of the year	School starts again in January.	—
jazz	noun	music	🎷	/dʒæz/	nhạc jazz	a type of music with strong rhythms, from the USA	My dad listens to jazz.	—
job	noun	workplace	💼	/dʒɒb/	công việc	the work you do to get money	She has a job in a hospital.	work
join	verb	free_time	🤝	/dʒɔɪn/	tham gia	to become a member of a group	I want to join the football club.	—
journalist	noun	jobs	📰	/ˈdʒɜːnəlɪst/	nhà báo	a person who writes news for newspapers, TV, etc.	She's a journalist for the BBC.	reporter
journey	noun	holidays	🛤️	/ˈdʒɜːni/	chuyến đi, hành trình	travelling from one place to another	The journey takes three hours.	trip
July	noun	calendar	🏖️	/dʒuˈlaɪ/	tháng Bảy	the seventh month of the year	We're going to Spain in July.	—
jumper	noun	clothes	🧶	/ˈdʒʌmpə/	áo len	a warm piece of clothing for the top of your body	Put on your jumper.	sweater
June	noun	calendar	🌻	/dʒuːn/	tháng Sáu	the sixth month of the year	The exams are in June.	—
just	adverb	manner	⏱️	/dʒʌst/	vừa mới; chỉ	a very short time ago; only	I've just arrived. / It's just a game.	only
keep	verb	verbs_have	🗄️	/kiːp/	giữ	to have something and not give it back	You can keep the book.	—
key	noun	appliances	🔑	/kiː/	chìa khoá	a piece of metal used to open a lock	I can't find my keys.	—
kind	adjective	personality	🤗	/kaɪnd/	tốt bụng	nice and helpful to others	It's very kind of you.	nice, friendly
kind	noun	kinds	🗂️	/kaɪnd/	loại	a type or sort	What kind of music do you like?	type, sort
king	noun	appearance	🤴	/kɪŋ/	nhà vua	a man who rules a country	The king lived in a big castle.	—
kiss	verb, noun	friends_events	💋	/kɪs/	hôn; nụ hôn	to touch someone with your lips	She kissed her baby goodnight.	—
kit	noun	competition	🎽	/kɪt/	bộ đồ, bộ dụng cụ (thể thao)	clothes and equipment for a sport	Don't forget your football kit.	—
kitten	noun	wild_animals	🐈	/ˈkɪtən/	mèo con	a young cat	Our cat had four kittens.	—
knife	noun	meals	🔪	/naɪf/	con dao	a tool for cutting	Cut the bread with a knife.	—
language	noun	subjects	🗣️	/ˈlæŋɡwɪdʒ/	ngôn ngữ	the words people use to speak and write	How many languages do you speak?	—
large	adjective	size	🐘	/lɑːdʒ/	lớn	big	Can I have a large coffee?	big
late	adjective, adverb	time_of_day	⌛	/leɪt/	muộn, trễ	after the usual or expected time	Sorry I'm late.	—
later	adverb	when	🔜	/ˈleɪtə/	sau đó, lát nữa	after now	See you later!	afterwards
latest	adjective	internet	🆕	/ˈleɪtɪst/	mới nhất	the newest	Have you seen her latest film?	newest
lazy	adjective	personality	🦥	/ˈleɪzi/	lười biếng	not wanting to work or do anything	Don't be lazy — help me clean!	—
least	adverb	qualities	🔻	/liːst/	ít nhất	less than anything else	This is the least expensive phone.	—
leather	noun, adjective	colours	👞	/ˈleðə/	da thuộc	the skin of animals used to make shoes, bags, etc.	He has a leather jacket.	—
leave	verb	verbs_action	🚪	/liːv/	rời đi; để lại	to go away from a place; to let something stay	I leave home at eight. / Leave your bag here.	go, depart
left	adjective, adverb, noun	directions	⬅️	/left/	bên trái	the side of your body where your heart is	Turn left at the corner.	—
left-hand	adjective	directions	⬅️	/ˌleftˈhænd/	phía bên tay trái	on the left	The bank is on the left-hand side.	—
lend	verb	verbs_have	🤝	/lend/	cho mượn	to give something to someone for a short time	Can you lend me your pen?	—
length	noun	numbers	📏	/leŋθ/	chiều dài	how long something is	What's the length of the room?	—
let	verb	verbs_do	✅	/let/	để cho, cho phép	to allow	Let me help you.	allow
level	noun	school_life	📶	/ˈlevəl/	trình độ, cấp độ	how good someone is at something	What level of English are you?	—
licence	noun	stations	🪪	/ˈlaɪsəns/	giấy phép, bằng lái	an official document that allows you to do something	Do you have a driving licence?	permit
lie down	phrasal verb	phrasal	🛌	/ˌlaɪ ˈdaʊn/	nằm xuống	to put your body flat on a bed or the floor	I'm tired. I need to lie down.	—
life	noun	world	🌱	/laɪf/	cuộc sống, sự sống	the time you are alive; the way you live	She had a happy life.	—
light	adjective	size	🪶	/laɪt/	nhẹ; (màu) nhạt	not heavy; pale	This bag is very light.	—
light	noun	appliances	💡	/laɪt/	ánh sáng; đèn	what makes things possible to see; a lamp	Turn off the light, please.	lamp
link	noun	internet	🔗	/lɪŋk/	đường liên kết	a word or picture you click to go to another web page	Click on this link.	—
list	noun	reading_writing	📝	/lɪst/	danh sách	words or names written one below the other	I made a shopping list.	—
local	adjective	streets	📍	/ˈləʊkəl/	địa phương	from or in the area near you	I buy fruit at the local market.	nearby
look after	phrasal verb	phrasal	🤱	/ˌlʊk ˈɑːftə/	chăm sóc	to take care of someone or something	Can you look after my cat?	take care of
look out	phrasal verb	phrasal	⚠️	/ˌlʊk ˈaʊt/	coi chừng, cẩn thận	used to warn someone of danger	Look out! A car is coming!	watch out
lost	adjective	directions	🗺️	/lɒst/	bị lạc; bị mất	not able to find your way	We got lost in the old town.	—
lovely	adjective	opinions	🥰	/ˈlʌvli/	đáng yêu, dễ chịu	very nice	What a lovely day!	beautiful, nice
low	adjective	size	⬇️	/ləʊ/	thấp	not high	The chair is too low.	—
luck	noun	feelings_good	🍀	/lʌk/	may mắn	good things that happen by chance	Good luck in your exam!	fortune
luckily	adverb	linking	🍀	/ˈlʌkɪli/	thật may là	by good luck	Luckily, nobody was hurt.	fortunately
lucky	adjective	feelings_good	🍀	/ˈlʌki/	may mắn	having good luck	You're lucky to have such good friends.	fortunate
luggage	noun	stations	🧳	/ˈlʌɡɪdʒ/	hành lí	the bags you take when you travel	How much luggage do you have?	baggage
lunchtime	noun	time_of_day	🕛	/ˈlʌntʃtaɪm/	giờ ăn trưa	the time when people have lunch	I'll see you at lunchtime.	—
mad	adjective	feelings_bad	😡	/mæd/	điên; tức giận	crazy; very angry	My mum was mad at me.	angry, crazy
magazine	noun	news	📖	/ˌmæɡəˈziːn/	tạp chí	a thin book with pictures that comes out every week or month	I read a fashion magazine.	—
mail	noun	messages	📬	/meɪl/	thư từ	letters and packages sent by post	Has the mail arrived?	post
main course	noun	meals	🍽️	/ˌmeɪn ˈkɔːs/	món chính	the biggest part of a meal	For my main course I'll have fish.	—
make sure	verb	verbs_think	✔️	/ˌmeɪk ˈʃɔː/	đảm bảo, chắc chắn	to check that something is true or done	Make sure you lock the door.	check
make-up	noun	accessories	💄	/ˈmeɪkʌp/	đồ trang điểm	colours people put on their face	She doesn't wear much make-up.	cosmetics
manager	noun	workplace	👔	/ˈmænɪdʒə/	người quản lí	a person in charge of a business or team	I'd like to speak to the manager.	boss
March	noun	calendar	🌱	/mɑːtʃ/	tháng Ba	the third month of the year	Spring starts in March.	—
married	adjective	friends_events	💍	/ˈmærid/	đã kết hôn	having a husband or wife	Are you married?	—
match	noun	competition	🏟️	/mætʃ/	trận đấu	a sports game between two teams or players	Did you watch the football match?	game
maybe	adverb	linking	🤷	/ˈmeɪbi/	có lẽ	perhaps	Maybe it will rain tomorrow.	perhaps
meal	noun	meals	🍽️	/miːl/	bữa ăn	food eaten at one time, like breakfast or dinner	We had a nice meal at the restaurant.	—
mechanic	noun	jobs	🔧	/mɪˈkænɪk/	thợ máy	a person whose job is to repair cars	The mechanic fixed my car.	—
medicine	noun	health	💊	/ˈmedɪsɪn/	thuốc	something you take when you are ill	Take this medicine twice a day.	drug
meet	verb	friends_events	🤝	/miːt/	gặp	to come together with someone	Nice to meet you.	—
meeting	noun	workplace	🗓️	/ˈmiːtɪŋ/	cuộc họp	an event where people meet to talk	I have a meeting at ten.	—
melon	noun	fruit_veg	🍈	/ˈmelən/	quả dưa	a large round fruit with a hard skin	I had a slice of melon.	—
member	noun	free_time	🪪	/ˈmembə/	thành viên	a person who belongs to a group	I'm a member of the tennis club.	—
memory	noun	feelings_good	💭	/ˈmeməri/	trí nhớ; kỉ niệm	the ability to remember, or something you remember	I have happy memories of that holiday.	—
menu	noun	meals	📜	/ˈmenjuː/	thực đơn	a list of food in a restaurant	Can I see the menu, please?	—
metal	noun, adjective	appliances	🔩	/ˈmetəl/	kim loại	a hard material like iron or gold	The table is made of metal.	—
microphone	noun	devices	🎤	/ˈmaɪkrəfəʊn/	micrô	a device that makes your voice louder or records it	Speak into the microphone.	mic
midday	noun	time_of_day	🕛	/ˌmɪdˈdeɪ/	giữa trưa	twelve o'clock in the day	We have lunch at midday.	noon
middle	noun	size	🎯	/ˈmɪdəl/	giữa	the centre part of something	There's a table in the middle of the room.	centre
midnight	noun	time_of_day	🌃	/ˈmɪdnaɪt/	nửa đêm	twelve o'clock at night	I went to bed at midnight.	—
mile	noun	numbers	🛣️	/maɪl/	dặm (khoảng 1,6 km)	a unit for measuring distance	The beach is two miles from here.	—
million	number	numbers	💯	/ˈmɪljən/	một triệu	1,000,000	The city has ten million people.	—
mind	verb	feelings_bad	🙆	/maɪnd/	phiền, bận tâm	to be unhappy about something	Do you mind if I open the window?	—
mineral water	noun	meals	💧	/ˈmɪnərəl wɔːtə/	nước khoáng	water from under the ground, sold in bottles	A bottle of mineral water, please.	—
minute	noun	time_of_day	⏲️	/ˈmɪnɪt/	phút	sixty seconds	Wait a minute!	—
miss	verb	verbs_have	😢	/mɪs/	lỡ (xe); nhớ (ai)	to be too late for something; to feel sad without someone	I missed the bus. / I miss you.	—
missing	adjective	good_bad	❓	/ˈmɪsɪŋ/	bị mất, thất lạc	not in the usual place	My cat is missing.	lost
mix	verb	cooking	🥄	/mɪks/	trộn	to put things together and stir them	Mix the eggs with the sugar.	—
mobile phone	noun	devices	📱	/ˌməʊbaɪl ˈfəʊn/	điện thoại di động	a phone you can carry with you	Can I use your mobile phone?	mobile, cell phone
modern	adjective	qualities	🏙️	/ˈmɒdən/	hiện đại	new and using the latest ideas	They live in a modern flat.	up to date
moment	noun	time_of_day	⏳	/ˈməʊmənt/	khoảnh khắc, chốc lát	a very short time	Wait a moment, please.	minute
money	noun	money	💰	/ˈmʌni/	tiền	coins and notes you use to buy things	I don't have much money.	cash
month	noun	when	🗓️	/mʌnθ/	tháng	one of the twelve parts of a year	I'll see you next month.	—
monthly	adjective, adverb	when	🗓️	/ˈmʌnθli/	hằng tháng	happening every month	I pay my phone bill monthly.	—
motorway	noun	directions	🛣️	/ˈməʊtəweɪ/	đường cao tốc	a wide road for fast travel between cities	We drove to London on the motorway.	highway
mug	noun	meals	☕	/mʌɡ/	cốc (có quai)	a large cup with straight sides	I drink tea from a big mug.	cup
museum	noun	buildings	🏛️	/mjuːˈziːəm/	bảo tàng	a building where you can see old or interesting things	We visited the history museum.	—
mushroom	noun	fruit_veg	🍄	/ˈmʌʃruːm/	nấm	a small plant with a round top that you can eat	I'd like a mushroom pizza.	—
musical	adjective	music	🎼	/ˈmjuːzɪkəl/	thuộc âm nhạc	about music, or good at music	Do you play a musical instrument?	—
musician	noun	music	🎹	/mjuːˈzɪʃən/	nhạc sĩ, nhạc công	a person who plays music	My uncle is a musician.	—
national	adjective	countries	🏳️	/ˈnæʃənəl/	thuộc quốc gia	of a whole country	Pho is Vietnam's national dish.	—
nationality	noun	countries	🌏	/ˌnæʃəˈnæləti/	quốc tịch	the country you belong to	What nationality are you?	—
natural	adjective	world	🍃	/ˈnætʃərəl/	tự nhiên	not made by people	This juice has only natural ingredients.	—
nature	noun	world	🌿	/ˈneɪtʃə/	thiên nhiên	plants, animals and the world not made by people	I love walking in nature.	—
nearly	adverb	manner	🔜	/ˈnɪəli/	gần như, suýt	almost	It's nearly midnight.	almost
necklace	noun	accessories	📿	/ˈneklɪs/	vòng cổ	jewellery you wear around your neck	He gave her a silver necklace.	—
neighbour	noun	friends_events	🏘️	/ˈneɪbə/	hàng xóm	a person who lives near you	Our neighbours are very friendly.	—
nervous	adjective	feelings_bad	😬	/ˈnɜːvəs/	lo lắng, hồi hộp	worried about something that will happen	I'm nervous about the exam.	anxious, worried
nest	noun	small_sea	🪺	/nest/	tổ chim	a home that birds build for their eggs	There is a nest in that tree.	—
news	noun	news	📰	/njuːz/	tin tức	information about recent events	Did you watch the news last night?	—
newspaper	noun	news	🗞️	/ˈnjuːzpeɪpə/	tờ báo	large printed pages with news	My dad reads the newspaper every morning.	paper
next	adjective, adverb	when	⏭️	/nekst/	tiếp theo	coming after this one	See you next week.	following
noisy	adjective	qualities	📢	/ˈnɔɪzi/	ồn ào	making a lot of noise	The classroom is very noisy.	loud
noon	noun	time_of_day	🕛	/nuːn/	buổi trưa (12 giờ)	twelve o'clock in the middle of the day	The shop closes at noon on Saturdays.	midday
normal	adjective	qualities	🙂	/ˈnɔːməl/	bình thường	usual or ordinary	It was a normal day at school.	usual, ordinary
north	noun, adjective, adverb	directions	⬆️	/nɔːθ/	phía bắc	the direction on the left when you face the rising sun	Hanoi is in the north of Vietnam.	—
note	noun, verb	reading_writing	🗒️	/nəʊt/	ghi chú; ghi lại	a short piece of writing to help you remember	I took notes in class.	—
notebook	noun	school_things	📓	/ˈnəʊtbʊk/	quyển vở	a book of empty pages to write in	Write the new words in your notebook.	exercise book
notice	noun	streets	📌	/ˈnəʊtɪs/	thông báo	a piece of paper with information for people to read	Read the notice on the door.	sign
November	noun	calendar	🍁	/nəʊˈvembə/	tháng Mười Một	the eleventh month of the year	It often rains in November.	—
occupation	noun	workplace	💼	/ˌɒkjəˈpeɪʃən/	nghề nghiệp	a job	Write your name and occupation on the form.	job
ocean	noun	landscape	🌊	/ˈəʊʃən/	đại dương	a very large sea	The Pacific is the biggest ocean.	sea
October	noun	calendar	🎃	/ɒkˈtəʊbə/	tháng Mười	the tenth month of the year	Halloween is in October.	—
octopus	noun	small_sea	🐙	/ˈɒktəpəs/	con bạch tuộc	a sea animal with eight long arms	An octopus has eight arms.	—
of course	adverb	linking	👌	/əv ˈkɔːs/	tất nhiên	certainly; yes	"""Can I use your pen?"" ""Of course."""	sure
offer	verb, noun	shops	🤲	/ˈɒfə/	đề nghị, mời; lời mời, ưu đãi	to ask if someone wants something	He offered me a cup of tea.	—
office	noun	workplace	🏢	/ˈɒfɪs/	văn phòng	a room or building where people work at desks	My mum works in an office.	—
oil	noun	sweets	🫒	/ɔɪl/	dầu	a thick liquid used for cooking or in machines	Fry the onions in a little oil.	—
Olympic	adjective	competition	🥇	/əˈlɪmpɪk/	thuộc Thế vận hội	connected to the Olympic Games	She's an Olympic swimmer.	—
omelette	noun	dishes	🍳	/ˈɒmlɪt/	trứng ốp lết, trứng tráng	eggs mixed and fried in a pan	I'd like a cheese omelette.	—
once	adverb	when	1️⃣	/wʌns/	một lần	one time	I go swimming once a week.	—
online	adjective, adverb	internet	🌐	/ˌɒnˈlaɪn/	trực tuyến	on the internet	I buy most things online.	—
opera	noun	music	🎭	/ˈɒpərə/	nhạc kịch, opera	a play where the words are sung	We went to the opera in Vienna.	—
opinion	noun	opinions	💬	/əˈpɪnjən/	ý kiến	what you think about something	What's your opinion of the film?	view
order	verb, noun	meals	🧾	/ˈɔːdə/	gọi món, đặt hàng	to ask for food in a restaurant, or ask a company for goods	Are you ready to order?	—
outdoor	adjective	competition	🏕️	/ˈaʊtdɔː/	ngoài trời	done outside	I love outdoor activities.	—
outdoors	adverb	landscape	🌳	/ˌaʊtˈdɔːz/	ở ngoài trời	outside	We ate outdoors.	outside
oven	noun	appliances	♨️	/ˈʌvən/	lò nướng	a box for cooking food in	Put the cake in the oven.	—
own	adjective	qualities	🏷️	/əʊn/	của riêng	belonging to you	I have my own room.	—
pack	verb	holidays	🧳	/pæk/	đóng gói, xếp đồ	to put things into a bag for a trip	Have you packed your suitcase?	—
pain	noun	health	🤕	/peɪn/	cơn đau	a bad feeling in part of your body	I have a pain in my back.	ache
painter	noun	jobs	🎨	/ˈpeɪntə/	hoạ sĩ; thợ sơn	a person who paints pictures or walls	Van Gogh was a famous painter.	artist
pale	adjective	colours	🩵	/peɪl/	(màu) nhạt; xanh xao	light in colour	She's wearing a pale blue dress.	light
paragraph	noun	reading_writing	📑	/ˈpærəɡrɑːf/	đoạn văn	a part of a text that starts on a new line	Read the first paragraph.	—
partner	noun	family_members	💑	/ˈpɑːtnə/	bạn đời; đối tác	a person you live with or work with	Work with a partner.	—
pass	verb	exams	✅	/pɑːs/	thi đỗ; đưa; đi qua	to succeed in a test; to give; to go past	I passed my exam! / Pass the salt, please.	—
passenger	noun	stations	🧳	/ˈpæsəndʒə/	hành khách	a person travelling in a vehicle	The bus has 40 passengers.	traveller
passport	noun	stations	🛂	/ˈpɑːspɔːt/	hộ chiếu	an official book you need to travel to other countries	Don't forget your passport.	—
password	noun	internet	🔐	/ˈpɑːswɜːd/	mật khẩu	a secret word you use to open a computer or account	I forgot my password.	—
past	noun	time_of_day	⏮️	/pɑːst/	quá khứ; (giờ) hơn	the time before now; after (in times)	It's half past three.	—
path	noun	landscape	🥾	/pɑːθ/	lối đi, đường mòn	a narrow way for walking	Follow the path through the forest.	track
pay	verb	money	💳	/peɪ/	trả tiền	to give money for something	Can I pay by card?	—
PC	noun	devices	🖥️	/ˌpiː ˈsiː/	máy tính cá nhân	a personal computer	I play games on my PC.	computer
pence	noun	money	🪙	/pens/	đồng xu penny (số nhiều)	British money; 100 pence make a pound	It costs 50 pence.	p
pencil case	noun	school_things	🖍️	/ˈpensəl keɪs/	hộp bút	a small bag or box for pens and pencils	My pencil case is full of colours.	—
penfriend	noun	friends_events	✉️	/ˈpenfrend/	bạn qua thư	someone you write to but may never meet	I have a penfriend in England.	pen pal
people	noun	appearance	👥	/ˈpiːpəl/	con người, mọi người	men, women and children	Lots of people came to the concert.	—
pepper	noun	fruit_veg	🫑	/ˈpepə/	hạt tiêu; ớt chuông	a hot spice, or a vegetable	Add salt and pepper.	—
perfect	adjective	good_bad	💯	/ˈpɜːfekt/	hoàn hảo	without any mistakes	Your English is perfect!	—
perform	verb	shows	🎭	/pəˈfɔːm/	biểu diễn	to act, sing or play music for people	The band performed in the park.	play
performance	noun	shows	🎤	/pəˈfɔːməns/	buổi biểu diễn; màn trình diễn	a show of music, acting, etc.	It was a great performance.	show
perfume	noun	shops	🌸	/ˈpɜːfjuːm/	nước hoa	a liquid with a nice smell	She's wearing a lovely perfume.	—
perhaps	adverb	linking	🤷	/pəˈhæps/	có lẽ	maybe	Perhaps we'll go tomorrow.	maybe
petrol	noun	stations	⛽	/ˈpetrəl/	xăng	liquid used as fuel for cars	We need to buy some petrol.	gas
petrol station	noun	stations	⛽	/ˈpetrəl steɪʃən/	trạm xăng	a place where you buy petrol	Stop at the next petrol station.	gas station
pharmacy	noun	buildings	💊	/ˈfɑːməsi/	hiệu thuốc	a shop that sells medicine	Is there a pharmacy near here?	chemist
photographer	noun	jobs	📸	/fəˈtɒɡrəfə/	nhiếp ảnh gia	a person who takes photos, often as a job	She's a wedding photographer.	—
photography	noun	games	📷	/fəˈtɒɡrəfi/	nhiếp ảnh	the hobby or job of taking photos	I'm interested in photography.	—
physics	noun	subjects	⚛️	/ˈfɪzɪks/	môn vật lí	the study of energy, heat, light, etc.	Physics is my hardest subject.	—
piece	noun	size	🧩	/piːs/	miếng, mảnh	a part of something	Can I have a piece of cake?	bit
pillow	noun	furniture	🛏️	/ˈpɪləʊ/	cái gối	a soft thing you put your head on in bed	I need a softer pillow.	cushion
pilot	noun	jobs	🧑‍✈️	/ˈpaɪlət/	phi công	a person who flies a plane	He wants to be a pilot.	—
pity	noun	feelings_bad	😔	/ˈpɪti/	điều đáng tiếc	a feeling of sadness about something	What a pity you can't come!	shame
pizza	noun	dishes	🍕	/ˈpiːtsə/	bánh pizza	a flat round bread with cheese and tomato on top	Let's order a pizza.	—
plan	noun, verb	verbs_think	🗓️	/plæn/	kế hoạch; lên kế hoạch	an idea of what to do in the future	What are your plans for the weekend?	—
plastic	noun, adjective	appliances	🧴	/ˈplæstɪk/	nhựa	a light material made in factories	Try not to use plastic bags.	—
platform	noun	stations	🚉	/ˈplætfɔːm/	sân ga	the place where you get on and off a train	The train leaves from platform 3.	—
pleasant	adjective	opinions	😌	/ˈplezənt/	dễ chịu	nice	We had a pleasant evening.	nice, lovely
pleased	adjective	feelings_good	😊	/pliːzd/	hài lòng	happy	I'm pleased with my test result.	glad, happy
pocket	noun	accessories	👖	/ˈpɒkɪt/	túi (quần áo)	a small bag sewn into clothes	My phone is in my pocket.	—
police	noun	jobs	🚓	/pəˈliːs/	cảnh sát	the people whose job is to stop crime	Call the police!	—
police car	noun	vehicles	🚓	/pəˈliːs kɑː/	xe cảnh sát	a car used by the police	A police car stopped outside.	—
police officer	noun	jobs	👮	/pəˈliːs ɒfɪsə/	viên cảnh sát	a member of the police	The police officer helped us.	policeman, policewoman
police station	noun	buildings	🚔	/pəˈliːs steɪʃən/	đồn cảnh sát	a building where the police work	Where is the police station?	—
polite	adjective	personality	🙇	/pəˈlaɪt/	lịch sự	having good manners	She's always very polite.	—
pond	noun	landscape	🦆	/pɒnd/	cái ao	a small area of water	There are fish in the pond.	pool
poor	adjective	personality	🥺	/pɔː/	nghèo; tội nghiệp	having little money; unlucky	They were poor, but happy.	—
pop	noun	music	🎶	/pɒp/	nhạc pop	modern popular music	I like pop music.	—
popular	adjective	news	🔥	/ˈpɒpjələ/	phổ biến, được yêu thích	liked by many people	Football is very popular in Vietnam.	—
port	noun	stations	⚓	/pɔːt/	cảng	a town or area where ships stop	Hai Phong is a big port.	harbour
possible	adjective	good_bad	✅	/ˈpɒsɪbəl/	có thể	able to happen or be done	Is it possible to visit on Sunday?	—
possibly	adverb	linking	🤔	/ˈpɒsɪbli/	có thể, có lẽ	perhaps	It will possibly rain tomorrow.	perhaps, maybe
post	verb, noun	messages	📮	/pəʊst/	gửi thư; đăng (bài)	to send by mail; to put on social media	I posted the letter yesterday. / She posted a photo online.	—
post office	noun	buildings	🏤	/ˈpəʊst ɒfɪs/	bưu điện	a place where you buy stamps and send letters	I need to go to the post office.	—
postcard	noun	messages	🏞️	/ˈpəʊstkɑːd/	bưu thiếp	a card with a picture that you send by post	Send me a postcard from Paris!	card
pound	noun	money	💷	/paʊnd/	đồng bảng Anh	the money used in the UK	It costs five pounds.	£
prefer	verb	feelings_good	⚖️	/prɪˈfɜː/	thích hơn	to like one thing more than another	I prefer tea to coffee.	—
prepare	verb	verbs_think	🧑‍🍳	/prɪˈpeə/	chuẩn bị	to get something ready	Mum is preparing dinner.	get ready
price	noun	shops	💲	/praɪs/	giá cả	how much money something costs	What's the price of this shirt?	cost
print	verb	devices	🖨️	/prɪnt/	in	to put words or pictures onto paper with a machine	Can you print this document?	—
printer	noun	devices	🖨️	/ˈprɪntə/	máy in	a machine that prints from a computer	The printer has no paper.	—
prize	noun	competition	🏆	/praɪz/	giải thưởng	something you get for winning	She won first prize.	award
probably	adverb	linking	🤔	/ˈprɒbəbli/	có lẽ, có khả năng	almost certainly	It will probably rain later.	likely
problem	noun	good_bad	❗	/ˈprɒbləm/	vấn đề	something that is difficult	I have a problem with my computer.	trouble
program	noun	internet	💾	/ˈprəʊɡræm/	chương trình (máy tính)	software that makes a computer do something	This program helps you edit photos.	app, software
programme	noun	film_tv	📺	/ˈprəʊɡræm/	chương trình (TV, radio)	a show on TV or radio	What's your favourite TV programme?	show
project	noun	learning	📊	/ˈprɒdʒekt/	dự án, đề tài	a piece of work you do over a period of time	We're doing a project on animals.	—
pull	verb	verbs_action	🫸	/pʊl/	kéo	to move something towards you	Pull the door to open it.	—
pupil	noun	school_life	🧒	/ˈpjuːpəl/	học sinh	a child at school	There are 500 pupils in this school.	student
purse	noun	accessories	👛	/pɜːs/	ví (nữ)	a small bag for money	I left my purse at home.	wallet
push	verb	verbs_action	🫷	/pʊʃ/	đẩy	to move something away from you	Push the button.	—
puzzle	noun	games	🧩	/ˈpʌzəl/	trò chơi đố, ghép hình	a game or question that is hard to solve	I love doing puzzles.	—
pyramid	noun	buildings	🔺	/ˈpɪrəmɪd/	kim tự tháp	a large stone building with four sloping sides	We saw the pyramids in Egypt.	—
quarter	noun	time_of_day	🕒	/ˈkwɔːtə/	một phần tư; 15 phút	one of four equal parts; fifteen minutes	It's a quarter past two.	—
queen	noun	appearance	👸	/kwiːn/	nữ hoàng	a woman who rules a country, or the wife of a king	The queen lived in a palace.	—
quickly	adverb	manner	💨	/ˈkwɪkli/	nhanh chóng	fast	She ran quickly to the bus.	fast
quiet	adjective	qualities	🤫	/ˈkwaɪət/	yên tĩnh	making little noise	Please be quiet in the library.	silent
quite	adverb	manner	〽️	/kwaɪt/	khá	fairly	The test was quite easy.	fairly, rather
quiz	noun	games	❔	/kwɪz/	câu đố, cuộc thi đố vui	a game where people answer questions	We had a quiz about animals.	—
race	noun, verb	competition	🏁	/reɪs/	cuộc đua; đua	a competition to see who is fastest	He won the race.	—
racket	noun	competition	🎾	/ˈrækɪt/	vợt	a thing used to hit the ball in tennis or badminton	I need a new tennis racket.	—
railway	noun	stations	🛤️	/ˈreɪlweɪ/	đường sắt	the track that trains go on	The railway goes along the coast.	—
railway station	noun	stations	🚉	/ˈreɪlweɪ steɪʃən/	ga tàu hoả	a place where trains stop	Meet me at the railway station.	train station
raincoat	noun	clothes	🧥	/ˈreɪnkəʊt/	áo mưa	a coat that keeps you dry in the rain	Take your raincoat.	—
rainforest	noun	landscape	🌴	/ˈreɪnfɒrɪst/	rừng mưa nhiệt đới	a thick forest in a hot, wet place	The Amazon is the largest rainforest.	jungle
rap	noun	music	🎤	/ræp/	nhạc rap	music where the words are spoken fast	He writes rap songs.	—
reading	noun	games	📚	/ˈriːdɪŋ/	việc đọc	the activity of reading books	Reading is my favourite hobby.	—
ready	adjective	good_bad	🏁	/ˈredi/	sẵn sàng	prepared	Are you ready to go?	prepared
real	adjective	good_bad	✔️	/rɪəl/	thật	true, not false	Is that a real diamond?	genuine
reason	noun	kinds	💭	/ˈriːzən/	lí do	why something happens	What's the reason for your visit?	cause
receipt	noun	money	🧾	/rɪˈsiːt/	biên lai	a paper that shows you paid for something	Keep your receipt.	—
receive	verb	verbs_have	📨	/rɪˈsiːv/	nhận được	to get something	I received a letter from my aunt.	get
recently	adverb	when	🆕	/ˈriːsəntli/	gần đây	not long ago	I've recently started a new job.	lately
receptionist	noun	jobs	🛎️	/rɪˈsepʃənɪst/	lễ tân	a person who welcomes visitors at a hotel or office	Ask the receptionist for your key.	—
recipe	noun	cooking	📖	/ˈresɪpi/	công thức nấu ăn	instructions for cooking a dish	Can you give me the recipe for this cake?	—
record	verb	music	⏺️	/rɪˈkɔːd/	thu âm, ghi lại	to store sounds or pictures to play later	The band is recording a new album.	—
refrigerator	noun	appliances	🧊	/rɪˈfrɪdʒəreɪtə/	tủ lạnh	a fridge	The milk is in the refrigerator.	fridge
relax	verb	free_time	🧘	/rɪˈlæks/	thư giãn	to rest and become calm	I relax by listening to music.	rest
relaxing	adjective	free_time	🛀	/rɪˈlæksɪŋ/	thư giãn, dễ chịu	making you calm	A hot bath is very relaxing.	calming
remember	verb	verbs_think	🧠	/rɪˈmembə/	nhớ	to keep something in your mind	Do you remember my name?	—
rent	verb	rooms	🏠	/rent/	thuê	to pay money to use something	We rent a flat in the city.	hire
repair	verb	verbs_do	🔧	/rɪˈpeə/	sửa chữa	to fix something broken	Can you repair my watch?	fix, mend
repeat	verb	learning	🔁	/rɪˈpiːt/	lặp lại	to say or do something again	Repeat after me.	—
rest	noun, verb	health	😴	/rest/	sự nghỉ ngơi; nghỉ ngơi	a time of relaxing or sleeping	You should rest for a few days.	—
restaurant	noun	meals	🍴	/ˈrestərɒnt/	nhà hàng	a place where you buy and eat meals	Let's go to a restaurant.	—
return	verb, noun	stations	🔙	/rɪˈtɜːn/	trở về; vé khứ hồi	to go back; a ticket to go and come back	A return ticket to London, please.	—
review	noun	news	⭐	/rɪˈvjuː/	bài đánh giá, bài phê bình	a piece of writing giving an opinion of a film, book, etc.	The film got good reviews.	—
rich	adjective	personality	🤑	/rɪtʃ/	giàu	having a lot of money	He's a rich businessman.	wealthy
riding	noun	exercise	🏇	/ˈraɪdɪŋ/	môn cưỡi ngựa	the sport of riding horses	She goes riding every weekend.	horse riding
ring	noun, verb	accessories	💍	/rɪŋ/	chiếc nhẫn; gọi điện, reo	jewellery for your finger; to phone	She has a gold ring. / I'll ring you later.	—
roast	verb, adjective	cooking	🍗	/rəʊst/	quay, nướng (lò)	to cook meat or vegetables in an oven	We had roast chicken.	—
roundabout	noun	directions	🔄	/ˈraʊndəbaʊt/	vòng xuyến	a place where roads meet and cars go round in a circle	Turn left at the roundabout.	—
rubbish	noun	appliances	🗑️	/ˈrʌbɪʃ/	rác	things you throw away	Take the rubbish out, please.	trash, garbage
rucksack	noun	accessories	🎒	/ˈrʌksæk/	ba lô	a bag you carry on your back	Put your water in your rucksack.	backpack
rugby	noun	competition	🏉	/ˈrʌɡbi/	bóng bầu dục	a game played with an oval ball	Rugby is popular in New Zealand.	—
runner	noun	exercise	🏃‍♀️	/ˈrʌnə/	người chạy, vận động viên chạy	a person who runs	She's a fast runner.	—
running	noun	exercise	👟	/ˈrʌnɪŋ/	môn chạy bộ	the sport of running	Running keeps me fit.	jogging
sailing	noun	water_winter	⛵	/ˈseɪlɪŋ/	môn đua thuyền buồm	the sport of travelling in a boat with sails	I go sailing in the summer.	—
sale	noun	shops	🏷️	/seɪl/	việc bán; đợt giảm giá	selling something; a time when prices are lower	The shoes were in the sale.	—
salt	noun	sweets	🧂	/sɒlt/	muối	a white powder that gives food flavour	Pass the salt, please.	—
save	verb	verbs_have	💾	/seɪv/	tiết kiệm; cứu; lưu	to keep money; to help someone out of danger; to store a file	I'm saving for a new bike.	—
scared	adjective	feelings_bad	😨	/skeəd/	sợ	afraid	I'm scared of spiders.	afraid, frightened
schoolchild	noun	school_life	🎒	/ˈskuːltʃaɪld/	học sinh	a child who goes to school	The museum is full of schoolchildren.	pupil
science	noun	subjects	🔬	/ˈsaɪəns/	khoa học	the study of the natural world	I love science lessons.	—
scientist	noun	jobs	🧑‍🔬	/ˈsaɪəntɪst/	nhà khoa học	a person who works in science	She wants to be a scientist.	—
scissors	noun	school_things	✂️	/ˈsɪzəz/	cái kéo	a tool with two blades for cutting	Cut the paper with scissors.	—
scooter	noun	vehicles	🛵	/ˈskuːtə/	xe tay ga; xe trượt scooter	a small motorbike, or a child's toy with two wheels	He rides a scooter to work.	—
screen	noun	devices	🖥️	/skriːn/	màn hình	the flat surface of a TV or computer	Don't look at the screen for too long.	display
season	noun	calendar	🍂	/ˈsiːzən/	mùa	one of the four parts of a year	Summer is my favourite season.	—
secretary	noun	jobs	🗂️	/ˈsekrətəri/	thư kí	a person who types letters and organizes things in an office	Ask my secretary for an appointment.	assistant
seem	verb	verbs_think	🤨	/siːm/	có vẻ như	to appear to be	She seems happy.	appear, look
selfie	noun	internet	🤳	/ˈselfi/	ảnh tự chụp	a photo you take of yourself	Let's take a selfie!	—
sell	verb	shops	💸	/sel/	bán	to give something for money	They sell fruit at the market.	—
September	noun	calendar	🍁	/sepˈtembə/	tháng Chín	the ninth month of the year	School starts in September.	—
serious	adjective	opinions	😐	/ˈsɪəriəs/	nghiêm túc; nghiêm trọng	not joking; very bad	Are you serious? / It was a serious accident.	—
serve	verb	cooking	🍽️	/sɜːv/	phục vụ; dọn (món)	to give food or drink to someone	Breakfast is served from 7 to 10.	—
set	noun	kinds	🗂️	/set/	bộ	a group of things that belong together	I bought a set of pencils.	—
shame	noun	feelings_bad	😕	/ʃeɪm/	điều đáng tiếc	a pity	What a shame you missed the party!	pity
shampoo	noun, verb	hygiene	🧴	/ʃæmˈpuː/	dầu gội đầu; gội đầu	liquid soap for washing hair	I need to buy some shampoo.	—
share	verb	verbs_have	🤝	/ʃeə/	chia sẻ, dùng chung	to have or use something with others; to post online for others	I share a room with my sister.	—
sheep	noun	wild_animals	🐑	/ʃiːp/	con cừu	a farm animal with thick wool	There are sheep on the hill.	—
sheet	noun	furniture	📄	/ʃiːt/	tấm ga trải giường; tờ (giấy)	a large cloth on a bed; a piece of paper	Change the sheets on the bed.	—
shelf	noun	furniture	🗄️	/ʃelf/	cái kệ, giá	a flat board on a wall for putting things on	Put the books on the shelf.	—
shop assistant	noun	shops	🧑‍💼	/ˈʃɒp əsɪstənt/	nhân viên bán hàng	a person who works in a shop	The shop assistant was very helpful.	—
shopper	noun	shops	🛍️	/ˈʃɒpə/	người đi mua sắm	a person who is shopping	The streets are full of shoppers.	customer
shopping centre	noun	shops	🏬	/ˈʃɒpɪŋ sentə/	trung tâm mua sắm	a large building with many shops	Let's meet at the shopping centre.	mall
shut	verb	verbs_action	🔒	/ʃʌt/	đóng	to close	Shut the door, please.	close
shy	adjective	personality	🙈	/ʃaɪ/	nhút nhát	nervous about meeting people	He's very shy.	—
side	noun	size	◀️	/saɪd/	bên, phía	one of the parts of something	There's a door on the side of the house.	—
sightseeing	noun	holidays	📸	/ˈsaɪtsiːɪŋ/	tham quan	visiting famous places as a tourist	We went sightseeing in Rome.	—
sign	noun	streets	🪧	/saɪn/	biển báo	a board with information or directions	"The sign says ""No parking""."	notice
silver	noun, adjective	colours	🥈	/ˈsɪlvə/	bạc; màu bạc	a shiny grey metal	She has a silver bracelet.	—
similar	adjective	qualities	🟰	/ˈsɪmɪlə/	tương tự	almost the same	Your bag is similar to mine.	alike
simple	adjective	good_bad	🟢	/ˈsɪmpəl/	đơn giản	easy	The instructions are very simple.	easy
singer	noun	music	🎙️	/ˈsɪŋə/	ca sĩ	a person who sings	He's a famous singer.	—
singing	noun	music	🎶	/ˈsɪŋɪŋ/	việc ca hát	the activity of singing	I love singing.	—
single	adjective	stations	1️⃣	/ˈsɪŋɡəl/	đơn; độc thân; (vé) một chiều	for one person; not married; one way	A single ticket to Oxford, please.	—
sink	noun	furniture	🚰	/sɪŋk/	bồn rửa	a place in a kitchen or bathroom where you wash things	Put the dishes in the sink.	basin
sit down	phrasal verb	phrasal	🪑	/ˌsɪt ˈdaʊn/	ngồi xuống	to move so you are sitting	Please sit down.	—
site	noun	internet	🌐	/saɪt/	trang web; địa điểm	a website; a place	This site has lots of free games.	website
sitting room	noun	rooms	🛋️	/ˈsɪtɪŋ ruːm/	phòng khách	living room	We have a TV in the sitting room.	living room
size	noun	clothes	📐	/saɪz/	kích cỡ	how big something is	What size shoes do you wear?	—
skating	noun	water_winter	⛸️	/ˈskeɪtɪŋ/	môn trượt băng	the sport of moving on ice	We went skating in the park.	ice skating
ski	verb	water_winter	⛷️	/skiː/	trượt tuyết	to move over snow on skis	I learned to ski in France.	—
skiing	noun	water_winter	🎿	/ˈskiːɪŋ/	môn trượt tuyết	the sport of moving over snow on skis	We go skiing every winter.	—
skyscraper	noun	buildings	🏙️	/ˈskaɪskreɪpə/	nhà chọc trời	a very tall building	New York has many skyscrapers.	tower
sledge	noun	water_winter	🛷	/sledʒ/	xe trượt tuyết	a vehicle for sliding over snow	The children rode their sledge down the hill.	sled
slice	noun	cooking	🍕	/slaɪs/	lát, miếng	a thin flat piece of food	Can I have a slice of pizza?	piece
slim	adjective	appearance	🧍	/slɪm/	thon thả, mảnh mai	thin in an attractive way	She's tall and slim.	thin
smart	adjective	personality	🎩	/smɑːt/	bảnh bao, lịch sự; thông minh	stylish and neat; clever	You look very smart in that suit.	clever
smoke	verb	hygiene	🚬	/sməʊk/	hút thuốc	to breathe in smoke from a cigarette	My dad doesn't smoke.	—
smoking	noun	hygiene	🚭	/ˈsməʊkɪŋ/	việc hút thuốc	the habit of smoking cigarettes	No smoking in the building.	—
snack	noun	sweets	🍿	/snæk/	đồ ăn vặt	a small amount of food eaten between meals	I have a snack after school.	—
snowball	noun	weather	❄️	/ˈsnəʊbɔːl/	quả cầu tuyết	a ball made of snow	They had a snowball fight.	—
snowboard	noun	water_winter	🏂	/ˈsnəʊbɔːd/	ván trượt tuyết	a board for moving over snow	I rented a snowboard.	—
snowboarding	noun	water_winter	🏂	/ˈsnəʊbɔːdɪŋ/	môn trượt ván tuyết	the sport of moving on snow on a board	Snowboarding is harder than skiing.	—
snowman	noun	weather	⛄	/ˈsnəʊmæn/	người tuyết	a figure made of snow	Let's build a snowman!	—
soap	noun	hygiene	🧼	/səʊp/	xà phòng	a thing you use with water to wash	Wash your hands with soap.	—
social media	noun	internet	📲	/ˈsəʊʃəl miːdiə/	mạng xã hội	websites and apps where people share information	She spends hours on social media.	—
soft	adjective	qualities	☁️	/sɒft/	mềm	not hard	This pillow is very soft.	—
software	noun	internet	💿	/ˈsɒftweə/	phần mềm	programs for computers	You need new software for this.	program
somewhere	adverb	place	📍	/ˈsʌmweə/	đâu đó	in or to a place you don't know or don't say	I left my keys somewhere.	—
soon	adverb	when	🔜	/suːn/	sớm, chẳng bao lâu nữa	in a short time from now	See you soon!	—
sort	noun	kinds	🗂️	/sɔːt/	loại	a type	What sort of films do you like?	kind, type
sound	verb	polite	👂	/saʊnd/	nghe có vẻ	to seem	That sounds great!	—
south	noun, adjective, adverb	directions	⬇️	/saʊθ/	phía nam	the direction opposite north	Ho Chi Minh City is in the south.	—
space	noun	world	🚀	/speɪs/	vũ trụ; không gian, chỗ trống	the area outside the earth; an empty area	I want to travel into space.	—
spare	adjective	qualities	➕	/speə/	dư, dự phòng; rảnh	extra; free	What do you do in your spare time?	extra, free
speak	verb	verbs_think	🗣️	/spiːk/	nói	to say words	Do you speak English?	talk
speaker	noun	devices	🔊	/ˈspiːkə/	loa	a device that sound comes out of	My laptop speakers are very quiet.	—
special	adjective	qualities	⭐	/ˈspeʃəl/	đặc biệt	different from and better than usual	Today is a special day.	—
spelling	noun	reading_writing	🔡	/ˈspelɪŋ/	chính tả	the way a word is spelled	Check your spelling.	—
spend	verb	money	💸	/spend/	tiêu (tiền); dành (thời gian)	to use money or time	I spent a lot of money on clothes.	—
spoon	noun	meals	🥄	/spuːn/	cái thìa	a tool for eating soup or stirring	Can I have a spoon?	—
sports centre	noun	competition	🏟️	/ˈspɔːts sentə/	trung tâm thể thao	a building where you can do sports	I play badminton at the sports centre.	—
spotted	adjective	colours	🐞	/ˈspɒtɪd/	có chấm bi	covered with small round marks	She wore a spotted dress.	dotted
spring	noun	calendar	🌸	/sprɪŋ/	mùa xuân	the season between winter and summer	Flowers grow in spring.	—
stadium	noun	competition	🏟️	/ˈsteɪdiəm/	sân vận động	a big place with seats where people watch sports	The stadium has 40,000 seats.	—
staff	noun	workplace	🧑‍🤝‍🧑	/stɑːf/	nhân viên (tập thể)	the people who work for an organization	The hotel staff were very friendly.	employees
stage	noun	shows	🎭	/steɪdʒ/	sân khấu	the raised area where actors or singers perform	The band came on stage.	—
stairs	noun	rooms	🪜	/steəz/	cầu thang	steps inside a building	Go up the stairs.	steps
stamp	noun	messages	📮	/stæmp/	con tem	a small piece of paper you put on a letter	I need a stamp for this postcard.	—
stay	verb	holidays	🏨	/steɪ/	ở lại, lưu trú	to remain in a place	We stayed at a hotel.	—
steak	noun	dishes	🥩	/steɪk/	bít tết	a thick piece of meat	I'd like a steak, please.	—
steal	verb	verbs_have	🦹	/stiːl/	ăn trộm	to take something that is not yours	Someone stole my bike.	—
still	adverb	frequency	⏳	/stɪl/	vẫn	continuing to happen	Are you still hungry?	—
storm	noun	weather	⛈️	/stɔːm/	cơn bão	very bad weather with strong wind and rain	The storm damaged many houses.	—
strange	adjective	qualities	🤔	/streɪndʒ/	lạ	unusual	I heard a strange noise.	odd, weird
strawberry	noun	fruit_veg	🍓	/ˈstrɔːbəri/	quả dâu tây	a small red fruit	I love strawberries with cream.	—
striped	adjective	colours	🦓	/straɪpt/	có sọc	with stripes	He's wearing a striped shirt.	—
stripes	noun	colours	〰️	/straɪps/	sọc	long thin lines of colour	A zebra has black and white stripes.	lines
student	noun	school_life	🧑‍🎓	/ˈstjuːdənt/	học sinh, sinh viên	a person who is studying	She's a student at Hanoi University.	pupil
studies	noun	school_life	📚	/ˈstʌdiz/	việc học	the work of learning	How are your studies going?	—
study	verb	learning	📖	/ˈstʌdi/	học	to learn about a subject	I study English every day.	learn
stuff	noun	kinds	📦	/stʌf/	đồ đạc, thứ	things	I have lots of stuff in my bag.	things
subject	noun	subjects	📚	/ˈsʌbdʒekt/	môn học	an area of knowledge you study	Maths is my favourite subject.	—
success	noun	workplace	🏆	/səkˈses/	sự thành công	getting what you wanted	The party was a big success.	—
successful	adjective	workplace	🥇	/səkˈsesfəl/	thành công	having success	She's a successful writer.	—
suddenly	adverb	frequency	⚡	/ˈsʌdənli/	đột nhiên	quickly and unexpectedly	Suddenly, the lights went out.	—
sugar	noun	sweets	🍬	/ˈʃʊɡə/	đường	a sweet white food used in drinks and cooking	Do you take sugar in your coffee?	—
suit	noun	clothes	🤵	/suːt/	bộ com-lê	a jacket and trousers or skirt made of the same cloth	He wore a suit to the wedding.	—
suitcase	noun	stations	🧳	/ˈsuːtkeɪs/	va li	a large bag with a handle for clothes when you travel	My suitcase is very heavy.	case
summer	noun	calendar	☀️	/ˈsʌmə/	mùa hè	the warmest season of the year	We go to the beach every summer.	—
sunglasses	noun	accessories	🕶️	/ˈsʌnɡlɑːsɪz/	kính râm	dark glasses you wear in the sun	Don't forget your sunglasses.	—
supper	noun	meals	🍲	/ˈsʌpə/	bữa tối (nhẹ)	a meal eaten in the evening	We have supper at seven.	dinner
suppose	verb	verbs_think	🤔	/səˈpəʊz/	cho rằng, nghĩ rằng	to think something is probably true	I suppose you're right.	guess
sure	adjective	polite	👍	/ʃɔː/	chắc chắn	certain	Are you sure?	certain
surf	verb	water_winter	🏄	/sɜːf/	lướt sóng; lướt web	to ride on waves on a board; to look at websites	We surfed at the beach. / I surfed the internet.	—
surfboard	noun	water_winter	🏄	/ˈsɜːfbɔːd/	ván lướt sóng	a long board used for surfing	He carried his surfboard to the sea.	—
surfing	noun	water_winter	🏄	/ˈsɜːfɪŋ/	môn lướt sóng	the sport of riding waves on a board	Surfing is popular in Australia.	—
surname	noun	appearance	🪪	/ˈsɜːneɪm/	họ	your family name	My surname is Nguyen.	family name, last name
surprise	noun	feelings_good	🎁	/səˈpraɪz/	sự bất ngờ	something unexpected	We had a surprise party for Mum.	—
surprising	adjective	opinions	😯	/səˈpraɪzɪŋ/	đáng ngạc nhiên	unexpected	The result was surprising.	—
swan	noun	small_sea	🦢	/swɒn/	thiên nga	a large white bird with a long neck	There are swans on the lake.	—
swimming	noun	water_winter	🏊‍♀️	/ˈswɪmɪŋ/	môn bơi lội	the sport of swimming	I go swimming twice a week.	—
swing	noun	free_time	🛝	/swɪŋ/	cái xích đu	a seat that hangs from ropes and moves	The kids are playing on the swings.	—
take off	phrasal verb	phrasal	🛫	/ˌteɪk ˈɒf/	cất cánh; cởi ra	to leave the ground; to remove clothes	The plane took off. / Take off your shoes.	remove
take part	verb	phrasal	🙋	/ˌteɪk ˈpɑːt/	tham gia	to join in an activity	I took part in a race.	participate
tasty	adjective	cooking	😋	/ˈteɪsti/	ngon	having a good flavour	This soup is very tasty.	delicious
taxi	noun	vehicles	🚕	/ˈtæksi/	xe taxi	a car you pay to take you somewhere	Let's take a taxi.	cab
team	noun	competition	👥	/tiːm/	đội	a group that plays or works together	Which team do you support?	—
technology	noun	devices	🤖	/tekˈnɒlədʒi/	công nghệ	the use of science to make machines and tools	Technology changes very quickly.	—
teenager	noun	family_members	🧑	/ˈtiːneɪdʒə/	thanh thiếu niên	a person aged 13 to 19	Teenagers love social media.	teen
telephone	noun, verb	devices	☎️	/ˈtelɪfəʊn/	điện thoại	a phone	The telephone is ringing.	phone
tennis player	noun	competition	🎾	/ˈtenɪs pleɪə/	vận động viên quần vợt	a person who plays tennis	She's a professional tennis player.	—
tent	noun	free_time	⛺	/tent/	cái lều	a shelter made of cloth that you sleep in when camping	We put up the tent by the river.	—
term	noun	school_life	🗓️	/tɜːm/	học kì	one of the periods of the school year	The summer term ends in July.	semester
test	noun	exams	📝	/test/	bài kiểm tra	a set of questions to check what you know	We have a spelling test on Friday.	exam
text message	noun	messages	💬	/ˈtekst mesɪdʒ/	tin nhắn điện thoại	a written message sent by phone	I got a text message from my mum.	text
textbook	noun	school_things	📘	/ˈtekstbʊk/	sách giáo khoa	a book used for studying a subject	Open your textbooks.	coursebook
thank	verb	polite	🙏	/θæŋk/	cảm ơn	to tell someone you are pleased about what they did	I want to thank you for your help.	—
thousand	number	numbers	🔢	/ˈθaʊzənd/	một nghìn	the number 1,000	Thousands of people came to the concert.	—
thunderstorm	noun	weather	⛈️	/ˈθʌndəstɔːm/	cơn giông	a storm with thunder and lightning	There was a big thunderstorm last night.	storm
tidy	adjective, verb	appliances	🧹	/ˈtaɪdi/	gọn gàng; dọn dẹp	neat and in order	Your room is very tidy.	neat
tidy up	verb	phrasal	🧺	/ˌtaɪdi ˈʌp/	dọn dẹp	to make a place neat	Please tidy up your room.	clean up
tie	noun	accessories	👔	/taɪ/	cà vạt	a long piece of cloth worn around the neck with a shirt	He wears a tie to work.	—
tights	noun	clothes	🧦	/taɪts/	quần tất	thin clothing that covers the legs and feet	She's wearing black tights.	—
time	noun	time_of_day	⏰	/taɪm/	thời gian; lần	minutes, hours, days, etc.	What time is it? / I've been there three times.	—
timetable	noun	school_things	🗓️	/ˈtaɪmteɪbəl/	thời gian biểu, lịch trình	a list of times for lessons, trains, etc.	Check the bus timetable.	schedule
title	noun	news	🔠	/ˈtaɪtəl/	tiêu đề	the name of a book, film, etc.	What's the title of the song?	name
toast	noun	dishes	🍞	/təʊst/	bánh mì nướng	bread made brown with heat	I have toast for breakfast.	—
toe	noun	health	🦶	/təʊ/	ngón chân	one of the five parts at the end of your foot	I hurt my toe.	—
together	adverb	manner	🤝	/təˈɡeðə/	cùng nhau	with each other	Let's go together.	—
tomorrow	noun, adverb	time_of_day	📅	/təˈmɒrəʊ/	ngày mai	the day after today	See you tomorrow!	—
tonight	noun, adverb	time_of_day	🌙	/təˈnaɪt/	tối nay	this evening or night	What are you doing tonight?	—
topic	noun	learning	🗂️	/ˈtɒpɪk/	chủ đề	a subject you talk or write about	Today's topic is the environment.	subject
tortoise	noun	wild_animals	🐢	/ˈtɔːtəs/	con rùa (cạn)	a slow animal with a hard shell	Tortoises can live for 100 years.	—
total	adjective, noun	money	🧮	/ˈtəʊtəl/	tổng cộng	the whole amount	The total cost is 50 dollars.	—
tour	noun	holidays	🚌	/tʊə/	chuyến tham quan	a visit to see places or a building	We went on a tour of the city.	trip
tour guide	noun	holidays	🧑‍🏫	/ˈtʊə ɡaɪd/	hướng dẫn viên du lịch	a person who shows tourists around	Our tour guide spoke three languages.	guide
tourist	noun	holidays	📸	/ˈtʊərɪst/	khách du lịch	a person who visits a place on holiday	Hoi An is full of tourists.	visitor
tourist information centre	noun	holidays	ℹ️	/ˈtʊərɪst ɪnfəmeɪʃən sentə/	trung tâm thông tin du lịch	an office that helps tourists	Ask at the tourist information centre.	—
traffic	noun	directions	🚦	/ˈtræfɪk/	giao thông, xe cộ	cars, buses, etc. on a road	There's a lot of traffic this morning.	—
traffic light	noun	directions	🚦	/ˈtræfɪk laɪt/	đèn giao thông	lights that tell cars when to stop and go	Stop at the traffic light.	—
training	noun	exercise	🏃	/ˈtreɪnɪŋ/	sự luyện tập	practice for a sport or job	Football training is on Tuesday.	practice
tram	noun	vehicles	🚋	/træm/	tàu điện	an electric vehicle that runs on rails in the street	You can take the tram to the city centre.	—
transport	noun	vehicles	🚇	/ˈtrænspɔːt/	phương tiện giao thông	ways of travelling, like buses and trains	Public transport here is cheap.	—
trouble	noun	good_bad	😣	/ˈtrʌbəl/	rắc rối	problems	I had trouble finding the hotel.	problem
true	adjective	good_bad	✅	/truː/	đúng, có thật	correct, not false	Is it true that you're moving?	—
try on	phrasal verb	phrasal	👗	/ˌtraɪ ˈɒn/	mặc thử	to put on clothes to see if they fit	Can I try on these jeans?	—
tune	noun	music	🎼	/tjuːn/	giai điệu	a series of musical notes	I can't get this tune out of my head.	melody
turn	verb	verbs_action	↪️	/tɜːn/	rẽ, quay	to move in a different direction	Turn left at the bank.	—
turn off	phrasal verb	phrasal	📴	/ˌtɜːn ˈɒf/	tắt	to stop a machine or light working	Turn off the TV.	switch off
turn on	phrasal verb	phrasal	🔛	/ˌtɜːn ˈɒn/	bật	to start a machine or light working	Turn on the light, please.	switch on
twice	adverb	when	2️⃣	/twaɪs/	hai lần	two times	I go to the gym twice a week.	—
type	noun	kinds	🗂️	/taɪp/	loại, kiểu	a kind or sort	What type of music do you like?	kind, sort
umbrella	noun	accessories	☂️	/ʌmˈbrelə/	cái ô	a thing you hold over your head in the rain	Take an umbrella.	—
underground	noun	vehicles	🚇	/ˈʌndəɡraʊnd/	tàu điện ngầm	a railway under a city	Take the underground to Oxford Street.	subway, metro
understand	verb	learning	💡	/ˌʌndəˈstænd/	hiểu	to know what something means	I don't understand this question.	—
unfortunately	adverb	linking	😞	/ʌnˈfɔːtʃənətli/	không may là	sadly	Unfortunately, it rained all day.	sadly
unhappy	adjective	feelings_bad	☹️	/ʌnˈhæpi/	không vui	sad	She looks unhappy.	sad
uniform	noun	clothes	🥋	/ˈjuːnɪfɔːm/	đồng phục	special clothes worn by students or workers	We wear a uniform at school.	—
university	noun	school_life	🎓	/ˌjuːnɪˈvɜːsəti/	trường đại học	a place where people study for a degree	My sister is at university.	college
unusual	adjective	qualities	🦄	/ʌnˈjuːʒuəl/	khác thường	not usual	That's an unusual name.	strange
upload	verb	internet	⬆️	/ˌʌpˈləʊd/	tải lên	to send a file from your computer to the internet	I uploaded my photos.	—
upset	adjective	feelings_bad	😞	/ʌpˈset/	buồn bực, khó chịu	unhappy or worried	She was upset about her exam results.	sad
upstairs	adverb	rooms	⬆️	/ʌpˈsteəz/	ở tầng trên	on or to a higher floor	My bedroom is upstairs.	—
use	verb	verbs_have	🛠️	/juːz/	sử dụng	to do something with a tool or thing	Can I use your phone?	—
useful	adjective	good_bad	🧰	/ˈjuːsfəl/	hữu ích	helpful	This app is very useful.	helpful
usual	adjective	qualities	🔁	/ˈjuːʒuəl/	thông thường	normal; happening most often	I'll meet you at the usual place.	normal
usually	adverb	frequency	🔁	/ˈjuːʒuəli/	thường thường	most of the time	I usually get up at seven.	normally
variety	noun	kinds	🌈	/vəˈraɪəti/	sự đa dạng	many different kinds of things	The shop sells a variety of fruit.	range
various	adjective	kinds	🎨	/ˈveəriəs/	khác nhau, đa dạng	several different	We visited various countries.	different
video game	noun	games	🎮	/ˈvɪdiəʊ ɡeɪm/	trò chơi điện tử	a game played on a computer or console	My brother plays video games all day.	computer game
view	noun	holidays	🏞️	/vjuː/	quang cảnh; quan điểm	what you can see from a place; an opinion	The view from the hotel is amazing.	—
violin	noun	music	🎻	/ˌvaɪəˈlɪn/	đàn vi-ô-lông	a musical instrument with four strings played with a bow	She plays the violin.	—
visit	verb, noun	holidays	🧳	/ˈvɪzɪt/	thăm; chuyến thăm	to go to see a person or place	I visited my aunt last week.	—
visitor	noun	holidays	🧍	/ˈvɪzɪtə/	khách thăm	a person who visits a place	The museum has many visitors.	guest
vocabulary	noun	reading_writing	🔤	/vəˈkæbjələri/	từ vựng	all the words you know	Reading helps improve your vocabulary.	words
volleyball	noun	competition	🏐	/ˈvɒlibɔːl/	bóng chuyền	a game where teams hit a ball over a high net with their hands	We play volleyball on the beach.	—
waiter	noun	jobs	🤵	/ˈweɪtə/	bồi bàn (nam)	a man who serves food in a restaurant	The waiter brought our food.	server
waitress	noun	jobs	👩‍🍳	/ˈweɪtrəs/	nữ bồi bàn	a woman who serves food in a restaurant	The waitress was very friendly.	server
walking	noun	free_time	🥾	/ˈwɔːkɪŋ/	việc đi bộ	the activity of going for walks	Walking is good exercise.	hiking
wallet	noun	accessories	👛	/ˈwɒlɪt/	ví (tiền)	a small case for money and cards	I lost my wallet.	purse
wardrobe	noun	furniture	🚪	/ˈwɔːdrəʊb/	tủ quần áo	a tall cupboard for clothes	Hang your clothes in the wardrobe.	closet
warm	adjective	weather	🌤️	/wɔːm/	ấm áp	a little hot	It's warm today.	—
wash up	phrasal verb	phrasal	🧽	/ˌwɒʃ ˈʌp/	rửa bát đĩa	to wash plates and cups	Can you help me wash up?	—
washing machine	noun	appliances	🧺	/ˈwɒʃɪŋ məʃiːn/	máy giặt	a machine that washes clothes	Put your clothes in the washing machine.	—
washing-up	noun	appliances	🍽️	/ˌwɒʃɪŋˈʌp/	việc rửa bát	washing plates and cups after a meal	I'll do the washing-up.	dishes
way	noun	directions	🛤️	/weɪ/	đường đi; cách	a route; a method	Is this the way to the station?	—
web	noun	internet	🕸️	/web/	mạng (world wide web)	the internet	I found it on the web.	internet
web page	noun	internet	📄	/ˈweb peɪdʒ/	trang web	a page of information on the internet	The web page won't open.	page
weekday	noun	calendar	🗓️	/ˈwiːkdeɪ/	ngày trong tuần (thứ Hai – thứ Sáu)	any day from Monday to Friday	I get up early on weekdays.	—
weekly	adjective, adverb	when	🗓️	/ˈwiːkli/	hằng tuần	happening every week	We have a weekly meeting.	—
welcome	adjective, exclamation	polite	🤗	/ˈwelkəm/	chào mừng	used to greet someone who has arrived	Welcome to our home!	—
well known	adjective	film_tv	🌟	/ˌwel ˈnəʊn/	nổi tiếng	known by many people	She's a well known writer.	famous
west	noun, adjective, adverb	directions	⬅️	/west/	phía tây	the direction where the sun goes down	The sun sets in the west.	—
wheel	noun	vehicles	🛞	/wiːl/	bánh xe	a round thing that turns to make a vehicle move	A bike has two wheels.	—
whisper	verb	verbs_think	🤫	/ˈwɪspə/	thì thầm	to speak very quietly	She whispered a secret in my ear.	murmur
whistle	verb	music	😗	/ˈwɪsəl/	huýt sáo; thổi còi	to make a high sound through your lips or a whistle	He whistles when he's happy.	—
whole	adjective, noun	size	🍕	/həʊl/	toàn bộ, cả	all of something	I ate the whole pizza!	entire
wide	adjective	size	↔️	/waɪd/	rộng	large from one side to the other	The river is very wide here.	broad
wife	noun	family_members	👰	/waɪf/	vợ	the woman a man is married to	His wife is a teacher.	—
wifi	noun	internet	📶	/ˈwaɪfaɪ/	mạng wifi	a way of connecting to the internet without wires	Is there free wifi in the hotel?	—
wild	adjective	wild_animals	🐺	/waɪld/	hoang dã	living in nature, not with people	We saw wild animals in the forest.	—
wildlife	noun	wild_animals	🦌	/ˈwaɪldlaɪf/	động vật hoang dã	animals and plants living in nature	The park is full of wildlife.	—
win	verb	competition	🏆	/wɪn/	thắng	to be the best in a game or competition	Our team won the match.	—
windsurfing	noun	water_winter	🏄	/ˈwɪndsɜːfɪŋ/	môn lướt ván buồm	the sport of sailing on a board with a sail	I tried windsurfing on holiday.	—
wing	noun	small_sea	🪽	/wɪŋ/	cánh	the part of a bird or plane that it uses to fly	The bird hurt its wing.	—
winner	noun	competition	🏆	/ˈwɪnə/	người chiến thắng	a person who wins	The winner gets a prize.	champion
winter	noun	calendar	❄️	/ˈwɪntə/	mùa đông	the coldest season of the year	It snows in winter.	—
wish	noun	feelings_good	🌠	/wɪʃ/	điều ước; lời chúc	a hope for something	Best wishes for your birthday!	—
wonderful	adjective	opinions	🌈	/ˈwʌndəfəl/	tuyệt vời	very good	We had a wonderful time.	great, fantastic
wood	noun	landscape	🪵	/wʊd/	gỗ; khu rừng nhỏ	the hard material from trees; a small forest	The table is made of wood.	—
wooden	adjective	appliances	🪵	/ˈwʊdən/	bằng gỗ	made of wood	We have a wooden floor.	—
wool	noun	colours	🧶	/wʊl/	len	soft thread from sheep	This jumper is made of wool.	—
work out	phrasal verb	phrasal	🏋️	/ˌwɜːk ˈaʊt/	tập thể dục; tìm ra	to exercise; to find the answer	I work out at the gym. / I can't work out this sum.	exercise, solve
worker	noun	workplace	👷	/ˈwɜːkə/	công nhân, người lao động	a person who works	The factory has 200 workers.	employee
working hours	noun	workplace	🕘	/ˈwɜːkɪŋ aʊəz/	giờ làm việc	the time when people are at work	My working hours are nine to five.	—
worried	adjective	feelings_bad	😟	/ˈwʌrid/	lo lắng	unhappy because you think something bad may happen	I'm worried about my exam.	anxious, nervous
worry	verb	feelings_bad	😰	/ˈwʌri/	lo lắng	to think about problems too much	Don't worry, everything will be OK.	—
write down	phrasal verb	phrasal	📝	/ˌraɪt ˈdaʊn/	ghi lại, chép lại	to write something on paper	Write down the new words.	note down
writer	noun	jobs	✒️	/ˈraɪtə/	nhà văn	a person who writes books or stories	J.K. Rowling is a famous writer.	author
writing	noun	reading_writing	📝	/ˈraɪtɪŋ/	việc viết; chữ viết	the activity of writing	Her writing is very neat.	—
x-ray	noun	health	🩻	/ˈeksreɪ/	phim X-quang	a picture of the inside of your body	The doctor took an x-ray of my arm.	—
yet	adverb	frequency	⌛	/jet/	vẫn chưa; đã… chưa	until now	Have you finished yet? / I haven't eaten yet.	—
yoghurt	noun	sweets	🥛	/ˈjɒɡət/	sữa chua	a thick food made from milk	I have yoghurt with fruit for breakfast.	—
zero	number	numbers	0️⃣	/ˈzɪərəʊ/	số không	0	It's zero degrees outside.	nothing, nil
zoo	noun	buildings	🦁	/zuː/	sở thú	a place where people can see wild animals	We saw lions at the zoo.	—
